age,gender,university,program,year,cgpa,study_hours,attendance,assignment_stress,exam_count,sleep_hours,social_media,physical_activity,part_time_job,screen_time,financial_stress,social_support,stress_q1,stress_q2,stress_q3,stress_q4,stress_q5,stress_q6,stress_q7,stress_q8,stress_q9,stress_q10,academic_life_satisfaction,biggest_stress_reason,thought_break,career_stress,academic_performance,stress_q4_rev,stress_q5_rev,stress_q7_rev,stress_q8_rev,stress_score,stress_level
23-25,Female,Tribhuvan University,BBS,3rd Year,2.5–2.99,Less than 1,Below 60%,4,More than 6,7–8,3–4 hours,Never,Yes,6–8 hours,5,2,5,5,5,1,1,5,2,2,5,5,1,"Working part time and studying at the same time, pressure to become a doctor/engineer like my family expects",Very Often,5,3,5,5,4,4,48,High
17-19,Prefer not to say,Other,MBBS,1st Year,Not Available Yet,3–4,60–70%,2,More than 6,5–6,1–2 hours,5–6 days/week,No,3–5 hours,2,5,3,1,2,3,3,2,5,4,1,2,4,Paying semester fees while living in Kathmandu is hard,Sometimes,1,1,3,3,1,2,20,Low
20-22,Male,Agriculture and Forestry University,Agriculture,1st Year,3.0–3.49,Less than 1,71–80%,5,More than 6,7–8,3–4 hours,1–2 days/week,Yes,More than 8 hours,3,4,3,3,3,3,3,4,2,3,2,3,3,Final year project and internship,Never,4,5,3,3,4,3,31,Moderate
20-22,Female,Tribhuvan University,BDS,3rd Year,Not Available Yet,1–2,81–90%,5,3-4,5–6,Less than 1 hour,Never,No,3–5 hours,2,3,3,3,4,1,1,5,2,2,4,4,3,"Career, tuition fees and hostel expenses",Often,4,3,5,5,4,4,41,High
20-22,Male,Tribhuvan University,BE/B.Tech,3rd Year,2.5–2.99,3–4,71–80%,1,3-4,7–8,Less than 1 hour,1–2 days/week,No,3–5 hours,3,2,2,2,1,4,3,3,4,4,1,1,4,Lack of practical classes and resources,Often,2,3,2,3,2,2,19,Low
20-22,Female,Pokhara University,BSc Nursing,4th Year,3.0–3.49,3–4,81–90%,4,1-2,Less than 5,1–2 hours,1–2 days/week,No,More than 8 hours,4,1,5,3,4,2,1,4,1,3,4,4,2,Career,Sometimes,5,4,4,5,5,3,41,High
17-19,Male,Tribhuvan University,MBBS,1st Year,Not Available Yet,3–4,81–90%,1,3-4,7–8,1–2 hours,5–6 days/week,No,3–5 hours,3,4,2,2,2,5,5,1,5,5,2,1,5,Lack of discipline and too much screen time,Sometimes,2,3,1,1,1,1,14,Low
20-22,Female,Tribhuvan University,BSc CSIT,3rd Year,2.5–2.99,3–4,71–80%,2,5-6,5–6,3–4 hours,Never,No,More than 8 hours,4,1,3,4,3,3,1,4,3,3,4,4,3,Balancing money and education,Often,2,1,3,5,3,3,36,Moderate
20-22,Prefer not to say,Tribhuvan University,BBS,4th Year,3.0–3.49,1–2,60–70%,4,More than 6,5–6,3–4 hours,Never,Yes,6–8 hours,4,2,3,4,4,2,2,4,2,3,4,4,2,Tuition fees and hostel expenses,Often,5,4,4,4,4,3,38,High
20-22,Male,Tribhuvan University,BSc CSIT,2nd Year,3.5–4.0,3–4,71–80%,3,5-6,7–8,5–6 hours,Never,Yes,More than 8 hours,2,4,2,2,2,3,4,2,4,4,2,3,4,Exam routine keeps changing and results come very late,Rarely,4,5,3,2,2,2,22,Low
23-25,Male,Tribhuvan University,BCA,2nd Year,3.0–3.49,Less than 1,71–80%,2,1-2,5–6,3–4 hours,5–6 days/week,No,3–5 hours,2,5,2,2,2,4,3,2,5,5,1,3,3,Frustration ,Rarely,3,4,2,3,1,1,19,Low
23-25,Female,Purbanchal University,BSc Nursing,4th Year,3.0–3.49,3–4,Above 90%,3,3-4,5–6,Less than 1 hour,Never,No,3–5 hours,3,5,2,3,2,3,5,2,4,4,3,2,3,Lack of discipline and too much screen time,Sometimes,4,4,3,1,2,2,22,Low
20-22,Female,Tribhuvan University,BIM,2nd Year,3.0–3.49,3–4,60–70%,5,More than 6,5–6,5–6 hours,1–2 days/week,Yes,More than 8 hours,4,2,5,5,5,1,3,5,1,1,5,3,2,Deadlines,Often,3,3,5,3,5,5,46,High
20-22,Male,Tribhuvan University,Agriculture,4th Year,3.5–4.0,1–2,81–90%,2,More than 6,7–8,Less than 1 hour,1–2 days/week,No,3–5 hours,2,4,1,2,2,5,3,3,4,4,1,2,4,Final year project and internship,Never,3,4,1,3,2,2,19,Low
23-25,Female,Tribhuvan University,BCA,4th Year,2.0–2.49,Less than 1,60–70%,3,5-6,Less than 5,Less than 1 hour,1–2 days/week,Yes,3–5 hours,4,4,2,3,2,2,2,3,4,3,2,3,3,Job ,Sometimes,5,2,4,4,2,3,28,Moderate
17-19,Female,Tribhuvan University,BCA,2nd Year,3.5–4.0,More than 6 hours,Above 90%,4,More than 6,7–8,Less than 1 hour,Never,No,More than 8 hours,4,5,2,4,3,2,3,3,2,3,3,3,3,Nothing much,Sometimes,3,5,4,3,4,3,32,Moderate
20-22,Male,Tribhuvan University,MBBS,3rd Year,2.0–2.49,Less than 1,Below 60%,3,5-6,7–8,1–2 hours,3–4 days/week,Yes,6–8 hours,2,3,2,3,3,3,4,1,3,4,3,1,3,Job market is competitive and many seniors are still unemployed,Rarely,3,3,3,2,3,2,23,Low
Above 25,Prefer not to say,Sudurpaschim University,BCA,4th Year,3.0–3.49,5–6,60–70%,3,3-4,5–6,5–6 hours,3–4 days/week,Yes,More than 8 hours,1,3,3,2,4,3,2,3,4,3,3,2,3,Semester project with weak team members,Sometimes,5,4,3,4,2,3,29,Moderate
17-19,Male,Rajarshi Janak University,BCA,2nd Year,3.0–3.49,3–4,71–80%,2,5-6,5–6,Less than 1 hour,3–4 days/week,Yes,3–5 hours,4,4,1,2,1,3,3,1,4,5,1,2,3,Assignments because multiple deadlines occur at the same time,Never,4,4,3,3,2,1,17,Low
23-25,Male,Purbanchal University,Agriculture,2nd Year,3.0–3.49,1–2,71–80%,4,3-4,Less than 5,3–4 hours,5–6 days/week,No,6–8 hours,4,3,4,3,2,2,3,3,1,1,4,4,3,Multiple assignments ,Very Often,4,3,4,3,5,5,37,High
20-22,Female,Other,MBBS,3rd Year,2.5–2.99,1–2,60–70%,1,3-4,7–8,1–2 hours,3–4 days/week,No,Less than 3 hours,2,3,2,2,2,4,5,1,4,5,1,1,3,Exam routine keeps changing and results come very late,Never,2,3,2,1,2,1,15,Low
Above 25,Male,Kathmandu University,BDS,5th Year,2.5–2.99,3–4,60–70%,2,1-2,5–6,1–2 hours,3–4 days/week,No,6–8 hours,1,3,2,2,1,5,4,2,3,5,3,2,4,Board exams,Sometimes,2,3,1,2,3,1,19,Low
20-22,Female,Kathmandu University,BDS,2nd Year,3.5–4.0,5–6,71–80%,4,1-2,Less than 5,5–6 hours,1–2 days/week,No,6–8 hours,4,1,4,4,5,2,1,5,2,1,5,5,1,Financial pressure ,Sometimes,2,4,4,5,4,5,46,High
23-25,Female,Rajarshi Janak University,Agriculture,4th Year,3.0–3.49,1–2,60–70%,3,3-4,5–6,5–6 hours,3–4 days/week,Yes,More than 8 hours,2,2,2,2,3,3,2,2,3,3,2,1,5,Exams ,Rarely,3,4,3,4,3,3,25,Moderate
20-22,Male,Purbanchal University,BCA,4th Year,2.5–2.99,1–2,60–70%,2,3-4,5–6,Less than 1 hour,Never,Yes,3–5 hours,4,4,2,2,2,3,5,1,2,3,2,3,3,"Career, jobs are very limited in Nepal",Never,3,5,3,1,4,3,23,Low
23-25,Female,Tribhuvan University,BCA,3rd Year,2.5–2.99,3–4,Below 60%,5,3-4,5–6,3–4 hours,3–4 days/week,Yes,6–8 hours,3,2,5,3,4,3,2,4,2,2,4,4,3,Too many assignments and lab reports with the same deadline,Often,5,4,3,4,4,4,39,High
20-22,Male,Kathmandu University,BDS,2nd Year,2.5–2.99,5–6,60–70%,3,5-6,5–6,3–4 hours,Never,No,3–5 hours,3,3,4,4,4,2,3,4,3,3,4,4,2,Project submission deadlines clashing with exams,Rarely,5,2,4,3,3,3,37,High
23-25,Female,Other,BDS,4th Year,2.5–2.99,3–4,81–90%,3,5-6,5–6,5–6 hours,1–2 days/week,Yes,6–8 hours,2,2,3,2,3,2,2,4,4,3,3,3,4,Assignments because multiple deadlines occur at the same time,Very Often,4,3,4,4,2,3,31,Moderate
23-25,Male,Tribhuvan University,BBS,3rd Year,3.0–3.49,3–4,81–90%,3,More than 6,5–6,Less than 1 hour,3–4 days/week,Yes,3–5 hours,2,4,4,3,3,4,3,2,3,3,4,3,3,Future career,Rarely,5,4,2,3,3,3,30,Moderate
20-22,Male,Sudurpaschim University,BBS,4th Year,2.5–2.99,Less than 1,60–70%,3,More than 6,Less than 5,1–2 hours,Never,Yes,3–5 hours,4,3,2,3,3,4,2,3,2,1,5,3,2,Assignments because multiple deadlines occur at the same time,Often,4,4,2,4,4,5,34,Moderate
23-25,Female,Tribhuvan University,BBS,4th Year,3.0–3.49,Less than 1,60–70%,2,5-6,7–8,1–2 hours,5–6 days/week,Yes,More than 8 hours,1,5,2,1,2,4,5,2,3,3,1,2,3,Pressure to go abroad after graduation,Rarely,2,4,2,1,3,3,19,Low
23-25,Female,Kathmandu University,MBBS,3rd Year,2.0–2.49,3–4,60–70%,4,3-4,5–6,5–6 hours,Never,No,More than 8 hours,3,3,4,4,5,2,1,5,3,2,5,3,2,Board exams,Very Often,4,2,4,5,3,4,42,High
20-22,Female,Other,BSc Nursing,2nd Year,3.5–4.0,More than 6 hours,81–90%,3,3-4,5–6,5–6 hours,1–2 days/week,Yes,More than 8 hours,5,2,5,5,3,2,1,5,2,3,4,5,3,"Deadlines, family expectations to get good grades",Very Often,3,4,4,5,4,3,43,High
20-22,Male,Sudurpaschim University,BCA,4th Year,3.0–3.49,1–2,71–80%,4,3-4,7–8,Less than 1 hour,3–4 days/week,No,6–8 hours,2,3,4,4,5,2,3,5,1,1,4,4,1,Financial pressure because my family struggles to pay tuition,Sometimes,5,2,4,3,5,5,43,High
Above 25,Male,Tribhuvan University,BSc CSIT,4th Year,3.0–3.49,5–6,81–90%,3,3-4,5–6,3–4 hours,Never,Yes,3–5 hours,4,1,3,5,4,3,2,5,2,3,5,5,4,Procrastination,Often,3,3,3,4,4,3,41,High
23-25,Female,Tribhuvan University,MBBS,3rd Year,2.5–2.99,3–4,60–70%,4,1-2,5–6,3–4 hours,1–2 days/week,No,More than 8 hours,5,2,5,4,3,1,1,4,1,1,4,5,1,Deadlines,Very Often,4,3,5,5,5,5,45,High
23-25,Female,Other,BDS,4th Year,3.0–3.49,3–4,60–70%,4,More than 6,5–6,5–6 hours,3–4 days/week,Yes,More than 8 hours,3,1,5,3,4,4,2,4,2,1,4,5,3,Pressure to go abroad after graduation,Sometimes,4,4,2,4,4,5,40,High
20-22,Male,Tribhuvan University,BBS,3rd Year,3.5–4.0,5–6,60–70%,1,3-4,More than 8,5–6 hours,3–4 days/week,No,More than 8 hours,3,5,1,1,1,4,3,1,4,4,1,1,5,Frustration ,Rarely,3,5,2,3,2,2,15,Low
20-22,Male,Tribhuvan University,MBBS,1st Year,Not Available Yet,3–4,60–70%,4,5-6,5–6,3–4 hours,Never,Yes,6–8 hours,2,4,2,3,2,4,3,3,2,3,4,3,4,Money,Sometimes,3,3,2,3,4,3,29,Moderate
23-25,Male,Tribhuvan University,BSc CSIT,4th Year,Not Available Yet,3–4,60–70%,3,3-4,7–8,3–4 hours,3–4 days/week,Yes,3–5 hours,4,3,4,5,3,1,1,4,1,2,4,4,2,Career,Sometimes,4,3,5,5,5,4,43,High
17-19,Male,Tribhuvan University,Agriculture,1st Year,Not Available Yet,1–2,71–80%,5,3-4,5–6,5–6 hours,Never,No,More than 8 hours,2,3,4,4,3,2,2,4,1,2,5,4,3,Unsure ,Often,5,3,4,4,5,4,41,High
17-19,Male,Tribhuvan University,BSc CSIT,1st Year,3.0–3.49,3–4,Above 90%,4,1-2,5–6,5–6 hours,Never,Yes,More than 8 hours,4,3,2,4,3,3,3,3,2,3,3,3,3,Unsure about future after graduation,Sometimes,3,2,3,3,4,3,31,Moderate
20-22,Male,Purbanchal University,Law(LLB),3rd Year,3.0–3.49,3–4,71–80%,3,3-4,7–8,1–2 hours,Never,Yes,3–5 hours,3,2,1,3,3,2,4,4,4,2,4,3,3,Maybe,Sometimes,3,4,4,2,2,4,30,Moderate
20-22,Female,Kathmandu University,BDS,5th Year,3.5–4.0,3–4,71–80%,1,5-6,7–8,1–2 hours,1–2 days/week,No,More than 8 hours,3,5,1,3,1,3,4,2,5,4,1,2,5,Assignment ,Never,3,5,3,2,1,2,18,Low
Above 25,Female,Tribhuvan University,BSc CSIT,2nd Year,2.5–2.99,1–2,Below 60%,5,More than 6,7–8,3–4 hours,1–2 days/week,Yes,6–8 hours,5,3,4,5,5,2,2,4,1,1,5,5,2,Financial pressure because my family struggles to pay tuition,Often,4,4,4,4,5,5,46,High
23-25,Female,Kathmandu University,BSc Nursing,3rd Year,3.0–3.49,1–2,81–90%,4,3-4,7–8,More than 6 hours,3–4 days/week,No,6–8 hours,3,1,5,5,4,2,3,4,1,2,4,5,2,"Too many assignments and lab reports with the same deadline, financial pressure because my family struggles to pay tuition",Often,4,3,4,3,5,4,43,High
20-22,Female,Tribhuvan University,BSc Nursing,2nd Year,3.0–3.49,Less than 1,71–80%,2,1-2,7–8,3–4 hours,5–6 days/week,No,6–8 hours,3,4,2,2,2,4,4,2,3,5,2,2,4,Lack of practical classes and resources,Sometimes,4,5,2,2,3,1,20,Low
20-22,Prefer not to say,Tribhuvan University,BCA,4th Year,3.0–3.49,1–2,71–80%,3,5-6,Less than 5,3–4 hours,1–2 days/week,No,6–8 hours,4,1,4,5,5,3,2,3,3,2,5,4,2,Not able to focus because of phone,Often,5,3,3,4,3,4,40,High
Above 25,Female,Pokhara University,BCA,4th Year,3.5–4.0,3–4,71–80%,1,3-4,5–6,1–2 hours,1–2 days/week,Yes,6–8 hours,3,5,3,3,2,5,5,3,4,3,1,3,4,"Career, jobs are very limited in Nepal",Rarely,4,4,1,1,2,3,22,Low
Above 25,Male,Tribhuvan University,BE/B.Tech,4th Year,3.0–3.49,1–2,81–90%,3,3-4,7–8,1–2 hours,1–2 days/week,Yes,6–8 hours,4,3,3,3,3,4,4,2,3,4,3,2,4,Job market is competitive and many seniors are still unemployed,Sometimes,5,3,2,2,3,2,25,Moderate
23-25,Male,Tribhuvan University,BSc CSIT,4th Year,2.5–2.99,Less than 1,71–80%,5,5-6,5–6,5–6 hours,Never,No,6–8 hours,4,2,5,5,5,2,1,5,1,1,5,4,2,Time management,Sometimes,3,3,4,5,5,5,48,High
20-22,Male,Tribhuvan University,BE/B.Tech,2nd Year,3.5–4.0,5–6,60–70%,5,5-6,Less than 5,5–6 hours,Never,No,More than 8 hours,3,4,5,4,4,2,1,4,1,1,5,5,2,Lack of discipline and too much screen time,Very Often,4,4,4,5,5,5,46,High
Above 25,Male,Tribhuvan University,BSc CSIT,3rd Year,3.0–3.49,3–4,71–80%,3,3-4,Less than 5,1–2 hours,1–2 days/week,Yes,6–8 hours,3,1,3,3,3,4,3,2,3,3,4,3,4,"Deadlines, parents compare me with relatives and toppers",Sometimes,2,4,2,3,3,3,29,Moderate
23-25,Female,Agriculture and Forestry University,Agriculture,4th Year,2.5–2.99,3–4,60–70%,5,1-2,Less than 5,More than 6 hours,1–2 days/week,Yes,More than 8 hours,5,3,4,5,4,2,2,4,1,1,5,5,2,Pressure to go abroad after graduation,Very Often,4,3,4,4,5,5,45,High
17-19,Female,Tribhuvan University,BIM,3rd Year,3.0–3.49,1–2,71–80%,3,1-2,7–8,1–2 hours,5–6 days/week,No,6–8 hours,1,2,3,2,1,3,2,2,3,4,2,2,5,Nothing much,Rarely,2,3,3,4,3,2,24,Low
20-22,Female,Purbanchal University,BSc Nursing,4th Year,3.0–3.49,3–4,81–90%,2,5-6,More than 8,1–2 hours,1–2 days/week,No,Less than 3 hours,2,4,2,1,1,3,4,2,5,4,1,1,4,Too many assignments and lab reports with the same deadline,Rarely,4,5,3,2,1,2,16,Low
20-22,Female,Kathmandu University,BSc Nursing,4th Year,2.5–2.99,Less than 1,81–90%,3,5-6,More than 8,1–2 hours,3–4 days/week,No,3–5 hours,2,3,1,1,1,4,4,1,4,5,2,1,3,Lack of practical classes and resources,Never,4,4,2,2,2,1,14,Low
23-25,Female,Tribhuvan University,BCA,1st Year,Not Available Yet,3–4,60–70%,4,3-4,Less than 5,1–2 hours,5–6 days/week,No,3–5 hours,3,2,5,5,4,2,2,5,2,1,4,4,2,Future career concerns because I am unsure about job opportunities,Sometimes,5,2,4,4,4,5,44,High
23-25,Female,Sudurpaschim University,BSc CSIT,2nd Year,3.5–4.0,1–2,71–80%,2,3-4,7–8,3–4 hours,3–4 days/week,Yes,More than 8 hours,4,3,3,2,1,4,3,3,4,4,2,2,3,Balancing money and education,Rarely,3,5,2,3,2,2,22,Low
20-22,Female,Tribhuvan University,BSc CSIT,1st Year,Not Available Yet,5–6,Above 90%,2,5-6,More than 8,Less than 1 hour,3–4 days/week,Yes,Less than 3 hours,5,4,3,2,2,4,3,2,4,4,3,2,3,Project submission deadlines clashing with exams,Sometimes,3,4,2,3,2,2,23,Low
Above 25,Male,Other,BDS,4th Year,3.5–4.0,5–6,71–80%,2,5-6,More than 8,3–4 hours,3–4 days/week,No,6–8 hours,1,3,2,2,1,5,4,1,4,5,1,2,4,Frequent internal exams and practicals,Never,4,4,1,2,2,1,15,Low
20-22,Male,Tribhuvan University,Agriculture,4th Year,2.5–2.99,1–2,60–70%,4,3-4,Less than 5,1–2 hours,1–2 days/week,Yes,6–8 hours,4,1,4,3,2,3,2,3,2,2,4,3,4,Too many assignments and lab reports with the same deadline,Often,4,3,3,4,4,4,34,Moderate
23-25,Female,Pokhara University,BSc Nursing,4th Year,3.0–3.49,3–4,81–90%,3,5-6,More than 8,More than 6 hours,1–2 days/week,Yes,More than 8 hours,4,2,4,4,3,3,2,3,2,2,3,3,2,"Pressure to go abroad after graduation, project submission deadlines clashing with exams",Often,2,3,3,4,4,4,35,Moderate
20-22,Female,Pokhara University,BCA,1st Year,3.5–4.0,3–4,Above 90%,2,More than 6,5–6,Less than 1 hour,Daily,Yes,Less than 3 hours,4,3,1,2,1,5,5,2,3,4,2,1,3,"TU exam pattern, everything depends on final exam",Very Often,3,4,1,1,3,2,16,Low
17-19,Female,Kathmandu University,MBBS,2nd Year,3.0–3.49,1–2,71–80%,3,5-6,More than 8,3–4 hours,Never,No,6–8 hours,3,4,2,1,3,3,3,2,3,4,2,3,4,Unsure ,Rarely,1,5,3,3,3,2,24,Low
20-22,Male,Purbanchal University,BSc Nursing,2nd Year,3.5–4.0,5–6,81–90%,2,3-4,More than 8,5–6 hours,1–2 days/week,No,3–5 hours,1,3,3,3,1,4,4,3,5,3,3,1,4,Financial pressure ,Never,2,4,2,2,1,3,22,Low
23-25,Female,Kathmandu University,MBBS,4th Year,2.0–2.49,3–4,60–70%,4,5-6,Less than 5,3–4 hours,Never,No,3–5 hours,2,4,4,2,3,3,2,4,3,4,3,4,3,Thesis and internship report,Often,3,3,3,4,3,2,32,Moderate
20-22,Female,Agriculture and Forestry University,Agriculture,3rd Year,3.5–4.0,1–2,60–70%,4,3-4,Less than 5,More than 6 hours,3–4 days/week,Yes,More than 8 hours,5,4,3,5,4,2,2,4,1,3,4,3,1,Not able to focus because of phone,Sometimes,4,4,4,4,5,3,39,High
20-22,Female,Tribhuvan University,BCA,2nd Year,3.0–3.49,1–2,71–80%,2,1-2,5–6,3–4 hours,1–2 days/week,Yes,3–5 hours,3,3,3,2,4,3,4,2,3,4,2,2,4,Working part time and studying at the same time,Rarely,3,3,3,2,3,2,25,Moderate
23-25,Female,Purbanchal University,BCA,3rd Year,3.0–3.49,1–2,81–90%,2,3-4,7–8,1–2 hours,1–2 days/week,No,6–8 hours,3,4,1,2,2,4,5,2,5,4,1,1,5,Maybe,Never,3,5,2,1,1,2,15,Low
23-25,Female,Purbanchal University,BCA,3rd Year,3.5–4.0,Less than 1,71–80%,2,3-4,5–6,Less than 1 hour,5–6 days/week,Yes,3–5 hours,1,1,1,1,2,4,5,2,5,5,1,2,3,"Result delays and session delays in university, unsure about future after graduation",Never,1,4,2,1,1,1,14,Low
20-22,Female,Tribhuvan University,BSc Nursing,2nd Year,3.0–3.49,1–2,71–80%,2,More than 6,7–8,1–2 hours,3–4 days/week,Yes,6–8 hours,1,4,1,1,2,5,3,2,5,3,1,2,4,"Exams, strict attendance requirement",Never,3,5,1,3,1,3,17,Low
23-25,Male,Purbanchal University,BCA,4th Year,2.0–2.49,1–2,71–80%,5,5-6,5–6,3–4 hours,1–2 days/week,Yes,3–5 hours,4,3,5,5,5,2,1,4,2,1,5,4,3,Money,Often,5,3,4,5,4,5,46,High
20-22,Male,Sudurpaschim University,BCA,2nd Year,2.5–2.99,1–2,60–70%,4,More than 6,7–8,5–6 hours,1–2 days/week,No,More than 8 hours,3,2,4,4,3,2,3,4,2,3,3,1,4,Capstone projects.,Sometimes,4,3,4,3,4,3,33,Moderate
23-25,Female,Kathmandu University,BSc Nursing,1st Year,2.0–2.49,3–4,60–70%,4,5-6,5–6,5–6 hours,3–4 days/week,Yes,More than 8 hours,2,2,3,3,3,2,2,4,1,3,4,5,3,Strict attendance requirement,Often,3,1,4,4,5,3,38,High
23-25,Prefer not to say,Purbanchal University,BE/B.Tech,4th Year,3.5–4.0,1–2,81–90%,3,5-6,Less than 5,3–4 hours,1–2 days/week,No,6–8 hours,3,2,3,3,3,2,4,3,3,3,2,3,3,Unfair grading in internal marks,Sometimes,2,5,4,2,3,3,29,Moderate
23-25,Female,Tribhuvan University,MBBS,3rd Year,2.0–2.49,3–4,60–70%,4,More than 6,7–8,3–4 hours,1–2 days/week,No,3–5 hours,3,2,4,4,4,2,3,5,3,1,4,4,1,Unsure about future after graduation,Very Often,5,3,4,3,3,5,40,High
23-25,Male,Tribhuvan University,BHM,2nd Year,3.5–4.0,5–6,Above 90%,2,3-4,7–8,Less than 1 hour,5–6 days/week,No,6–8 hours,2,5,1,2,2,5,4,1,5,4,1,2,5,"Balancing money and education, deadlines",Rarely,2,5,1,2,1,2,15,Low
23-25,Female,Tribhuvan University,BHM,4th Year,2.0–2.49,5–6,81–90%,3,5-6,More than 8,More than 6 hours,3–4 days/week,Yes,More than 8 hours,4,2,4,3,4,2,2,5,1,2,3,4,1,Project submission deadlines clashing with exams,Often,5,3,4,4,5,4,40,High
20-22,Female,Rajarshi Janak University,BCA,2nd Year,3.5–4.0,5–6,Above 90%,1,More than 6,5–6,Less than 1 hour,3–4 days/week,Yes,3–5 hours,3,3,1,3,2,5,5,1,5,4,1,2,4,Lack of practical classes and resources,Rarely,3,4,1,1,1,2,15,Low
23-25,Female,Rajarshi Janak University,BBS,4th Year,Not Available Yet,Less than 1,60–70%,3,1-2,5–6,3–4 hours,Never,Yes,6–8 hours,4,3,3,3,3,5,3,4,5,4,2,3,3,Job ,Sometimes,4,3,1,3,1,2,25,Moderate
23-25,Female,Tribhuvan University,BSc CSIT,4th Year,2.0–2.49,3–4,60–70%,5,More than 6,7–8,5–6 hours,5–6 days/week,No,More than 8 hours,3,3,5,3,4,2,2,4,2,2,5,5,3,Financial ,Often,4,2,4,4,4,4,42,High
20-22,Male,Agriculture and Forestry University,Agriculture,4th Year,3.5–4.0,3–4,Above 90%,3,5-6,5–6,1–2 hours,3–4 days/week,Yes,6–8 hours,4,3,3,3,3,4,4,3,3,1,2,2,4,Too many assignments and lab reports with the same deadline,Sometimes,5,5,2,2,3,5,28,Moderate
20-22,Male,Kathmandu University,BE/B.Tech,3rd Year,3.0–3.49,Less than 1,71–80%,3,5-6,5–6,3–4 hours,3–4 days/week,Yes,6–8 hours,3,3,3,3,4,2,2,3,2,4,3,3,3,Procrastination,Very Often,2,4,4,4,4,2,33,Moderate
20-22,Female,Tribhuvan University,Agriculture,2nd Year,3.5–4.0,1–2,81–90%,1,3-4,Less than 5,3–4 hours,3–4 days/week,Yes,More than 8 hours,2,5,2,2,1,4,5,2,4,5,2,1,4,Too many assignments and lab reports with the same deadline,Rarely,4,5,2,1,2,1,16,Low
17-19,Prefer not to say,Sudurpaschim University,BCA,2nd Year,2.0–2.49,3–4,60–70%,4,3-4,Less than 5,More than 6 hours,1–2 days/week,No,More than 8 hours,4,3,5,4,4,2,1,4,1,2,5,4,3,Lack of discipline and too much screen time,Sometimes,4,3,4,5,5,4,44,High
Above 25,Male,Sudurpaschim University,BCA,3rd Year,2.0–2.49,Less than 1,60–70%,4,3-4,5–6,5–6 hours,1–2 days/week,No,More than 8 hours,4,5,4,5,4,2,3,3,2,2,4,4,2,Assignments because multiple deadlines occur at the same time,Very Often,4,1,4,3,4,4,39,High
23-25,Male,Kathmandu University,BDS,5th Year,3.5–4.0,3–4,Above 90%,1,More than 6,5–6,3–4 hours,Never,No,6–8 hours,2,3,1,1,1,4,4,2,3,5,2,1,4,Future ,Rarely,2,4,2,2,3,1,16,Low
23-25,Male,Sudurpaschim University,BSc CSIT,3rd Year,2.0–2.49,Less than 1,60–70%,4,3-4,5–6,5–6 hours,1–2 days/week,No,6–8 hours,4,3,5,5,5,1,1,5,1,1,5,5,1,Project submission deadlines clashing with exams,Very Often,5,2,5,5,5,5,50,High
17-19,Female,Tribhuvan University,BCA,2nd Year,2.5–2.99,1–2,71–80%,1,3-4,More than 8,Less than 1 hour,3–4 days/week,No,3–5 hours,3,4,3,2,2,3,3,2,5,5,1,2,4,Assignment ,Never,4,4,3,3,1,1,20,Low
23-25,Male,Purbanchal University,BE/B.Tech,3rd Year,Below 2.0,1–2,Below 60%,4,More than 6,7–8,3–4 hours,1–2 days/week,No,6–8 hours,4,2,4,4,3,2,2,3,3,1,5,5,1,"Career, jobs are very limited in Nepal",Often,5,2,4,4,3,5,40,High
20-22,Female,Kathmandu University,BE/B.Tech,4th Year,3.0–3.49,3–4,71–80%,3,3-4,5–6,1–2 hours,3–4 days/week,Yes,6–8 hours,4,3,3,3,2,2,3,4,3,4,2,4,5,Not able to focus because of phone,Rarely,5,3,4,3,3,2,30,Moderate
23-25,Male,Tribhuvan University,BSc CSIT,4th Year,2.5–2.99,1–2,60–70%,2,3-4,7–8,Less than 1 hour,3–4 days/week,Yes,Less than 3 hours,4,4,1,1,2,4,5,2,3,4,2,3,3,Outdated syllabus and theory heavy teaching,Rarely,2,4,2,1,3,2,19,Low
20-22,Female,Tribhuvan University,Agriculture,2nd Year,3.0–3.49,3–4,71–80%,2,3-4,More than 8,Less than 1 hour,3–4 days/week,Yes,6–8 hours,2,4,2,1,1,4,5,2,4,4,3,2,5,Unsure ,Never,5,5,2,1,2,2,18,Low
Above 25,Male,Tribhuvan University,BCA,4th Year,2.5–2.99,1–2,60–70%,4,More than 6,5–6,3–4 hours,Daily,No,6–8 hours,5,1,3,4,4,3,3,4,3,3,3,3,2,Lack of practical classes and resources,Sometimes,3,4,3,3,3,3,33,Moderate
23-25,Female,Tribhuvan University,BE/B.Tech,4th Year,3.5–4.0,3–4,71–80%,5,3-4,5–6,3–4 hours,1–2 days/week,Yes,More than 8 hours,4,2,5,5,5,1,1,5,2,1,5,4,2,Result delays and session delays in university,Very Often,5,4,5,5,4,5,48,High
23-25,Male,Kathmandu University,BDS,4th Year,2.5–2.99,3–4,81–90%,3,5-6,5–6,Less than 1 hour,Never,No,3–5 hours,4,3,3,3,4,3,2,2,1,2,3,3,4,Board exams,Often,3,2,3,4,5,4,34,Moderate
23-25,Female,Pokhara University,BE/B.Tech,1st Year,2.5–2.99,1–2,60–70%,2,5-6,More than 8,1–2 hours,Never,Yes,3–5 hours,3,1,2,4,3,2,4,3,4,3,3,4,3,Office hours clash with college time,Often,3,4,4,2,2,3,30,Moderate
Above 25,Female,Madhyapaschim University,BCA,4th Year,3.5–4.0,1–2,71–80%,3,1-2,5–6,5–6 hours,Never,Yes,More than 8 hours,3,3,3,2,4,3,2,4,2,3,3,4,1,Balancing money and education,Sometimes,4,4,3,4,4,3,34,Moderate
20-22,Male,Purbanchal University,BHM,1st Year,Not Available Yet,1–2,60–70%,4,3-4,Less than 5,Less than 1 hour,3–4 days/week,No,3–5 hours,4,4,5,3,4,3,1,4,3,1,5,4,3,Money,Very Often,3,3,3,5,3,5,41,High
20-22,Male,Sudurpaschim University,BCA,4th Year,3.0–3.49,3–4,81–90%,3,More than 6,5–6,3–4 hours,1–2 days/week,No,More than 8 hours,3,4,2,3,3,3,2,3,3,4,3,3,2,Too many assignments and lab reports with the same deadline,Rarely,5,4,3,4,3,2,29,Moderate
20-22,Female,Tribhuvan University,BHM,3rd Year,2.0–2.49,3–4,71–80%,5,1-2,5–6,More than 6 hours,Never,No,More than 8 hours,4,2,5,5,4,1,1,5,1,2,5,5,1,Result delays and session delays in university,Often,4,3,5,5,5,4,48,High
23-25,Prefer not to say,Tribhuvan University,BSc CSIT,4th Year,2.5–2.99,Less than 1,71–80%,1,3-4,7–8,3–4 hours,3–4 days/week,Yes,More than 8 hours,2,3,1,2,2,4,4,2,3,3,2,2,4,Family expectations to get good grades,Never,5,3,2,2,3,3,21,Low
23-25,Male,Tribhuvan University,BSc CSIT,4th Year,3.5–4.0,1–2,Above 90%,2,3-4,More than 8,1–2 hours,1–2 days/week,No,6–8 hours,2,3,1,2,2,5,3,3,4,4,2,1,5,Assignment ,Rarely,3,5,1,3,2,2,19,Low
Above 25,Female,Pokhara University,BHM,4th Year,3.0–3.49,5–6,81–90%,4,5-6,Less than 5,5–6 hours,Never,No,More than 8 hours,4,3,4,5,4,3,3,3,4,2,4,3,2,Project submission deadlines clashing with exams,Sometimes,4,4,3,3,2,4,35,Moderate
20-22,Male,Kathmandu University,BDS,2nd Year,3.5–4.0,5–6,71–80%,2,3-4,7–8,3–4 hours,3–4 days/week,No,6–8 hours,2,3,3,3,4,3,3,4,3,3,4,2,2,Assignment ,Rarely,5,4,3,3,3,3,32,Moderate
23-25,Female,Tribhuvan University,BBS,4th Year,2.5–2.99,3–4,81–90%,5,3-4,5–6,1–2 hours,5–6 days/week,No,More than 8 hours,3,3,4,3,4,2,1,4,3,2,4,4,2,Not able to focus because of phone,Often,3,3,4,5,3,4,39,High
23-25,Male,Sudurpaschim University,BCA,4th Year,2.5–2.99,Less than 1,Below 60%,2,3-4,7–8,1–2 hours,1–2 days/week,Yes,3–5 hours,3,3,1,1,1,4,5,2,4,4,2,1,5,Career,Never,3,2,2,1,2,2,15,Low
Above 25,Female,Tribhuvan University,Law(LLB),2nd Year,2.5–2.99,1–2,Above 90%,4,1-2,5–6,5–6 hours,1–2 days/week,Yes,More than 8 hours,3,3,2,3,3,2,3,4,4,3,3,3,3,Unsure ,Often,4,4,4,3,2,3,30,Moderate
20-22,Prefer not to say,Other,MBBS,2nd Year,2.5–2.99,5–6,60–70%,5,5-6,5–6,5–6 hours,Never,No,3–5 hours,3,2,4,5,5,1,3,5,1,2,5,5,2,"Deadlines, strict attendance requirement",Often,5,3,5,3,5,4,46,High
Above 25,Female,Agriculture and Forestry University,Agriculture,4th Year,3.0–3.49,1–2,60–70%,4,3-4,Less than 5,Less than 1 hour,1–2 days/week,Yes,Less than 3 hours,5,2,5,5,5,1,1,5,1,2,4,4,2,Capstone projects.,Often,5,2,5,5,5,4,47,High
23-25,Female,Madhyapaschim University,BCA,4th Year,3.0–3.49,3–4,81–90%,3,More than 6,7–8,Less than 1 hour,1–2 days/week,Yes,6–8 hours,3,2,2,4,3,2,3,3,2,2,4,3,4,"Multiple assignments, board exams",Rarely,3,4,4,3,4,4,34,Moderate
20-22,Female,Pokhara University,BE/B.Tech,3rd Year,3.5–4.0,5–6,71–80%,2,5-6,More than 8,5–6 hours,Never,Yes,More than 8 hours,4,3,3,4,4,3,3,4,3,3,3,3,5,Exams ,Sometimes,3,5,3,3,3,3,33,Moderate
23-25,Female,Tribhuvan University,BIM,4th Year,2.5–2.99,1–2,Below 60%,3,5-6,7–8,1–2 hours,3–4 days/week,Yes,6–8 hours,4,4,2,2,3,4,4,2,4,3,3,3,2,"Deadlines, unfair grading in internal marks",Never,3,4,2,2,2,3,24,Low
20-22,Female,Tribhuvan University,BCA,4th Year,3.5–4.0,1–2,81–90%,3,More than 6,5–6,5–6 hours,3–4 days/week,Yes,6–8 hours,3,2,3,5,3,2,3,3,2,2,2,4,2,Final year project and internship,Sometimes,3,3,4,3,4,4,35,Moderate
17-19,Female,Kathmandu University,Law(LLB),1st Year,Not Available Yet,3–4,60–70%,2,3-4,5–6,1–2 hours,1–2 days/week,No,3–5 hours,1,3,1,2,1,5,5,2,4,3,1,1,5,Outdated syllabus and theory heavy teaching,Sometimes,3,3,1,1,2,3,15,Low
17-19,Male,Kathmandu University,MBBS,3rd Year,Not Available Yet,3–4,Below 60%,4,More than 6,5–6,3–4 hours,Never,Yes,3–5 hours,4,2,4,3,3,2,3,3,4,3,3,3,1,Tuition fees and hostel expenses,Often,3,2,4,3,2,3,31,Moderate
20-22,Female,Tribhuvan University,Law(LLB),3rd Year,2.0–2.49,Less than 1,71–80%,4,3-4,More than 8,5–6 hours,3–4 days/week,Yes,More than 8 hours,3,3,3,3,3,3,3,4,3,3,2,4,3,Assignments because multiple deadlines occur at the same time,Sometimes,3,2,3,3,3,3,31,Moderate
17-19,Female,Pokhara University,BE/B.Tech,2nd Year,3.0–3.49,Less than 1,71–80%,4,5-6,7–8,Less than 1 hour,1–2 days/week,No,Less than 3 hours,5,2,4,5,4,2,2,4,2,2,3,3,3,Too many assignments and lab reports with the same deadline,Often,3,5,4,4,4,4,39,High
Above 25,Male,Tribhuvan University,BCA,4th Year,3.0–3.49,3–4,71–80%,3,1-2,Less than 5,3–4 hours,5–6 days/week,No,More than 8 hours,4,3,5,3,4,4,3,4,2,2,4,4,1,Outdated syllabus and theory heavy teaching,Often,2,2,2,3,4,4,37,High
20-22,Prefer not to say,Other,BDS,2nd Year,2.0–2.49,1–2,Above 90%,5,3-4,More than 8,1–2 hours,Never,No,Less than 3 hours,2,3,4,4,3,2,3,5,3,3,3,4,4,"Exams, because the whole year's result depends on the final board exam",Often,5,4,4,3,3,3,36,Moderate
Above 25,Female,Kathmandu University,MBBS,3rd Year,2.5–2.99,1–2,60–70%,3,More than 6,Less than 5,3–4 hours,Never,Yes,More than 8 hours,3,4,1,2,1,4,2,1,4,3,2,3,4,Board exams,Rarely,3,4,2,4,2,3,21,Low
23-25,Prefer not to say,Kathmandu University,BE/B.Tech,3rd Year,2.0–2.49,3–4,81–90%,3,More than 6,Less than 5,5–6 hours,1–2 days/week,Yes,More than 8 hours,2,3,3,2,3,3,4,4,3,3,3,3,5,"Career, jobs are very limited in Nepal",Sometimes,3,4,3,2,3,3,29,Moderate
23-25,Female,Rajarshi Janak University,BSc CSIT,1st Year,3.0–3.49,1–2,81–90%,2,1-2,7–8,1–2 hours,1–2 days/week,Yes,6–8 hours,4,4,2,2,2,2,3,3,3,3,3,2,5,Outdated syllabus and theory heavy teaching,Rarely,4,4,4,3,3,3,27,Moderate
Above 25,Female,Tribhuvan University,BCA,4th Year,3.5–4.0,5–6,81–90%,2,3-4,5–6,3–4 hours,3–4 days/week,Yes,More than 8 hours,5,4,1,2,1,5,4,1,5,5,1,2,5,Exams ,Never,2,5,1,2,1,1,13,Low
23-25,Female,Agriculture and Forestry University,Agriculture,3rd Year,3.0–3.49,3–4,60–70%,5,3-4,Less than 5,1–2 hours,Never,Yes,6–8 hours,4,1,5,5,4,3,2,5,2,1,3,5,2,Future career concerns because I am unsure about job opportunities,Often,4,4,3,4,4,5,43,High
17-19,Female,Pokhara University,BCA,1st Year,Not Available Yet,3–4,Above 90%,5,5-6,5–6,3–4 hours,1–2 days/week,No,6–8 hours,4,2,4,5,5,2,2,4,1,1,4,5,1,Assignment ,Very Often,4,4,4,4,5,5,45,High
20-22,Male,Tribhuvan University,BSc CSIT,2nd Year,2.5–2.99,1–2,60–70%,3,3-4,Less than 5,5–6 hours,3–4 days/week,Yes,6–8 hours,2,3,2,2,3,3,4,4,3,4,3,2,4,Family expectations to get good grades,Rarely,4,3,3,2,3,2,26,Moderate
20-22,Male,Tribhuvan University,MBBS,2nd Year,3.0–3.49,3–4,71–80%,4,5-6,Less than 5,1–2 hours,1–2 days/week,No,6–8 hours,4,2,5,3,3,2,2,5,3,1,3,4,3,Financial pressure because my family struggles to pay tuition,Sometimes,4,3,4,4,3,5,39,High
17-19,Female,Purbanchal University,BSc Nursing,1st Year,2.5–2.99,3–4,60–70%,4,3-4,7–8,5–6 hours,1–2 days/week,No,More than 8 hours,5,1,3,5,5,3,3,4,3,4,4,3,3,Financial pressure ,Sometimes,3,3,3,3,3,2,35,Moderate
20-22,Female,Kathmandu University,BSc Nursing,4th Year,3.0–3.49,1–2,71–80%,3,More than 6,5–6,1–2 hours,Never,Yes,3–5 hours,3,1,4,3,2,2,4,4,3,3,3,3,3,Strict attendance requirement,Sometimes,4,3,4,2,3,3,31,Moderate
17-19,Male,Purbanchal University,BCA,4th Year,2.5–2.99,1–2,Below 60%,3,3-4,7–8,1–2 hours,1–2 days/week,Yes,6–8 hours,3,3,4,3,3,2,4,4,3,3,2,3,2,Job ,Sometimes,2,4,4,2,3,3,31,Moderate
20-22,Female,Tribhuvan University,BSc CSIT,4th Year,2.5–2.99,Less than 1,71–80%,3,3-4,5–6,1–2 hours,Never,No,6–8 hours,1,3,3,1,2,4,4,2,3,3,1,2,3,Yes,Sometimes,2,4,2,2,3,3,21,Low
20-22,Male,Agriculture and Forestry University,Agriculture,3rd Year,2.0–2.49,3–4,71–80%,2,5-6,7–8,1–2 hours,5–6 days/week,Yes,3–5 hours,3,3,1,1,2,3,4,2,4,5,1,2,3,Assignments because multiple deadlines occur at the same time,Rarely,3,3,3,2,2,1,17,Low
23-25,Female,Sudurpaschim University,BCA,4th Year,3.0–3.49,Less than 1,60–70%,3,More than 6,7–8,3–4 hours,5–6 days/week,Yes,6–8 hours,1,4,2,1,1,5,4,2,5,5,1,1,5,Future career concerns because I am unsure about job opportunities,Rarely,3,3,1,2,1,1,13,Low
23-25,Female,Agriculture and Forestry University,Agriculture,4th Year,2.0–2.49,1–2,71–80%,3,1-2,5–6,1–2 hours,1–2 days/week,Yes,6–8 hours,4,3,4,5,3,3,3,3,1,2,4,3,1,Outdated syllabus and theory heavy teaching,Sometimes,4,1,3,3,5,4,37,High
17-19,Female,Tribhuvan University,BCA,1st Year,Not Available Yet,3–4,71–80%,4,3-4,Less than 5,1–2 hours,3–4 days/week,No,3–5 hours,4,4,4,5,3,3,2,4,3,1,4,3,2,Deadlines,Very Often,5,3,3,4,3,5,38,High
20-22,Male,Agriculture and Forestry University,Agriculture,2nd Year,2.5–2.99,1–2,60–70%,3,More than 6,7–8,5–6 hours,1–2 days/week,No,6–8 hours,3,3,4,4,4,3,2,3,1,2,3,2,2,"TU exam pattern, everything depends on final exam",Often,5,4,3,4,5,4,36,Moderate
Above 25,Female,Tribhuvan University,Law(LLB),4th Year,3.0–3.49,5–6,81–90%,4,3-4,7–8,1–2 hours,1–2 days/week,Yes,6–8 hours,5,2,3,4,4,3,2,4,1,2,5,4,2,Unsure ,Very Often,5,4,3,4,5,4,40,High
20-22,Male,Tribhuvan University,BCA,3rd Year,2.5–2.99,3–4,81–90%,1,3-4,7–8,5–6 hours,5–6 days/week,Yes,6–8 hours,3,2,1,1,1,5,3,3,4,4,3,1,3,Job ,Sometimes,2,4,1,3,2,2,18,Low
23-25,Female,Tribhuvan University,BSc CSIT,4th Year,3.5–4.0,5–6,Above 90%,4,3-4,7–8,3–4 hours,1–2 days/week,Yes,6–8 hours,5,1,4,3,4,3,2,3,1,2,5,3,1,"Career, jobs are very limited in Nepal",Often,5,3,3,4,5,4,38,High
23-25,Female,Kathmandu University,BSc Nursing,4th Year,2.5–2.99,1–2,60–70%,4,5-6,5–6,More than 6 hours,1–2 days/week,No,6–8 hours,5,2,5,4,5,1,1,5,1,1,5,4,1,"Career, jobs are very limited in Nepal",Often,5,2,5,5,5,5,48,High
17-19,Female,Pokhara University,MBBS,4th Year,2.5–2.99,5–6,71–80%,3,3-4,5–6,3–4 hours,5–6 days/week,Yes,More than 8 hours,2,5,4,3,3,4,4,4,2,2,3,4,2,Not able to focus because of phone,Sometimes,3,3,2,2,4,4,33,Moderate
Above 25,Female,Agriculture and Forestry University,Agriculture,4th Year,3.0–3.49,Less than 1,71–80%,3,1-2,5–6,Less than 1 hour,1–2 days/week,No,3–5 hours,4,4,3,2,3,4,3,3,4,3,2,3,3,Family pressure,Rarely,3,5,2,3,2,3,26,Moderate
20-22,Prefer not to say,Tribhuvan University,MBBS,2nd Year,3.5–4.0,5–6,Above 90%,4,3-4,5–6,5–6 hours,3–4 days/week,No,More than 8 hours,4,3,4,4,5,1,1,3,2,2,5,4,2,"Future career concerns because I am unsure about job opportunities, internal assessments and assignments piling up together",Often,4,3,5,5,4,4,43,High
20-22,Female,Tribhuvan University,BSc CSIT,4th Year,3.5–4.0,3–4,71–80%,3,3-4,7–8,1–2 hours,5–6 days/week,No,6–8 hours,2,3,2,1,1,5,4,2,5,5,1,2,4,Parents compare me with relatives and toppers,Rarely,3,4,1,2,1,1,14,Low
23-25,Male,Tribhuvan University,BHM,4th Year,2.5–2.99,Less than 1,60–70%,3,3-4,5–6,Less than 1 hour,1–2 days/week,Yes,Less than 3 hours,3,1,3,2,4,3,3,3,3,3,4,3,3,"Balancing part-time job and classes, I don't get enough time to study",Sometimes,4,3,3,3,3,3,31,Moderate
23-25,Prefer not to say,Tribhuvan University,BCA,2nd Year,2.5–2.99,1–2,60–70%,5,1-2,7–8,3–4 hours,Never,No,6–8 hours,2,3,5,3,4,1,2,5,2,1,4,5,1,Project submission deadlines clashing with exams,Often,5,3,5,4,4,5,44,High
23-25,Male,Tribhuvan University,BSc CSIT,4th Year,2.0–2.49,Less than 1,71–80%,3,3-4,Less than 5,5–6 hours,3–4 days/week,Yes,6–8 hours,3,2,5,3,4,3,3,4,2,3,3,3,2,Job ,Sometimes,4,3,3,3,4,3,35,Moderate
20-22,Male,Madhyapaschim University,BCA,1st Year,2.5–2.99,Less than 1,60–70%,4,1-2,5–6,1–2 hours,Never,No,6–8 hours,2,4,5,4,4,1,1,5,2,2,5,5,1,"Deadlines, future career concerns because i am unsure about job opportunities",Sometimes,5,2,5,5,4,4,46,High
Above 25,Female,Kathmandu University,BDS,4th Year,3.5–4.0,5–6,81–90%,1,5-6,More than 8,5–6 hours,3–4 days/week,No,6–8 hours,2,4,1,1,1,4,5,2,5,4,1,2,4,Too many assignments and lab reports with the same deadline,Rarely,3,5,2,1,1,2,14,Low
20-22,Male,Rajarshi Janak University,BCA,4th Year,3.0–3.49,3–4,71–80%,1,More than 6,7–8,1–2 hours,5–6 days/week,Yes,Less than 3 hours,4,2,2,1,3,3,4,1,3,3,3,1,4,Lack of practical classes and resources,Never,2,4,3,2,3,3,22,Low
20-22,Male,Pokhara University,BHM,4th Year,2.5–2.99,Less than 1,71–80%,3,5-6,7–8,3–4 hours,1–2 days/week,No,More than 8 hours,2,3,3,3,4,3,4,3,3,3,3,2,4,Time management,Sometimes,2,4,3,2,3,3,29,Moderate
20-22,Male,Tribhuvan University,MBBS,4th Year,3.5–4.0,3–4,71–80%,1,3-4,5–6,1–2 hours,1–2 days/week,No,6–8 hours,2,3,2,3,2,3,3,1,5,3,1,2,4,Exams ,Sometimes,3,4,3,3,1,3,21,Low
23-25,Female,Tribhuvan University,BCA,4th Year,2.5–2.99,3–4,71–80%,2,More than 6,5–6,More than 6 hours,1–2 days/week,Yes,More than 8 hours,2,3,4,4,4,2,5,4,3,3,3,2,2,Job ,Often,4,3,4,1,3,3,32,Moderate
20-22,Female,Pokhara University,BHM,3rd Year,3.0–3.49,3–4,71–80%,4,5-6,7–8,1–2 hours,Never,No,6–8 hours,3,3,4,4,5,2,2,5,2,3,4,4,3,Pressure to go abroad after graduation,Often,3,3,4,4,4,3,41,High
17-19,Male,Tribhuvan University,Law(LLB),2nd Year,3.5–4.0,3–4,81–90%,2,1-2,More than 8,5–6 hours,3–4 days/week,No,6–8 hours,3,5,3,1,2,5,3,1,5,5,1,2,3,Money,Never,3,3,1,3,1,1,16,Low
20-22,Male,Sudurpaschim University,BCA,3rd Year,3.0–3.49,3–4,81–90%,1,3-4,7–8,1–2 hours,5–6 days/week,Yes,More than 8 hours,2,4,2,1,3,5,3,1,5,4,1,1,5,"Pressure to become a doctor/engineer like my family expects, exam routine keeps changing and results come very late",Never,3,5,1,3,1,2,16,Low
20-22,Female,Sudurpaschim University,BBS,2nd Year,3.0–3.49,3–4,71–80%,2,More than 6,7–8,1–2 hours,1–2 days/week,Yes,3–5 hours,3,4,3,3,3,3,4,1,3,3,3,3,4,"Exams, because the whole year's result depends on the final board exam, office hours clash with college time",Sometimes,4,4,3,2,3,3,27,Moderate
23-25,Prefer not to say,Tribhuvan University,Law(LLB),4th Year,Not Available Yet,5–6,81–90%,5,1-2,5–6,3–4 hours,1–2 days/week,No,3–5 hours,4,3,5,4,5,1,1,5,2,3,4,4,3,Multiple assignments ,Sometimes,4,2,5,5,4,3,44,High
17-19,Female,Sudurpaschim University,BSc CSIT,2nd Year,3.5–4.0,1–2,71–80%,3,3-4,7–8,Less than 1 hour,Never,No,6–8 hours,4,2,1,2,1,4,3,2,5,5,1,3,3,Exams ,Sometimes,1,5,2,3,1,1,17,Low
17-19,Female,Madhyapaschim University,BCA,1st Year,Not Available Yet,3–4,60–70%,4,More than 6,5–6,3–4 hours,1–2 days/week,Yes,6–8 hours,4,3,3,2,3,2,2,4,2,1,3,4,2,Procrastination,Rarely,3,3,4,4,4,5,36,Moderate
Above 25,Male,Other,BDS,5th Year,3.5–4.0,3–4,81–90%,5,3-4,5–6,5–6 hours,Never,No,More than 8 hours,4,3,3,4,5,2,2,4,2,1,3,4,3,Internal assessments and assignments piling up together,Sometimes,5,3,4,4,4,5,40,High
20-22,Prefer not to say,Tribhuvan University,BSc CSIT,3rd Year,3.0–3.49,3–4,Above 90%,3,5-6,5–6,3–4 hours,Never,Yes,6–8 hours,4,3,4,3,4,3,3,4,2,2,4,4,3,Result delays and session delays in university,Often,4,2,3,3,4,4,37,High
20-22,Prefer not to say,Tribhuvan University,BSc CSIT,2nd Year,3.5–4.0,1–2,Above 90%,2,5-6,7–8,Less than 1 hour,3–4 days/week,No,3–5 hours,3,4,2,1,3,3,4,1,3,3,3,1,3,Assignments because multiple deadlines occur at the same time,Sometimes,2,3,3,2,3,3,22,Low
20-22,Male,Tribhuvan University,BIM,2nd Year,2.5–2.99,1–2,Below 60%,3,More than 6,Less than 5,Less than 1 hour,3–4 days/week,No,Less than 3 hours,2,3,3,3,3,3,3,4,3,3,2,2,4,Frustration ,Sometimes,4,2,3,3,3,3,29,Moderate
20-22,Male,Tribhuvan University,BDS,2nd Year,Not Available Yet,3–4,71–80%,5,3-4,Less than 5,5–6 hours,3–4 days/week,No,More than 8 hours,5,1,5,5,4,2,1,5,2,1,4,5,1,Outdated syllabus and theory heavy teaching,Very Often,4,2,4,5,4,5,46,High
20-22,Male,Sudurpaschim University,BCA,2nd Year,3.0–3.49,3–4,71–80%,2,3-4,7–8,3–4 hours,3–4 days/week,No,6–8 hours,3,3,2,2,3,5,4,3,4,3,2,2,3,Sometimes,Rarely,2,4,1,2,2,3,22,Low
23-25,Female,Kathmandu University,BSc Nursing,3rd Year,2.0–2.49,1–2,Above 90%,3,More than 6,7–8,3–4 hours,Never,No,More than 8 hours,4,1,5,4,4,2,3,4,2,3,5,4,2,"Career, jobs are very limited in Nepal",Often,3,1,4,3,4,3,40,High
20-22,Male,Tribhuvan University,BCA,2nd Year,2.5–2.99,1–2,81–90%,3,5-6,5–6,5–6 hours,1–2 days/week,Yes,More than 8 hours,4,1,3,2,4,3,4,3,3,4,4,2,3,Board exams,Never,4,3,3,2,3,2,28,Moderate
23-25,Female,Other,MBBS,3rd Year,2.0–2.49,3–4,71–80%,4,3-4,More than 8,Less than 1 hour,1–2 days/week,Yes,Less than 3 hours,3,4,3,3,2,3,3,3,3,3,4,3,2,"Exams, because the whole year's result depends on the final board exam",Often,2,1,3,3,3,3,30,Moderate
20-22,Female,Tribhuvan University,BBS,4th Year,3.0–3.49,1–2,60–70%,5,3-4,5–6,More than 6 hours,Never,No,More than 8 hours,5,4,5,5,5,1,2,5,3,2,5,5,2,Pressure to go abroad after graduation,Very Often,5,4,5,4,3,4,46,High
Above 25,Female,Tribhuvan University,BSc CSIT,2nd Year,3.5–4.0,3–4,Above 90%,3,3-4,5–6,3–4 hours,1–2 days/week,Yes,6–8 hours,3,4,3,3,4,3,2,4,3,1,3,3,4,"TU exam pattern, everything depends on final exam",Often,3,4,3,4,3,5,35,Moderate
20-22,Female,Tribhuvan University,BSc Nursing,4th Year,2.5–2.99,Less than 1,Below 60%,3,1-2,5–6,Less than 1 hour,1–2 days/week,No,6–8 hours,2,3,4,3,3,3,2,2,1,2,4,2,2,Family expectations to get good grades,Often,4,4,3,4,5,4,34,Moderate
20-22,Female,Tribhuvan University,BSc CSIT,4th Year,2.5–2.99,Less than 1,60–70%,4,More than 6,5–6,5–6 hours,Never,Yes,More than 8 hours,4,2,5,4,4,2,2,5,2,3,4,5,2,Future ,Very Often,5,3,4,4,4,3,42,High
23-25,Prefer not to say,Other,BDS,2nd Year,3.0–3.49,5–6,Above 90%,2,1-2,More than 8,3–4 hours,Never,Yes,6–8 hours,3,2,2,1,2,5,4,2,5,4,1,1,5,Deadlines,Never,1,5,1,2,1,2,15,Low
20-22,Female,Other,BSc Nursing,2nd Year,3.0–3.49,3–4,71–80%,3,5-6,Less than 5,5–6 hours,Never,No,3–5 hours,4,3,3,4,4,1,3,4,2,2,3,2,1,Project submission deadlines clashing with exams,Rarely,4,3,5,3,4,4,36,Moderate
23-25,Male,Tribhuvan University,BCA,4th Year,Not Available Yet,1–2,60–70%,4,3-4,Less than 5,5–6 hours,3–4 days/week,No,More than 8 hours,3,2,3,3,4,3,2,4,2,2,5,3,3,Too many assignments and lab reports with the same deadline,Sometimes,5,2,3,4,4,4,37,High
23-25,Male,Kathmandu University,BE/B.Tech,4th Year,3.5–4.0,3–4,81–90%,2,3-4,More than 8,3–4 hours,1–2 days/week,Yes,More than 8 hours,1,2,2,3,2,4,5,2,4,4,3,3,3,Family expectations to get good grades,Never,4,5,2,1,2,2,22,Low
23-25,Male,Tribhuvan University,BSc CSIT,3rd Year,3.0–3.49,3–4,Above 90%,3,5-6,5–6,More than 6 hours,1–2 days/week,No,More than 8 hours,3,4,1,2,2,4,5,2,3,3,3,1,4,Multiple assignments ,Never,2,4,2,1,3,3,20,Low
20-22,Female,Tribhuvan University,Law(LLB),3rd Year,3.0–3.49,1–2,71–80%,5,3-4,5–6,1–2 hours,3–4 days/week,Yes,3–5 hours,5,3,5,4,4,1,1,5,1,2,5,5,3,Not able to focus because of phone,Very Often,4,3,5,5,5,4,47,High
20-22,Male,Tribhuvan University,BHM,3rd Year,Not Available Yet,3–4,71–80%,1,1-2,7–8,Less than 1 hour,3–4 days/week,No,6–8 hours,1,4,2,1,1,5,4,2,4,4,1,1,4,"Assignment, unfair grading in internal marks",Never,1,4,1,2,2,2,15,Low
23-25,Prefer not to say,Other,BSc Nursing,4th Year,3.5–4.0,5–6,71–80%,2,3-4,7–8,5–6 hours,3–4 days/week,No,More than 8 hours,2,4,3,3,3,4,3,3,4,3,4,2,3,Exam routine keeps changing and results come very late,Rarely,4,4,2,3,2,3,28,Moderate
Above 25,Prefer not to say,Sudurpaschim University,BSc CSIT,4th Year,3.5–4.0,Less than 1,81–90%,4,1-2,5–6,5–6 hours,1–2 days/week,No,6–8 hours,3,1,4,4,3,3,2,3,2,2,3,4,3,Future career concerns because I am unsure about job opportunities,Sometimes,5,3,3,4,4,4,36,Moderate
23-25,Male,Pokhara University,BIM,3rd Year,3.5–4.0,3–4,71–80%,2,3-4,More than 8,Less than 1 hour,Daily,Yes,3–5 hours,5,4,2,2,1,5,4,2,4,4,3,2,3,Too many assignments and lab reports with the same deadline,Sometimes,3,4,1,2,2,2,19,Low
23-25,Female,Other,BDS,4th Year,3.5–4.0,5–6,Above 90%,2,More than 6,5–6,1–2 hours,3–4 days/week,No,6–8 hours,2,3,3,3,4,4,3,2,3,4,2,2,4,Financial pressure because my family struggles to pay tuition,Never,3,3,2,3,3,2,26,Moderate
23-25,Female,Tribhuvan University,MBBS,4th Year,3.5–4.0,5–6,Above 90%,2,3-4,7–8,3–4 hours,1–2 days/week,No,6–8 hours,3,4,2,2,2,4,3,1,3,3,2,3,4,Nothing much,Never,4,4,2,3,3,3,23,Low
17-19,Male,Tribhuvan University,MBBS,1st Year,Not Available Yet,5–6,60–70%,3,1-2,5–6,1–2 hours,3–4 days/week,Yes,6–8 hours,2,4,2,3,2,3,4,2,3,4,4,3,3,Project submission deadlines clashing with exams,Rarely,2,3,3,2,3,2,26,Moderate
17-19,Female,Tribhuvan University,BSc CSIT,3rd Year,3.5–4.0,3–4,81–90%,3,5-6,5–6,1–2 hours,3–4 days/week,No,3–5 hours,2,1,3,3,4,4,3,3,4,5,1,2,3,Internal assessments and assignments piling up together,Very Often,3,4,2,3,2,1,24,Low
20-22,Prefer not to say,Purbanchal University,BHM,3rd Year,3.0–3.49,Less than 1,71–80%,3,5-6,Less than 5,1–2 hours,Never,Yes,3–5 hours,2,3,3,1,1,4,5,2,4,4,2,2,4,Assignment ,Never,3,5,2,1,2,2,18,Low
17-19,Female,Tribhuvan University,BSc Nursing,1st Year,Not Available Yet,3–4,81–90%,3,5-6,5–6,5–6 hours,1–2 days/week,Yes,6–8 hours,3,3,4,5,4,1,2,3,1,1,4,4,3,Family expectations to get good grades,Often,4,1,5,4,5,5,43,High
23-25,Male,Kathmandu University,MBBS,4th Year,2.5–2.99,3–4,Above 90%,4,1-2,Less than 5,1–2 hours,1–2 days/week,Yes,3–5 hours,5,2,4,5,5,2,2,4,2,2,4,4,2,Result delays and session delays in university,Often,5,4,4,4,4,4,42,High
17-19,Female,Tribhuvan University,BSc CSIT,1st Year,Not Available Yet,Less than 1,71–80%,5,3-4,5–6,1–2 hours,3–4 days/week,No,6–8 hours,5,1,4,3,3,3,3,4,2,2,4,4,1,Deadlines,Sometimes,4,5,3,3,4,4,36,Moderate
23-25,Female,Kathmandu University,BSc Nursing,4th Year,3.0–3.49,3–4,81–90%,3,3-4,7–8,Less than 1 hour,1–2 days/week,Yes,6–8 hours,2,4,2,3,4,2,4,3,3,4,3,3,3,Yes,Sometimes,5,3,4,2,3,2,29,Moderate
23-25,Female,Tribhuvan University,BBS,2nd Year,Not Available Yet,1–2,81–90%,2,1-2,7–8,3–4 hours,Never,No,3–5 hours,3,5,2,3,3,4,3,2,3,4,3,2,3,Result delays and session delays in university,Never,3,3,2,3,3,2,25,Moderate
Above 25,Female,Tribhuvan University,BDS,5th Year,3.0–3.49,3–4,81–90%,2,1-2,7–8,3–4 hours,Never,No,More than 8 hours,3,4,3,2,2,4,5,2,4,3,2,3,5,Assignments because multiple deadlines occur at the same time,Sometimes,2,4,2,1,2,3,22,Low
17-19,Male,Agriculture and Forestry University,Agriculture,2nd Year,3.5–4.0,1–2,81–90%,1,5-6,7–8,3–4 hours,5–6 days/week,Yes,6–8 hours,4,4,2,1,2,5,3,1,4,5,2,2,5,Family pressure,Rarely,3,4,1,3,2,1,17,Low
23-25,Male,Tribhuvan University,BDS,4th Year,3.0–3.49,3–4,71–80%,2,3-4,7–8,Less than 1 hour,1–2 days/week,No,3–5 hours,5,4,2,2,3,4,3,3,3,4,2,3,3,Family pressure,Sometimes,4,3,2,3,3,2,25,Moderate
20-22,Female,Pokhara University,BCA,4th Year,2.0–2.49,1–2,60–70%,3,More than 6,5–6,3–4 hours,Never,No,6–8 hours,4,2,4,4,4,1,1,4,1,2,5,5,2,"Time management, future",Often,5,1,5,5,5,4,45,High
20-22,Female,Tribhuvan University,BSc Nursing,1st Year,3.5–4.0,5–6,Above 90%,3,More than 6,5–6,3–4 hours,3–4 days/week,No,More than 8 hours,2,3,2,3,3,4,4,2,3,3,4,3,4,Outdated syllabus and theory heavy teaching,Sometimes,4,4,2,2,3,3,27,Moderate
Above 25,Female,Rajarshi Janak University,BSc CSIT,4th Year,3.5–4.0,1–2,81–90%,1,More than 6,7–8,1–2 hours,5–6 days/week,No,3–5 hours,2,5,2,1,1,3,4,2,4,5,1,2,4,Assignment ,Rarely,1,5,3,2,2,1,17,Low
23-25,Male,Tribhuvan University,BSc CSIT,4th Year,3.0–3.49,3–4,Above 90%,3,3-4,Less than 5,1–2 hours,3–4 days/week,No,6–8 hours,5,2,4,4,4,2,1,4,3,2,4,4,1,"Career, jobs are very limited in Nepal, exams",Very Often,4,4,4,5,3,4,40,High
Above 25,Female,Tribhuvan University,BCA,4th Year,2.5–2.99,Less than 1,71–80%,2,More than 6,5–6,3–4 hours,3–4 days/week,Yes,6–8 hours,3,3,1,2,1,3,3,3,4,4,2,2,5,Yes,Sometimes,2,3,3,3,2,2,21,Low
23-25,Prefer not to say,Purbanchal University,BCA,4th Year,3.0–3.49,1–2,Below 60%,3,More than 6,Less than 5,3–4 hours,Never,Yes,More than 8 hours,3,4,5,4,4,3,1,5,3,1,4,4,2,Family pressure,Sometimes,4,2,3,5,3,5,42,High
23-25,Male,Kathmandu University,BDS,4th Year,3.5–4.0,1–2,71–80%,1,3-4,7–8,1–2 hours,3–4 days/week,No,Less than 3 hours,1,4,1,1,1,5,4,1,5,5,2,1,4,Internal assessments and assignments piling up together,Never,3,5,1,2,1,1,12,Low
23-25,Female,Kathmandu University,Law(LLB),4th Year,2.5–2.99,3–4,81–90%,1,5-6,More than 8,Less than 1 hour,1–2 days/week,Yes,6–8 hours,3,3,1,2,2,4,4,2,4,3,2,2,3,"Exams, because the whole year's result depends on the final board exam",Rarely,3,3,2,2,2,3,20,Low
23-25,Female,Other,BDS,4th Year,3.0–3.49,1–2,71–80%,4,5-6,Less than 5,5–6 hours,1–2 days/week,Yes,More than 8 hours,4,3,4,5,5,2,2,5,1,2,4,4,3,Family pressure,Often,4,4,4,4,5,4,44,High
20-22,Male,Purbanchal University,BCA,1st Year,3.5–4.0,1–2,81–90%,2,3-4,7–8,5–6 hours,1–2 days/week,Yes,More than 8 hours,2,3,2,2,2,5,5,1,5,3,2,2,5,Exams ,Never,3,5,1,1,1,3,17,Low
23-25,Female,Tribhuvan University,BCA,4th Year,3.0–3.49,3–4,Below 60%,5,3-4,5–6,5–6 hours,1–2 days/week,No,More than 8 hours,3,1,5,5,5,1,2,4,1,1,5,4,3,Too many assignments and lab reports with the same deadline,Often,4,4,5,4,5,5,47,High
20-22,Male,Kathmandu University,MBBS,2nd Year,3.5–4.0,5–6,81–90%,1,3-4,7–8,5–6 hours,1–2 days/week,No,More than 8 hours,1,4,3,2,2,4,5,2,3,4,2,1,5,Board exams,Rarely,1,5,2,1,3,2,20,Low
17-19,Female,Kathmandu University,BDS,1st Year,2.5–2.99,Less than 1,71–80%,2,More than 6,7–8,1–2 hours,5–6 days/week,No,6–8 hours,3,3,3,2,2,3,3,3,3,3,3,3,3,Frequent internal exams and practicals,Sometimes,3,3,3,3,3,3,28,Moderate
17-19,Prefer not to say,Tribhuvan University,BSc CSIT,1st Year,3.5–4.0,5–6,Above 90%,2,5-6,More than 8,3–4 hours,Never,No,6–8 hours,2,4,2,2,2,4,3,2,4,5,1,2,4,"Exams, career, jobs are very limited in nepal",Rarely,2,5,2,3,2,1,19,Low
23-25,Male,Tribhuvan University,BSc CSIT,4th Year,3.0–3.49,Less than 1,71–80%,2,5-6,7–8,3–4 hours,3–4 days/week,Yes,3–5 hours,2,3,2,1,1,4,5,2,3,3,4,3,3,Tuition fees and hostel expenses,Rarely,5,3,2,1,3,3,22,Low
17-19,Female,Pokhara University,BCA,1st Year,Not Available Yet,3–4,71–80%,3,More than 6,Less than 5,1–2 hours,Never,No,3–5 hours,3,3,3,4,3,3,3,3,2,2,3,2,4,Assignment ,Sometimes,3,2,3,3,4,4,32,Moderate
23-25,Male,Other,BDS,4th Year,2.5–2.99,5–6,60–70%,5,3-4,5–6,Less than 1 hour,1–2 days/week,No,6–8 hours,5,4,5,5,5,1,2,4,2,1,4,4,2,Project submission deadlines clashing with exams,Very Often,5,2,5,4,4,5,45,High
20-22,Female,Other,BSc Nursing,2nd Year,3.5–4.0,1–2,81–90%,3,More than 6,5–6,Less than 1 hour,Never,No,3–5 hours,2,3,1,2,2,4,3,2,5,4,2,3,3,Unsure ,Sometimes,3,4,2,3,1,2,20,Low
23-25,Male,Tribhuvan University,Law(LLB),4th Year,3.5–4.0,1–2,71–80%,1,1-2,More than 8,1–2 hours,Never,Yes,3–5 hours,2,4,2,1,1,3,4,1,4,5,2,1,5,Stress,Rarely,1,4,3,2,2,1,16,Low
20-22,Male,Kathmandu University,MBBS,1st Year,Not Available Yet,3–4,Above 90%,3,5-6,More than 8,1–2 hours,1–2 days/week,No,6–8 hours,2,4,2,1,3,4,4,2,5,4,3,2,4,Deadlines,Sometimes,2,4,2,2,1,2,20,Low
23-25,Male,Tribhuvan University,BDS,4th Year,3.0–3.49,3–4,71–80%,3,More than 6,Less than 5,3–4 hours,Never,Yes,More than 8 hours,3,4,3,3,3,3,5,4,3,3,2,3,3,"TU exam pattern, everything depends on final exam",Often,4,4,3,1,3,3,28,Moderate
20-22,Male,Tribhuvan University,BCA,1st Year,3.5–4.0,5–6,Above 90%,3,More than 6,Less than 5,3–4 hours,1–2 days/week,No,6–8 hours,3,1,3,3,3,4,5,2,2,3,4,2,4,Future career concerns because I am unsure about job opportunities,Sometimes,3,5,2,1,4,3,27,Moderate
17-19,Female,Tribhuvan University,BIM,1st Year,Not Available Yet,Less than 1,71–80%,4,1-2,Less than 5,3–4 hours,3–4 days/week,Yes,6–8 hours,4,1,4,5,4,2,3,3,3,2,4,3,1,Paying semester fees while living in Kathmandu is hard,Often,4,3,4,3,3,4,37,High
Above 25,Female,Kathmandu University,BSc Nursing,4th Year,2.0–2.49,1–2,81–90%,3,More than 6,5–6,1–2 hours,Never,No,3–5 hours,3,3,3,3,3,2,2,3,4,4,3,3,4,Lack of discipline and too much screen time,Rarely,4,3,4,4,2,2,30,Moderate
23-25,Female,Rajarshi Janak University,BCA,4th Year,3.5–4.0,3–4,Above 90%,3,3-4,5–6,5–6 hours,1–2 days/week,No,More than 8 hours,3,4,5,3,4,2,3,5,3,2,4,3,2,Financial pressure ,Very Often,5,2,4,3,3,4,38,High
23-25,Female,Tribhuvan University,BSc CSIT,4th Year,3.0–3.49,3–4,Below 60%,3,3-4,5–6,Less than 1 hour,3–4 days/week,Yes,3–5 hours,3,1,3,2,4,3,4,2,3,3,3,3,3,Project submission deadlines clashing with exams,Sometimes,1,4,3,2,3,3,28,Moderate
20-22,Male,Tribhuvan University,BIM,3rd Year,3.0–3.49,5–6,60–70%,5,More than 6,5–6,3–4 hours,1–2 days/week,Yes,More than 8 hours,3,3,4,4,4,1,2,4,1,2,4,5,3,Multiple assignments ,Often,4,4,5,4,5,4,43,High
Above 25,Male,Purbanchal University,BHM,4th Year,3.5–4.0,Less than 1,81–90%,2,More than 6,Less than 5,1–2 hours,3–4 days/week,No,6–8 hours,4,3,3,3,4,3,3,4,4,4,3,4,2,Lack of discipline and too much screen time,Often,4,4,3,3,2,2,31,Moderate
23-25,Prefer not to say,Tribhuvan University,BSc Nursing,4th Year,3.5–4.0,1–2,71–80%,2,More than 6,7–8,1–2 hours,1–2 days/week,Yes,6–8 hours,1,4,2,1,1,5,5,2,5,5,2,1,4,Job ,Rarely,2,5,1,1,1,1,13,Low
17-19,Female,Purbanchal University,BCA,2nd Year,3.5–4.0,3–4,60–70%,4,3-4,5–6,3–4 hours,3–4 days/week,Yes,More than 8 hours,5,3,4,4,4,3,2,4,3,3,4,4,1,Nothing much,Often,3,3,3,4,3,3,37,High
17-19,Female,Tribhuvan University,BSc CSIT,1st Year,Not Available Yet,1–2,Below 60%,3,3-4,5–6,1–2 hours,3–4 days/week,No,6–8 hours,4,4,3,4,5,1,3,3,2,3,4,3,2,Family expectations to get good grades,Sometimes,3,3,5,3,4,3,37,High
23-25,Prefer not to say,Tribhuvan University,BCA,4th Year,2.0–2.49,Less than 1,71–80%,4,5-6,5–6,3–4 hours,3–4 days/week,No,6–8 hours,5,4,4,4,4,2,3,4,2,2,4,3,2,Financial pressure because my family struggles to pay tuition,Often,3,2,4,3,4,4,38,High
Above 25,Female,Tribhuvan University,MBBS,5th Year,3.0–3.49,3–4,81–90%,1,3-4,7–8,3–4 hours,3–4 days/week,No,6–8 hours,1,3,3,2,2,5,4,3,3,4,2,2,4,Semester project with weak team members,Often,3,4,1,2,3,2,22,Low
20-22,Male,Sudurpaschim University,BSc CSIT,3rd Year,2.5–2.99,Less than 1,71–80%,3,5-6,More than 8,3–4 hours,3–4 days/week,No,6–8 hours,1,5,1,1,1,4,5,2,4,4,1,2,4,Future ,Rarely,1,5,2,1,2,2,15,Low
20-22,Female,Kathmandu University,BSc Nursing,4th Year,3.5–4.0,3–4,81–90%,2,5-6,7–8,3–4 hours,3–4 days/week,No,6–8 hours,3,5,3,2,2,4,4,2,5,4,2,2,3,Exam routine keeps changing and results come very late,Never,3,5,2,2,1,2,20,Low
23-25,Female,Tribhuvan University,BSc CSIT,3rd Year,2.0–2.49,3–4,81–90%,3,3-4,5–6,1–2 hours,1–2 days/week,Yes,6–8 hours,4,3,3,3,4,2,3,3,3,3,5,3,3,Too many assignments and lab reports with the same deadline,Sometimes,2,2,4,3,3,3,34,Moderate
23-25,Male,Pokhara University,BE/B.Tech,3rd Year,Below 2.0,Less than 1,60–70%,4,1-2,7–8,More than 6 hours,5–6 days/week,Yes,More than 8 hours,3,5,3,3,5,2,3,4,2,1,4,3,2,Internal assessments and assignments piling up together,Sometimes,3,2,4,3,4,5,38,High
23-25,Male,Agriculture and Forestry University,Agriculture,4th Year,2.5–2.99,1–2,60–70%,5,3-4,7–8,5–6 hours,1–2 days/week,No,More than 8 hours,4,1,4,5,5,1,1,4,2,1,5,4,2,Frustration ,Often,5,3,5,5,4,5,46,High
20-22,Male,Tribhuvan University,BSc CSIT,2nd Year,3.0–3.49,1–2,81–90%,3,5-6,7–8,3–4 hours,3–4 days/week,Yes,6–8 hours,4,3,3,3,3,4,3,3,4,3,5,3,3,Exam routine keeps changing and results come very late,Sometimes,5,3,2,3,2,3,30,Moderate
Above 25,Female,Purbanchal University,BCA,3rd Year,3.0–3.49,1–2,60–70%,3,5-6,Less than 5,3–4 hours,1–2 days/week,Yes,3–5 hours,2,4,3,3,4,4,3,3,4,4,3,3,3,Unfair grading in internal marks,Sometimes,2,5,2,3,2,2,28,Moderate
Above 25,Female,Pokhara University,BSc Nursing,3rd Year,3.0–3.49,1–2,60–70%,2,More than 6,7–8,5–6 hours,1–2 days/week,Yes,6–8 hours,3,2,2,2,3,3,3,3,3,4,3,2,4,"Future career concerns because I am unsure about job opportunities, paying semester fees while living in kathmandu is hard",Often,1,5,3,3,3,2,26,Moderate
20-22,Male,Agriculture and Forestry University,Agriculture,4th Year,3.5–4.0,1–2,60–70%,4,1-2,5–6,3–4 hours,Never,No,3–5 hours,3,3,3,5,3,2,3,2,3,4,4,4,3,Final year project and internship,Often,2,3,4,3,3,2,33,Moderate
20-22,Male,Madhyapaschim University,BCA,4th Year,3.5–4.0,1–2,71–80%,2,5-6,7–8,3–4 hours,1–2 days/week,Yes,6–8 hours,3,2,2,2,3,4,4,2,5,3,2,2,5,Time management,Rarely,3,4,2,2,1,3,21,Low
23-25,Female,Tribhuvan University,BIM,4th Year,2.5–2.99,Less than 1,Below 60%,3,More than 6,5–6,3–4 hours,1–2 days/week,Yes,More than 8 hours,4,3,2,4,2,3,4,3,2,3,3,4,3,"Balancing part-time job and classes, I don't get enough time to study",Sometimes,4,5,3,2,4,3,30,Moderate
20-22,Prefer not to say,Purbanchal University,BCA,2nd Year,3.0–3.49,3–4,71–80%,5,5-6,5–6,3–4 hours,1–2 days/week,No,6–8 hours,4,2,4,5,4,3,1,4,4,2,4,5,2,"Unsure about future after graduation, money",Very Often,5,3,3,5,2,4,40,High
23-25,Male,Purbanchal University,BCA,4th Year,3.5–4.0,3–4,Above 90%,1,More than 6,5–6,3–4 hours,1–2 days/week,Yes,6–8 hours,3,5,1,2,2,4,5,2,5,5,2,1,3,Career,Never,3,5,2,1,1,1,15,Low
23-25,Female,Sudurpaschim University,BCA,3rd Year,2.0–2.49,Less than 1,Above 90%,3,More than 6,5–6,5–6 hours,1–2 days/week,Yes,More than 8 hours,2,3,3,3,3,3,3,3,3,4,3,3,4,Exams ,Rarely,4,4,3,3,3,2,29,Moderate
20-22,Female,Tribhuvan University,BDS,1st Year,Not Available Yet,1–2,71–80%,4,5-6,5–6,Less than 1 hour,Never,Yes,3–5 hours,3,2,4,3,4,1,1,4,3,1,5,3,3,Pressure to become a doctor/engineer like my family expects,Sometimes,3,2,5,5,3,5,41,High
20-22,Female,Kathmandu University,BSc Nursing,4th Year,3.5–4.0,5–6,71–80%,4,1-2,Less than 5,More than 6 hours,Never,No,More than 8 hours,4,1,5,5,5,1,2,5,2,2,5,4,2,"Job market is competitive and many seniors are still unemployed, lack of discipline and too much screen time",Very Often,4,1,5,4,4,4,46,High
20-22,Male,Kathmandu University,MBBS,3rd Year,3.5–4.0,Less than 1,71–80%,4,3-4,7–8,1–2 hours,1–2 days/week,Yes,3–5 hours,3,4,2,1,1,3,4,1,3,5,2,1,4,"Time management, future career concerns because i am unsure about job opportunities",Rarely,2,4,3,2,3,1,17,Low
23-25,Female,Tribhuvan University,BSc CSIT,3rd Year,3.0–3.49,1–2,81–90%,4,5-6,5–6,1–2 hours,Never,No,3–5 hours,4,4,5,4,4,2,1,4,1,1,4,4,3,Outdated syllabus and theory heavy teaching,Often,5,3,4,5,5,5,44,High
17-19,Prefer not to say,Kathmandu University,MBBS,1st Year,3.0–3.49,1–2,60–70%,5,More than 6,Less than 5,5–6 hours,1–2 days/week,Yes,More than 8 hours,5,2,4,5,4,1,2,5,1,2,4,4,3,Tuition fees and hostel expenses,Very Often,5,3,5,4,5,4,44,High
20-22,Female,Tribhuvan University,BSc CSIT,4th Year,Not Available Yet,1–2,71–80%,3,3-4,7–8,Less than 1 hour,3–4 days/week,Yes,3–5 hours,1,4,3,2,2,5,2,1,3,5,1,2,5,"Exams, because the whole year's result depends on the final board exam",Rarely,3,3,1,4,3,1,20,Low
20-22,Female,Purbanchal University,BSc Nursing,2nd Year,2.5–2.99,1–2,Below 60%,5,More than 6,5–6,3–4 hours,Never,No,More than 8 hours,3,3,5,3,4,1,2,4,2,1,4,5,2,Study management,Very Often,2,1,5,4,4,5,43,High
23-25,Male,Purbanchal University,BSc Nursing,2nd Year,2.0–2.49,Less than 1,60–70%,4,1-2,7–8,1–2 hours,1–2 days/week,No,6–8 hours,4,2,4,3,5,2,3,2,2,2,4,4,3,Too many assignments and lab reports with the same deadline,Often,5,1,4,3,4,4,37,High
23-25,Female,Tribhuvan University,BIM,3rd Year,2.5–2.99,5–6,71–80%,3,More than 6,Less than 5,3–4 hours,1–2 days/week,Yes,6–8 hours,3,3,4,3,4,3,3,3,4,3,4,3,3,Deadlines,Sometimes,2,3,3,3,2,3,32,Moderate
17-19,Female,Tribhuvan University,BSc Nursing,1st Year,3.0–3.49,3–4,71–80%,3,3-4,Less than 5,3–4 hours,Never,No,6–8 hours,3,2,2,2,1,5,3,2,4,3,1,1,3,Multiple assignments ,Rarely,3,4,1,3,2,3,18,Low
17-19,Female,Purbanchal University,BCA,1st Year,2.5–2.99,1–2,Below 60%,5,1-2,Less than 5,3–4 hours,3–4 days/week,Yes,6–8 hours,4,2,4,3,3,2,2,4,3,2,3,4,2,Deadlines,Rarely,3,3,4,4,3,4,36,Moderate
Above 25,Male,Tribhuvan University,MBBS,4th Year,3.5–4.0,3–4,81–90%,1,5-6,5–6,1–2 hours,3–4 days/week,No,3–5 hours,1,4,1,1,2,4,4,2,4,3,1,2,3,"Exams, because the whole year's result depends on the final board exam",Never,1,5,2,2,2,3,18,Low
Above 25,Female,Kathmandu University,MBBS,1st Year,Not Available Yet,More than 6 hours,81–90%,2,1-2,5–6,3–4 hours,1–2 days/week,No,More than 8 hours,3,4,2,1,1,4,4,2,5,5,2,2,5,Balancing money and education,Never,3,4,2,2,1,1,16,Low
20-22,Female,Sudurpaschim University,BCA,2nd Year,3.5–4.0,3–4,71–80%,3,5-6,5–6,Less than 1 hour,3–4 days/week,Yes,3–5 hours,2,2,3,3,3,3,3,4,3,2,2,3,5,Financial pressure ,Sometimes,3,5,3,3,3,4,31,Moderate
20-22,Female,Tribhuvan University,Agriculture,4th Year,3.0–3.49,3–4,81–90%,2,3-4,7–8,3–4 hours,5–6 days/week,Yes,6–8 hours,2,4,3,3,3,3,3,3,3,4,2,2,2,Board exams,Sometimes,3,3,3,3,3,2,27,Moderate
Above 25,Prefer not to say,Kathmandu University,BDS,5th Year,Not Available Yet,5–6,81–90%,1,More than 6,5–6,3–4 hours,5–6 days/week,No,6–8 hours,2,3,1,1,1,4,3,2,5,4,2,1,4,Time management,Never,3,3,2,3,1,2,16,Low
23-25,Prefer not to say,Pokhara University,BHM,4th Year,3.0–3.49,5–6,60–70%,3,1-2,7–8,3–4 hours,5–6 days/week,Yes,More than 8 hours,3,4,3,3,4,2,2,4,2,3,3,3,2,Procrastination,Sometimes,5,2,4,4,4,3,35,Moderate
23-25,Male,Tribhuvan University,BDS,3rd Year,2.5–2.99,1–2,60–70%,2,More than 6,5–6,1–2 hours,1–2 days/week,No,6–8 hours,2,5,2,3,3,4,3,2,2,2,3,2,3,Time management,Rarely,5,4,2,3,4,4,28,Moderate
17-19,Male,Purbanchal University,Law(LLB),1st Year,Not Available Yet,5–6,71–80%,5,More than 6,5–6,1–2 hours,3–4 days/week,Yes,More than 8 hours,2,3,3,4,4,1,3,3,2,3,3,3,2,"Procrastination, family expectations to get good grades",Sometimes,3,2,5,3,4,3,35,Moderate
20-22,Female,Kathmandu University,MBBS,3rd Year,3.5–4.0,5–6,71–80%,5,1-2,5–6,3–4 hours,Never,No,More than 8 hours,2,3,5,5,5,1,1,4,1,1,5,5,4,Time management,Very Often,3,3,5,5,5,5,49,High
23-25,Female,Agriculture and Forestry University,Agriculture,3rd Year,2.5–2.99,3–4,60–70%,5,3-4,Less than 5,5–6 hours,5–6 days/week,No,6–8 hours,3,3,4,5,5,3,1,3,3,2,3,4,3,Maybe,Very Often,3,1,3,5,3,4,39,High
Above 25,Female,Tribhuvan University,BBS,4th Year,3.0–3.49,Less than 1,Above 90%,4,3-4,Less than 5,3–4 hours,1–2 days/week,Yes,6–8 hours,3,1,4,5,3,3,2,4,2,2,4,4,3,Exams ,Very Often,4,3,3,4,4,4,39,High
23-25,Female,Tribhuvan University,MBBS,2nd Year,3.0–3.49,3–4,71–80%,5,More than 6,5–6,5–6 hours,3–4 days/week,No,More than 8 hours,4,3,3,5,3,4,3,4,1,1,4,4,2,Multiple assignments ,Rarely,2,3,2,3,5,5,38,High
20-22,Male,Tribhuvan University,BSc CSIT,3rd Year,3.0–3.49,1–2,60–70%,1,3-4,Less than 5,1–2 hours,3–4 days/week,No,6–8 hours,3,5,1,2,2,4,5,2,5,5,2,1,5,Balancing money and education,Never,4,4,2,1,1,1,15,Low
17-19,Female,Tribhuvan University,BSc CSIT,1st Year,3.5–4.0,3–4,81–90%,3,More than 6,5–6,3–4 hours,5–6 days/week,No,6–8 hours,1,3,2,3,3,4,3,2,4,4,2,2,3,Exams ,Rarely,5,5,2,3,2,2,23,Low
20-22,Female,Tribhuvan University,BCA,3rd Year,3.0–3.49,3–4,Below 60%,5,More than 6,Less than 5,3–4 hours,3–4 days/week,Yes,More than 8 hours,2,2,3,3,4,4,3,3,3,3,3,3,3,Deadlines,Sometimes,4,4,2,3,3,3,30,Moderate
17-19,Female,Tribhuvan University,BDS,1st Year,Not Available Yet,1–2,71–80%,3,5-6,7–8,Less than 1 hour,Never,No,Less than 3 hours,2,3,3,2,3,2,4,3,2,4,2,4,2,Not able to focus because of phone,Sometimes,3,3,4,2,4,2,29,Moderate
23-25,Prefer not to say,Other,MBBS,5th Year,3.0–3.49,3–4,60–70%,3,3-4,Less than 5,5–6 hours,5–6 days/week,Yes,More than 8 hours,4,3,4,5,4,2,4,4,1,2,4,3,1,Future career concerns because I am unsure about job opportunities,Often,5,3,4,2,5,4,39,High
20-22,Prefer not to say,Rajarshi Janak University,BBS,3rd Year,3.0–3.49,Less than 1,71–80%,2,3-4,More than 8,Less than 1 hour,3–4 days/week,No,3–5 hours,2,4,2,1,2,5,5,3,4,5,1,1,4,Balancing money and education,Sometimes,4,5,1,1,2,1,15,Low
20-22,Prefer not to say,Agriculture and Forestry University,Agriculture,4th Year,3.0–3.49,Less than 1,71–80%,3,3-4,Less than 5,3–4 hours,1–2 days/week,Yes,More than 8 hours,5,1,5,5,4,2,1,5,1,1,3,4,2,Semester project with weak team members,Often,5,3,4,5,5,5,45,High
20-22,Male,Kathmandu University,BDS,3rd Year,3.0–3.49,3–4,60–70%,3,3-4,5–6,3–4 hours,Never,No,More than 8 hours,4,3,3,3,3,2,3,3,4,3,3,4,2,Frustration ,Sometimes,2,4,4,3,2,3,31,Moderate
23-25,Male,Tribhuvan University,BCA,1st Year,3.5–4.0,More than 6 hours,81–90%,1,More than 6,7–8,Less than 1 hour,3–4 days/week,Yes,3–5 hours,4,4,1,1,2,5,4,1,4,4,1,2,5,Maybe,Rarely,4,5,1,2,2,2,15,Low
23-25,Male,Rajarshi Janak University,Agriculture,4th Year,2.5–2.99,1–2,71–80%,2,1-2,7–8,1–2 hours,1–2 days/week,No,3–5 hours,3,3,1,2,2,3,4,3,5,3,2,1,4,Final year project and internship,Never,5,3,3,2,1,3,20,Low
Above 25,Prefer not to say,Pokhara University,BSc Nursing,3rd Year,3.5–4.0,3–4,71–80%,2,3-4,5–6,3–4 hours,1–2 days/week,No,6–8 hours,2,4,1,1,1,5,4,1,4,5,1,1,3,Board exams,Never,2,5,1,2,2,1,12,Low
23-25,Prefer not to say,Agriculture and Forestry University,Agriculture,4th Year,3.5–4.0,1–2,81–90%,2,3-4,Less than 5,3–4 hours,Never,Yes,3–5 hours,3,4,3,2,4,4,4,1,3,4,4,2,3,Lack of practical classes and resources,Sometimes,4,4,2,2,3,2,25,Moderate
17-19,Male,Tribhuvan University,Agriculture,1st Year,Not Available Yet,5–6,71–80%,3,3-4,5–6,More than 6 hours,1–2 days/week,No,More than 8 hours,3,2,4,2,3,2,1,4,3,1,3,4,3,Ok,Often,4,3,4,5,3,5,37,High
20-22,Male,Tribhuvan University,BHM,2nd Year,3.5–4.0,1–2,Below 60%,2,1-2,5–6,1–2 hours,1–2 days/week,Yes,6–8 hours,5,3,3,4,3,2,4,3,5,3,3,3,3,Assignment ,Sometimes,3,4,4,2,1,3,29,Moderate
20-22,Female,Purbanchal University,BE/B.Tech,4th Year,3.5–4.0,1–2,71–80%,2,3-4,5–6,3–4 hours,1–2 days/week,Yes,More than 8 hours,4,4,2,2,3,3,3,2,3,2,3,2,3,Thesis and internship report,Rarely,3,4,3,3,3,4,27,Moderate
23-25,Female,Kathmandu University,MBBS,4th Year,3.5–4.0,3–4,Above 90%,1,More than 6,7–8,3–4 hours,3–4 days/week,No,More than 8 hours,1,3,2,2,2,5,5,2,5,5,1,2,4,Lack of discipline and too much screen time,Rarely,2,5,1,1,1,1,15,Low
Above 25,Male,Kathmandu University,MBBS,1st Year,3.0–3.49,Less than 1,71–80%,2,1-2,More than 8,3–4 hours,Never,No,6–8 hours,3,4,3,3,2,4,3,2,2,2,3,2,4,Multiple assignments ,Sometimes,2,3,2,3,4,4,28,Moderate
23-25,Female,Tribhuvan University,Agriculture,4th Year,2.0–2.49,3–4,71–80%,1,1-2,7–8,3–4 hours,5–6 days/week,Yes,6–8 hours,4,3,3,3,3,3,4,1,5,3,1,3,3,Family pressure,Rarely,4,4,3,2,1,3,23,Low
23-25,Female,Kathmandu University,BSc Nursing,4th Year,2.5–2.99,1–2,60–70%,1,3-4,5–6,5–6 hours,Never,No,6–8 hours,2,5,2,4,2,3,3,1,4,3,2,2,4,"Multiple assignments, career, jobs are very limited in nepal",Rarely,4,5,3,3,2,3,24,Low
20-22,Prefer not to say,Pokhara University,BE/B.Tech,3rd Year,2.5–2.99,Less than 1,81–90%,4,5-6,5–6,5–6 hours,1–2 days/week,Yes,6–8 hours,3,5,4,5,4,3,3,4,1,3,3,4,2,Parents compare me with relatives and toppers,Often,4,3,3,3,5,3,38,High
20-22,Male,Tribhuvan University,MBBS,1st Year,3.0–3.49,3–4,71–80%,2,More than 6,More than 8,1–2 hours,Never,No,More than 8 hours,2,5,3,2,4,2,4,3,3,4,3,2,5,Project submission deadlines clashing with exams,Often,3,4,4,2,3,2,28,Moderate
23-25,Female,Tribhuvan University,BCA,2nd Year,3.0–3.49,1–2,Above 90%,3,3-4,5–6,3–4 hours,3–4 days/week,Yes,6–8 hours,5,4,2,2,2,5,4,2,4,3,3,3,3,"TU exam pattern, everything depends on final exam",Rarely,4,5,1,2,2,3,22,Low
23-25,Male,Pokhara University,BCA,4th Year,3.0–3.49,5–6,81–90%,2,More than 6,5–6,5–6 hours,3–4 days/week,Yes,6–8 hours,3,3,2,2,2,4,4,1,4,4,2,2,4,Not able to focus because of phone,Rarely,2,4,2,2,2,2,19,Low
Above 25,Female,Agriculture and Forestry University,Agriculture,4th Year,3.5–4.0,3–4,81–90%,1,1-2,7–8,3–4 hours,1–2 days/week,Yes,3–5 hours,3,4,2,2,1,5,2,1,4,4,2,3,3,"Future career concerns because I am unsure about job opportunities, assignment",Sometimes,3,4,1,4,2,2,20,Low
17-19,Female,Other,BDS,2nd Year,3.0–3.49,3–4,81–90%,4,3-4,5–6,5–6 hours,Never,No,More than 8 hours,4,3,4,4,4,2,2,5,2,3,5,5,1,Pressure to go abroad after graduation,Often,5,4,4,4,4,3,42,High
17-19,Female,Tribhuvan University,BSc CSIT,3rd Year,3.5–4.0,3–4,81–90%,2,3-4,5–6,1–2 hours,1–2 days/week,Yes,3–5 hours,3,3,2,3,1,3,4,1,5,5,2,1,4,Not able to focus because of phone,Rarely,2,5,3,2,1,1,17,Low
23-25,Male,Purbanchal University,BCA,2nd Year,2.5–2.99,1–2,71–80%,2,More than 6,Less than 5,3–4 hours,1–2 days/week,Yes,6–8 hours,5,1,2,4,2,3,3,2,4,3,2,4,1,Internal assessments and assignments piling up together,Sometimes,5,3,3,3,2,3,27,Moderate
20-22,Female,Pokhara University,BHM,2nd Year,3.5–4.0,1–2,Above 90%,2,More than 6,5–6,1–2 hours,Never,Yes,More than 8 hours,2,1,5,4,2,1,3,4,2,5,3,3,3,Deadlines,Rarely,4,4,5,3,4,1,34,Moderate
23-25,Female,Kathmandu University,BSc Nursing,4th Year,2.5–2.99,1–2,60–70%,4,5-6,5–6,3–4 hours,1–2 days/week,No,More than 8 hours,5,3,4,5,4,1,2,5,2,2,5,3,2,Internal assessments and assignments piling up together,Sometimes,5,3,5,4,4,4,43,High
23-25,Female,Tribhuvan University,BSc CSIT,3rd Year,3.5–4.0,3–4,81–90%,3,3-4,5–6,3–4 hours,1–2 days/week,No,6–8 hours,3,2,2,3,2,4,3,3,3,3,2,2,3,Unsure about future after graduation,Rarely,3,4,2,3,3,3,25,Moderate
23-25,Female,Madhyapaschim University,BCA,4th Year,3.0–3.49,5–6,71–80%,4,3-4,Less than 5,5–6 hours,1–2 days/week,No,More than 8 hours,2,2,4,4,4,2,2,4,2,2,3,2,2,"Parents compare me with relatives and toppers, unsure about future after graduation",Sometimes,5,4,4,4,4,4,37,High
Above 25,Female,Tribhuvan University,BHM,3rd Year,3.0–3.49,3–4,71–80%,3,1-2,5–6,5–6 hours,3–4 days/week,Yes,More than 8 hours,3,5,3,3,3,5,3,3,3,3,3,3,3,Future ,Rarely,1,5,1,3,3,3,28,Moderate
23-25,Female,Tribhuvan University,BSc Nursing,3rd Year,3.5–4.0,5–6,81–90%,2,5-6,7–8,3–4 hours,3–4 days/week,No,More than 8 hours,1,5,1,1,2,4,3,2,3,5,2,3,4,Study management,Rarely,3,4,2,3,3,1,20,Low
23-25,Female,Tribhuvan University,BCA,3rd Year,2.5–2.99,3–4,Below 60%,4,More than 6,5–6,5–6 hours,1–2 days/week,Yes,6–8 hours,4,2,4,3,3,2,2,3,4,3,3,5,3,Financial pressure ,Often,3,3,4,4,2,3,34,Moderate
17-19,Female,Kathmandu University,Law(LLB),1st Year,Not Available Yet,Less than 1,60–70%,3,1-2,7–8,3–4 hours,3–4 days/week,Yes,More than 8 hours,4,5,1,1,2,3,5,1,5,4,2,1,4,Time management,Rarely,2,4,3,1,1,2,15,Low
23-25,Female,Tribhuvan University,BSc CSIT,4th Year,2.5–2.99,3–4,60–70%,3,3-4,5–6,1–2 hours,1–2 days/week,Yes,Less than 3 hours,4,5,3,3,4,1,2,4,2,2,5,3,4,Unsure ,Often,5,2,5,4,4,4,39,High
17-19,Female,Kathmandu University,Law(LLB),1st Year,Not Available Yet,1–2,71–80%,4,5-6,7–8,5–6 hours,Never,No,More than 8 hours,4,1,5,5,4,3,2,5,1,1,5,5,1,Assignment ,Very Often,4,3,3,4,5,5,46,High
Above 25,Female,Kathmandu University,MBBS,5th Year,3.5–4.0,3–4,71–80%,3,More than 6,7–8,Less than 1 hour,5–6 days/week,No,6–8 hours,2,4,3,1,3,5,4,2,5,5,2,2,4,Ok,Never,5,4,1,2,1,1,18,Low
23-25,Male,Other,BDS,4th Year,3.0–3.49,3–4,81–90%,3,3-4,7–8,Less than 1 hour,Never,Yes,More than 8 hours,2,4,3,2,3,4,3,3,3,2,3,3,4,Yes,Sometimes,3,4,2,3,3,4,29,Moderate
20-22,Male,Sudurpaschim University,BCA,2nd Year,3.5–4.0,5–6,81–90%,2,5-6,7–8,3–4 hours,3–4 days/week,No,More than 8 hours,2,3,2,3,3,4,4,1,4,4,3,2,3,Tuition fees and hostel expenses,Rarely,2,5,2,2,2,2,22,Low
Above 25,Male,Tribhuvan University,BCA,2nd Year,2.5–2.99,Less than 1,81–90%,3,5-6,5–6,3–4 hours,1–2 days/week,No,6–8 hours,3,3,2,2,2,3,4,1,4,4,2,1,4,"Result delays and session delays in university, career",Sometimes,1,4,3,2,2,2,19,Low
17-19,Prefer not to say,Sudurpaschim University,BCA,1st Year,Not Available Yet,Less than 1,71–80%,1,3-4,7–8,Less than 1 hour,3–4 days/week,Yes,Less than 3 hours,3,3,2,2,2,4,5,2,3,5,1,1,5,Working part time and studying at the same time,Never,3,4,2,1,3,1,17,Low
23-25,Female,Tribhuvan University,Law(LLB),4th Year,2.5–2.99,1–2,71–80%,3,More than 6,7–8,3–4 hours,5–6 days/week,Yes,3–5 hours,2,4,3,2,2,3,3,3,4,2,2,1,3,Money,Sometimes,2,5,3,3,2,4,25,Moderate
17-19,Male,Tribhuvan University,BIM,1st Year,Not Available Yet,5–6,81–90%,3,1-2,5–6,1–2 hours,Never,No,3–5 hours,4,2,4,5,4,1,1,4,2,2,4,5,2,Internal assessments and assignments piling up together,Often,4,3,5,5,4,4,44,High
Above 25,Female,Kathmandu University,MBBS,5th Year,3.5–4.0,5–6,60–70%,3,More than 6,More than 8,Less than 1 hour,5–6 days/week,No,6–8 hours,3,2,3,3,3,4,4,3,4,2,4,2,2,Study management,Rarely,4,4,2,2,2,4,28,Moderate
20-22,Male,Purbanchal University,BCA,3rd Year,3.0–3.49,1–2,Above 90%,5,1-2,5–6,5–6 hours,Never,Yes,More than 8 hours,4,2,3,4,5,3,1,5,3,2,5,5,3,Study management,Often,4,2,3,5,3,4,42,High
23-25,Male,Tribhuvan University,Law(LLB),5th Year,3.0–3.49,Less than 1,81–90%,5,3-4,Less than 5,1–2 hours,Never,Yes,6–8 hours,5,1,4,4,4,1,2,5,3,2,5,5,3,Time management,Sometimes,4,3,5,4,3,4,43,High
20-22,Female,Pokhara University,BSc Nursing,2nd Year,3.0–3.49,Less than 1,Above 90%,3,3-4,5–6,1–2 hours,1–2 days/week,No,Less than 3 hours,1,3,2,3,3,4,3,3,3,2,3,3,4,Exams ,Rarely,2,4,2,3,3,4,29,Moderate
17-19,Female,Pokhara University,BCA,1st Year,Not Available Yet,1–2,71–80%,2,More than 6,Less than 5,3–4 hours,5–6 days/week,No,6–8 hours,2,3,2,1,2,4,3,2,4,3,3,2,3,Nothing much,Sometimes,2,4,2,3,2,3,22,Low
20-22,Male,Tribhuvan University,MBBS,2nd Year,3.5–4.0,3–4,71–80%,1,More than 6,More than 8,3–4 hours,1–2 days/week,No,More than 8 hours,2,4,1,2,1,5,5,1,5,4,1,2,5,Unsure ,Never,3,5,1,1,1,2,13,Low
23-25,Female,Other,MBBS,5th Year,3.5–4.0,3–4,71–80%,2,1-2,7–8,3–4 hours,3–4 days/week,Yes,6–8 hours,2,2,1,2,2,4,4,1,4,3,1,1,4,Too many assignments and lab reports with the same deadline,Rarely,2,5,2,2,2,3,17,Low
17-19,Male,Tribhuvan University,BCA,2nd Year,2.5–2.99,Less than 1,71–80%,5,More than 6,5–6,3–4 hours,3–4 days/week,Yes,6–8 hours,4,3,4,5,5,2,2,5,3,2,4,4,1,Ok,Very Often,3,3,4,4,3,4,42,High
23-25,Male,Tribhuvan University,BSc CSIT,3rd Year,3.0–3.49,Less than 1,60–70%,3,More than 6,Less than 5,Less than 1 hour,Never,No,3–5 hours,3,2,2,3,3,2,3,3,3,2,3,3,4,"Career, jobs are very limited in Nepal",Very Often,3,4,4,3,3,4,31,Moderate
20-22,Female,Tribhuvan University,Law(LLB),2nd Year,3.0–3.49,5–6,81–90%,4,5-6,Less than 5,5–6 hours,Never,Yes,6–8 hours,4,3,3,4,4,2,4,5,2,4,5,2,3,Family expectations to get good grades,Sometimes,3,4,4,2,4,2,35,Moderate
20-22,Female,Kathmandu University,Law(LLB),3rd Year,2.0–2.49,1–2,60–70%,4,5-6,5–6,5–6 hours,Never,Yes,6–8 hours,3,3,3,5,4,3,3,4,2,3,5,4,3,Balancing money and education,Often,3,3,3,3,4,3,38,High
20-22,Female,Kathmandu University,BSc Nursing,3rd Year,3.0–3.49,3–4,71–80%,2,5-6,Less than 5,1–2 hours,3–4 days/week,No,6–8 hours,2,4,2,2,2,4,4,3,3,4,3,2,5,Frequent internal exams and practicals,Rarely,2,5,2,2,3,2,23,Low
20-22,Female,Tribhuvan University,BBS,3rd Year,2.5–2.99,3–4,Below 60%,4,3-4,Less than 5,3–4 hours,5–6 days/week,Yes,More than 8 hours,4,2,3,3,3,2,3,3,3,3,4,3,3,"Exams, because the whole year's result depends on the final board exam",Never,3,2,4,3,3,3,32,Moderate
23-25,Female,Pokhara University,BHM,4th Year,3.0–3.49,5–6,81–90%,4,1-2,5–6,3–4 hours,3–4 days/week,Yes,More than 8 hours,5,3,3,3,3,3,2,3,4,3,3,3,2,"Balancing part-time job and classes, I don't get enough time to study",Sometimes,4,2,3,4,2,3,30,Moderate
17-19,Male,Tribhuvan University,BCA,1st Year,Not Available Yet,3–4,Above 90%,3,5-6,5–6,5–6 hours,1–2 days/week,Yes,More than 8 hours,4,3,5,5,4,2,1,5,2,2,5,4,1,Time management,Sometimes,3,1,4,5,4,4,45,High
23-25,Male,Tribhuvan University,BBS,3rd Year,3.0–3.49,5–6,71–80%,3,3-4,7–8,5–6 hours,3–4 days/week,Yes,More than 8 hours,3,2,3,3,5,2,2,5,2,2,2,3,2,Internal assessments and assignments piling up together,Often,3,2,4,4,4,4,37,High
20-22,Female,Kathmandu University,BE/B.Tech,2nd Year,3.5–4.0,1–2,60–70%,2,More than 6,Less than 5,3–4 hours,3–4 days/week,Yes,3–5 hours,4,3,2,2,2,3,3,2,2,4,2,3,4,Office hours clash with college time,Often,3,4,3,3,4,2,25,Moderate
23-25,Male,Tribhuvan University,BBS,4th Year,3.5–4.0,3–4,71–80%,3,3-4,7–8,5–6 hours,Never,Yes,More than 8 hours,2,4,4,3,2,3,3,2,3,4,2,5,3,Too many assignments and lab reports with the same deadline,Often,3,3,3,3,3,2,29,Moderate
20-22,Male,Tribhuvan University,MBBS,3rd Year,3.5–4.0,5–6,71–80%,3,More than 6,More than 8,1–2 hours,1–2 days/week,No,3–5 hours,2,4,2,2,2,5,5,2,3,4,2,2,3,Career,Rarely,3,5,1,1,3,2,19,Low
Above 25,Female,Kathmandu University,MBBS,4th Year,2.5–2.99,3–4,60–70%,4,5-6,More than 8,3–4 hours,1–2 days/week,No,3–5 hours,1,3,4,4,4,2,3,3,2,3,4,5,3,Exam routine keeps changing and results come very late,Rarely,4,2,4,3,4,3,38,High
20-22,Male,Agriculture and Forestry University,Agriculture,4th Year,2.5–2.99,Less than 1,60–70%,2,5-6,5–6,3–4 hours,3–4 days/week,Yes,More than 8 hours,3,5,2,1,1,5,4,3,4,5,3,1,5,Lack of practical classes and resources,Rarely,1,4,1,2,2,1,17,Low
17-19,Female,Pokhara University,BCA,1st Year,3.0–3.49,1–2,71–80%,3,5-6,Less than 5,1–2 hours,3–4 days/week,No,3–5 hours,2,4,3,3,3,1,3,4,3,3,3,4,3,Lack of discipline and too much screen time,Often,4,4,5,3,3,3,34,Moderate
20-22,Female,Kathmandu University,BSc Nursing,2nd Year,2.5–2.99,Less than 1,60–70%,3,3-4,5–6,5–6 hours,3–4 days/week,No,More than 8 hours,2,3,2,2,2,3,4,2,3,5,3,1,4,Internal assessments and assignments piling up together,Sometimes,3,3,3,2,3,1,21,Low
23-25,Female,Kathmandu University,BDS,4th Year,2.5–2.99,3–4,Below 60%,4,More than 6,7–8,3–4 hours,1–2 days/week,Yes,6–8 hours,4,3,4,3,3,2,2,4,3,3,3,3,2,Final year project and internship,Sometimes,4,3,4,4,3,3,34,Moderate
Above 25,Female,Other,BDS,5th Year,3.5–4.0,1–2,71–80%,2,More than 6,5–6,3–4 hours,3–4 days/week,Yes,6–8 hours,2,4,1,1,2,5,4,2,4,4,3,2,3,Tuition fees and hostel expenses,Rarely,4,4,1,2,2,2,18,Low
23-25,Female,Tribhuvan University,BIM,4th Year,3.5–4.0,3–4,60–70%,3,3-4,7–8,More than 6 hours,1–2 days/week,No,More than 8 hours,3,4,4,4,4,2,1,4,2,2,5,4,2,Frustration ,Rarely,4,4,4,5,4,4,42,High
20-22,Female,Kathmandu University,BSc Nursing,2nd Year,3.0–3.49,3–4,71–80%,2,More than 6,5–6,3–4 hours,3–4 days/week,No,6–8 hours,3,2,2,2,2,4,4,3,5,4,2,3,4,Multiple assignments ,Rarely,4,3,2,2,1,2,21,Low
20-22,Male,Kathmandu University,BDS,3rd Year,3.0–3.49,3–4,60–70%,4,3-4,5–6,3–4 hours,3–4 days/week,No,3–5 hours,2,4,4,4,5,2,2,4,2,1,5,4,3,Assignment ,Often,2,4,4,4,4,5,43,High
Above 25,Female,Tribhuvan University,BSc CSIT,4th Year,3.5–4.0,3–4,71–80%,3,3-4,5–6,Less than 1 hour,3–4 days/week,Yes,3–5 hours,2,5,2,2,1,4,4,1,5,3,1,2,4,Multiple assignments ,Never,3,4,2,2,1,3,17,Low
23-25,Male,Tribhuvan University,Law(LLB),5th Year,2.5–2.99,3–4,81–90%,3,1-2,7–8,3–4 hours,3–4 days/week,No,6–8 hours,4,4,5,5,4,3,2,5,2,2,4,5,1,Money,Very Often,5,2,3,4,4,4,43,High
20-22,Male,Tribhuvan University,BSc CSIT,2nd Year,2.0–2.49,1–2,71–80%,5,More than 6,Less than 5,5–6 hours,5–6 days/week,No,More than 8 hours,3,3,4,4,5,2,2,5,2,2,4,5,3,Assignment ,Very Often,4,1,4,4,4,4,43,High
20-22,Male,Tribhuvan University,BSc CSIT,3rd Year,2.0–2.49,1–2,Below 60%,5,3-4,5–6,1–2 hours,1–2 days/week,Yes,More than 8 hours,4,1,4,5,5,3,2,4,2,3,3,5,3,Assignments because multiple deadlines occur at the same time,Often,5,3,3,4,4,3,40,High
20-22,Male,Rajarshi Janak University,BCA,2nd Year,Below 2.0,1–2,Below 60%,5,1-2,5–6,1–2 hours,Never,Yes,3–5 hours,3,4,5,4,3,4,2,4,3,2,4,4,3,"Multiple assignments, future career",Often,4,2,2,4,3,4,37,High
20-22,Male,Purbanchal University,Agriculture,2nd Year,2.0–2.49,1–2,60–70%,4,1-2,5–6,3–4 hours,1–2 days/week,No,3–5 hours,2,2,3,3,2,3,3,3,3,2,4,5,3,Deadlines,Sometimes,3,3,3,3,3,4,33,Moderate
23-25,Female,Kathmandu University,MBBS,2nd Year,2.5–2.99,3–4,81–90%,3,3-4,Less than 5,1–2 hours,3–4 days/week,No,3–5 hours,3,2,3,3,3,3,2,2,3,5,2,2,5,"Tuition fees and hostel expenses, result delays and session delays in university",Sometimes,3,2,3,4,3,1,26,Moderate
23-25,Male,Other,BSc Nursing,2nd Year,3.5–4.0,3–4,81–90%,4,3-4,More than 8,1–2 hours,3–4 days/week,No,6–8 hours,3,3,3,3,3,3,2,4,3,3,3,3,3,Multiple assignments ,Rarely,3,3,3,4,3,3,32,Moderate
17-19,Male,Tribhuvan University,BSc CSIT,1st Year,3.5–4.0,1–2,81–90%,3,5-6,7–8,Less than 1 hour,3–4 days/week,Yes,3–5 hours,2,5,1,2,1,5,5,1,5,4,1,1,5,Board exams,Rarely,1,4,1,1,1,2,12,Low
17-19,Female,Tribhuvan University,BE/B.Tech,1st Year,Not Available Yet,5–6,71–80%,5,5-6,5–6,1–2 hours,3–4 days/week,No,6–8 hours,4,2,4,4,4,2,3,5,3,4,5,5,3,Exam routine keeps changing and results come very late,Sometimes,3,3,4,3,3,2,39,High
23-25,Female,Agriculture and Forestry University,Agriculture,4th Year,3.0–3.49,Less than 1,81–90%,2,3-4,7–8,5–6 hours,1–2 days/week,Yes,6–8 hours,2,4,2,2,1,3,4,2,4,4,2,1,3,Final year project and internship,Rarely,3,4,3,2,2,2,19,Low
Above 25,Female,Tribhuvan University,BE/B.Tech,3rd Year,3.5–4.0,Less than 1,71–80%,1,5-6,More than 8,1–2 hours,1–2 days/week,Yes,Less than 3 hours,1,4,2,2,1,5,4,2,5,4,1,2,5,Time management,Rarely,2,5,1,2,1,2,16,Low
20-22,Female,Tribhuvan University,BSc CSIT,2nd Year,3.5–4.0,1–2,71–80%,2,1-2,5–6,Less than 1 hour,5–6 days/week,No,3–5 hours,3,4,1,2,1,4,4,2,5,5,2,2,3,Money,Never,3,5,2,2,1,1,16,Low
20-22,Female,Tribhuvan University,BBS,3rd Year,2.0–2.49,Less than 1,71–80%,3,3-4,5–6,5–6 hours,1–2 days/week,No,More than 8 hours,3,5,3,3,2,3,2,2,4,4,3,4,3,Paying semester fees while living in Kathmandu is hard,Rarely,2,2,3,4,2,2,28,Moderate
23-25,Female,Tribhuvan University,MBBS,3rd Year,3.0–3.49,Less than 1,71–80%,4,1-2,7–8,5–6 hours,Never,Yes,3–5 hours,4,3,5,5,4,1,2,4,1,1,5,4,3,Future career concerns because I am unsure about job opportunities,Very Often,5,3,5,4,5,5,46,High
20-22,Male,Agriculture and Forestry University,Agriculture,2nd Year,3.0–3.49,3–4,71–80%,4,1-2,5–6,3–4 hours,3–4 days/week,Yes,More than 8 hours,4,2,4,3,4,2,2,2,1,3,3,2,3,Paying semester fees while living in Kathmandu is hard,Rarely,4,3,4,4,5,3,34,Moderate
Above 25,Prefer not to say,Pokhara University,BSc Nursing,4th Year,2.0–2.49,Less than 1,81–90%,4,More than 6,5–6,1–2 hours,1–2 days/week,No,3–5 hours,4,3,3,4,5,2,2,4,1,2,5,5,1,Frequent internal exams and practicals,Very Often,5,1,4,4,5,4,43,High
20-22,Male,Tribhuvan University,BHM,2nd Year,3.5–4.0,1–2,Above 90%,2,3-4,7–8,Less than 1 hour,Daily,Yes,3–5 hours,3,4,2,1,1,5,5,1,5,5,1,1,3,Deadlines,Never,1,5,1,1,1,1,11,Low
17-19,Female,Tribhuvan University,BIM,3rd Year,3.5–4.0,3–4,81–90%,3,1-2,7–8,3–4 hours,3–4 days/week,Yes,6–8 hours,3,4,4,2,3,3,3,2,4,4,3,3,3,Office hours clash with college time,Rarely,4,5,3,3,2,2,27,Moderate
Above 25,Male,Kathmandu University,Law(LLB),4th Year,3.0–3.49,Less than 1,Below 60%,2,1-2,Less than 5,3–4 hours,3–4 days/week,Yes,6–8 hours,3,2,4,4,3,3,3,4,2,4,4,3,2,Not able to focus because of phone,Rarely,5,3,3,3,4,2,34,Moderate
17-19,Female,Tribhuvan University,BSc CSIT,1st Year,3.5–4.0,3–4,71–80%,2,5-6,7–8,3–4 hours,1–2 days/week,Yes,More than 8 hours,3,5,1,1,1,5,4,2,3,5,1,2,4,Unsure ,Never,4,4,1,2,3,1,15,Low
23-25,Male,Rajarshi Janak University,BBS,4th Year,3.5–4.0,1–2,81–90%,1,More than 6,5–6,5–6 hours,3–4 days/week,Yes,More than 8 hours,2,4,2,3,3,3,3,3,4,3,2,1,3,Deadlines,Sometimes,3,5,3,3,2,3,25,Moderate
23-25,Male,Tribhuvan University,BCA,4th Year,3.0–3.49,Less than 1,60–70%,2,5-6,5–6,5–6 hours,Never,Yes,6–8 hours,3,4,2,2,2,4,3,1,5,5,3,1,4,"Career, jobs are very limited in Nepal",Never,4,3,2,3,1,1,18,Low
20-22,Male,Tribhuvan University,BHM,3rd Year,2.0–2.49,Less than 1,60–70%,4,1-2,Less than 5,5–6 hours,Never,Yes,6–8 hours,5,4,4,5,4,2,2,5,1,1,5,5,2,Financial pressure because my family struggles to pay tuition,Often,3,1,4,4,5,5,46,High
17-19,Female,Tribhuvan University,BCA,2nd Year,2.0–2.49,Less than 1,Below 60%,4,5-6,7–8,1–2 hours,1–2 days/week,Yes,6–8 hours,5,2,5,5,4,2,1,5,1,2,5,5,2,Project submission deadlines clashing with exams,Often,5,1,4,5,5,4,47,High
23-25,Female,Purbanchal University,BSc Nursing,4th Year,2.0–2.49,1–2,71–80%,4,3-4,5–6,3–4 hours,3–4 days/week,No,6–8 hours,2,1,3,3,4,1,2,4,4,3,4,4,3,Future career,Rarely,5,3,5,4,2,3,36,Moderate
23-25,Prefer not to say,Kathmandu University,MBBS,3rd Year,Not Available Yet,More than 6 hours,81–90%,2,5-6,5–6,3–4 hours,3–4 days/week,Yes,6–8 hours,5,3,2,2,1,4,4,1,4,4,1,1,3,"Balancing part-time job and classes, I don't get enough time to study",Rarely,3,2,2,2,2,2,16,Low
20-22,Male,Tribhuvan University,BBS,2nd Year,3.0–3.49,5–6,71–80%,2,More than 6,More than 8,5–6 hours,1–2 days/week,No,More than 8 hours,1,4,2,1,2,5,3,2,4,4,2,3,4,"TU exam pattern, everything depends on final exam",Rarely,2,4,1,3,2,2,20,Low
23-25,Prefer not to say,Other,MBBS,4th Year,3.0–3.49,3–4,81–90%,2,3-4,7–8,Less than 1 hour,Daily,No,Less than 3 hours,1,5,1,2,1,4,5,2,5,5,1,2,3,Semester project with weak team members,Never,3,4,2,1,1,1,14,Low
23-25,Female,Pokhara University,BHM,4th Year,2.5–2.99,1–2,60–70%,4,3-4,7–8,1–2 hours,1–2 days/week,No,3–5 hours,4,3,2,3,3,3,3,3,4,4,3,2,3,"Procrastination, future",Sometimes,4,3,3,3,2,2,26,Moderate
23-25,Female,Pokhara University,BHM,3rd Year,2.5–2.99,Less than 1,71–80%,2,1-2,5–6,3–4 hours,Never,Yes,6–8 hours,1,3,2,3,3,3,4,1,4,4,1,2,4,Future career,Sometimes,4,4,3,2,2,2,21,Low
20-22,Female,Tribhuvan University,BSc Nursing,3rd Year,3.5–4.0,Less than 1,81–90%,2,More than 6,7–8,1–2 hours,3–4 days/week,No,6–8 hours,2,4,1,3,2,3,4,3,3,4,2,2,5,Ok,Sometimes,2,5,3,2,3,2,23,Low
17-19,Female,Tribhuvan University,BSc Nursing,2nd Year,3.5–4.0,3–4,81–90%,3,3-4,5–6,1–2 hours,Daily,No,Less than 3 hours,3,4,2,2,2,5,3,2,4,5,1,2,4,Pressure to go abroad after graduation,Rarely,3,5,1,3,2,1,18,Low
23-25,Female,Pokhara University,BHM,4th Year,3.5–4.0,5–6,71–80%,4,1-2,5–6,3–4 hours,5–6 days/week,Yes,6–8 hours,4,1,5,4,5,1,2,4,3,2,4,4,2,Working part time and studying at the same time,Rarely,2,3,5,4,3,4,42,High
23-25,Female,Madhyapaschim University,BCA,4th Year,2.5–2.99,1–2,81–90%,4,5-6,5–6,Less than 1 hour,Never,Yes,3–5 hours,5,2,5,5,4,2,3,4,4,1,4,3,2,Ok,Often,4,2,4,3,2,5,39,High
20-22,Male,Tribhuvan University,BDS,2nd Year,Not Available Yet,3–4,71–80%,3,3-4,5–6,1–2 hours,1–2 days/week,No,More than 8 hours,3,4,4,3,3,4,3,3,3,1,3,3,4,Board exams,Sometimes,2,2,2,3,3,5,32,Moderate
20-22,Male,Tribhuvan University,BSc CSIT,1st Year,3.0–3.49,Less than 1,81–90%,2,1-2,More than 8,5–6 hours,3–4 days/week,No,More than 8 hours,3,4,1,2,2,3,4,4,4,5,1,1,4,Job market is competitive and many seniors are still unemployed,Rarely,1,4,3,2,2,1,19,Low
20-22,Female,Tribhuvan University,BDS,4th Year,3.0–3.49,5–6,60–70%,5,5-6,Less than 5,3–4 hours,1–2 days/week,Yes,6–8 hours,3,2,4,4,4,3,2,5,1,2,5,4,2,Deadlines,Sometimes,3,5,3,4,5,4,42,High
23-25,Male,Purbanchal University,BCA,4th Year,2.0–2.49,1–2,81–90%,1,5-6,5–6,Less than 1 hour,3–4 days/week,Yes,Less than 3 hours,3,5,2,2,2,5,5,1,4,3,1,2,2,Working part time and studying at the same time,Rarely,2,3,1,1,2,3,17,Low
20-22,Male,Sudurpaschim University,BSc CSIT,3rd Year,2.5–2.99,Less than 1,71–80%,3,3-4,5–6,1–2 hours,Never,Yes,6–8 hours,3,4,2,2,2,4,4,3,4,5,2,1,4,Pressure to go abroad after graduation,Rarely,2,4,2,2,2,1,19,Low
23-25,Female,Other,BDS,3rd Year,3.5–4.0,1–2,Above 90%,2,More than 6,7–8,3–4 hours,3–4 days/week,No,More than 8 hours,3,3,3,2,2,2,3,3,4,3,3,3,4,Future ,Never,3,3,4,3,2,3,28,Moderate
20-22,Male,Tribhuvan University,BSc CSIT,2nd Year,3.0–3.49,Less than 1,71–80%,3,1-2,More than 8,Less than 1 hour,3–4 days/week,No,3–5 hours,1,5,3,3,2,4,4,3,2,4,2,2,3,Maybe,Never,3,4,2,2,4,2,25,Moderate
20-22,Female,Pokhara University,BE/B.Tech,4th Year,2.5–2.99,1–2,71–80%,3,3-4,5–6,3–4 hours,3–4 days/week,Yes,6–8 hours,2,2,2,4,2,3,2,2,2,4,2,3,5,"Exams, because the whole year's result depends on the final board exam",Rarely,2,3,3,4,4,2,28,Moderate
23-25,Male,Tribhuvan University,BE/B.Tech,4th Year,3.5–4.0,3–4,81–90%,4,More than 6,Less than 5,5–6 hours,3–4 days/week,Yes,More than 8 hours,4,3,2,3,2,3,3,4,3,3,3,3,3,Unfair grading in internal marks,Sometimes,5,5,3,3,3,3,29,Moderate
17-19,Male,Tribhuvan University,BCA,1st Year,3.5–4.0,5–6,71–80%,4,5-6,5–6,3–4 hours,Never,Yes,More than 8 hours,5,3,4,3,3,1,2,4,2,2,5,4,2,Unsure about future after graduation,Often,4,3,5,4,4,4,40,High
20-22,Female,Tribhuvan University,Agriculture,1st Year,Not Available Yet,Less than 1,81–90%,3,1-2,More than 8,3–4 hours,1–2 days/week,Yes,6–8 hours,2,3,4,2,4,3,5,2,4,4,3,3,3,Multiple assignments ,Often,3,2,3,1,2,2,26,Moderate
20-22,Male,Pokhara University,BHM,4th Year,Below 2.0,1–2,60–70%,1,1-2,7–8,3–4 hours,Never,Yes,3–5 hours,1,3,3,4,3,3,2,4,2,1,3,5,2,Financial ,Very Often,2,2,3,4,4,5,38,High
20-22,Male,Rajarshi Janak University,Agriculture,1st Year,3.0–3.49,1–2,81–90%,2,3-4,7–8,3–4 hours,Never,No,6–8 hours,2,4,2,2,1,5,3,2,4,5,1,2,5,Assignments because multiple deadlines occur at the same time,Rarely,4,4,1,3,2,1,17,Low
23-25,Male,Agriculture and Forestry University,Agriculture,4th Year,2.5–2.99,3–4,Below 60%,5,5-6,5–6,5–6 hours,Never,Yes,More than 8 hours,4,2,4,5,5,2,2,4,1,2,3,4,3,Pressure to go abroad after graduation,Very Often,5,3,4,4,5,4,42,High
Above 25,Male,Tribhuvan University,BSc CSIT,4th Year,2.5–2.99,Less than 1,81–90%,1,1-2,7–8,1–2 hours,Daily,Yes,6–8 hours,1,4,1,1,2,5,5,1,3,4,2,2,4,Job ,Never,2,4,1,1,3,2,16,Low
23-25,Male,Tribhuvan University,Agriculture,4th Year,3.5–4.0,3–4,60–70%,3,5-6,5–6,1–2 hours,Never,Yes,6–8 hours,3,3,3,3,2,4,4,3,4,1,2,2,2,"Project submission deadlines clashing with exams, outdated syllabus and theory heavy teaching",Often,3,5,2,2,2,5,26,Moderate
Above 25,Female,Kathmandu University,MBBS,3rd Year,3.0–3.49,3–4,71–80%,2,1-2,5–6,5–6 hours,3–4 days/week,No,6–8 hours,2,5,3,3,3,3,4,3,3,3,1,2,3,Pressure to go abroad after graduation,Sometimes,3,4,3,2,3,3,26,Moderate
20-22,Male,Tribhuvan University,BSc CSIT,3rd Year,2.5–2.99,Less than 1,Below 60%,2,5-6,5–6,1–2 hours,5–6 days/week,Yes,3–5 hours,4,5,2,1,1,5,4,3,5,4,1,2,5,Unfair grading in internal marks,Never,2,3,1,2,1,2,16,Low
Above 25,Male,Kathmandu University,BDS,4th Year,3.0–3.49,5–6,71–80%,3,More than 6,7–8,3–4 hours,1–2 days/week,No,More than 8 hours,2,4,3,3,2,2,3,5,3,3,3,4,5,Board exams,Very Often,4,4,4,3,3,3,33,Moderate
20-22,Female,Kathmandu University,MBBS,3rd Year,3.5–4.0,More than 6 hours,81–90%,2,1-2,7–8,1–2 hours,5–6 days/week,Yes,6–8 hours,4,4,2,1,2,3,5,2,5,4,1,2,4,"Balancing part-time job and classes, I don't get enough time to study",Sometimes,2,5,3,1,1,2,17,Low
17-19,Male,Other,BDS,2nd Year,3.0–3.49,3–4,71–80%,1,1-2,More than 8,3–4 hours,5–6 days/week,No,6–8 hours,1,5,2,1,2,3,5,1,4,5,1,1,4,Not able to focus because of phone,Never,2,4,3,1,2,1,15,Low
23-25,Male,Purbanchal University,BCA,4th Year,2.0–2.49,1–2,Below 60%,2,1-2,7–8,3–4 hours,3–4 days/week,No,More than 8 hours,2,4,2,2,2,5,5,1,5,5,1,3,4,"Career, jobs are very limited in Nepal",Never,4,4,1,1,1,1,15,Low
20-22,Female,Tribhuvan University,BBS,4th Year,2.0–2.49,Less than 1,60–70%,5,3-4,Less than 5,3–4 hours,1–2 days/week,No,3–5 hours,3,2,4,5,5,2,1,5,3,2,5,5,1,Family pressure,Very Often,4,4,4,5,3,4,45,High
23-25,Female,Tribhuvan University,BSc CSIT,4th Year,3.5–4.0,3–4,Above 90%,1,1-2,More than 8,3–4 hours,1–2 days/week,Yes,6–8 hours,5,2,3,2,2,3,4,2,4,3,1,3,5,"Career, jobs are very limited in Nepal",Sometimes,2,5,3,2,2,3,23,Low
23-25,Male,Tribhuvan University,MBBS,3rd Year,2.5–2.99,1–2,71–80%,3,3-4,5–6,3–4 hours,5–6 days/week,No,More than 8 hours,1,5,2,2,1,4,4,1,5,5,2,1,4,Result delays and session delays in university,Rarely,3,5,2,2,1,1,15,Low
20-22,Male,Tribhuvan University,BSc Nursing,2nd Year,3.5–4.0,5–6,60–70%,3,3-4,5–6,3–4 hours,1–2 days/week,No,6–8 hours,4,2,5,3,4,2,3,4,2,1,5,4,2,Deadlines,Very Often,2,4,4,3,4,5,41,High
20-22,Female,Tribhuvan University,BSc CSIT,3rd Year,3.5–4.0,3–4,Above 90%,2,3-4,5–6,3–4 hours,Never,Yes,More than 8 hours,3,3,1,1,2,5,4,2,4,5,3,2,4,Assignment ,Never,3,4,1,2,2,1,17,Low
23-25,Female,Tribhuvan University,Law(LLB),5th Year,3.5–4.0,3–4,81–90%,4,1-2,7–8,5–6 hours,Never,No,More than 8 hours,3,4,5,5,4,1,3,4,2,1,5,5,3,"Future, assignments because multiple deadlines occur at the same time",Sometimes,3,3,5,3,4,5,45,High
17-19,Prefer not to say,Pokhara University,BHM,1st Year,Not Available Yet,1–2,60–70%,4,More than 6,7–8,3–4 hours,5–6 days/week,Yes,More than 8 hours,4,4,2,2,3,4,4,3,3,3,2,1,2,Financial pressure because my family struggles to pay tuition,Rarely,3,3,2,2,3,3,23,Low
Above 25,Female,Purbanchal University,BCA,4th Year,Not Available Yet,Less than 1,60–70%,2,More than 6,7–8,3–4 hours,1–2 days/week,No,6–8 hours,2,4,3,3,2,3,5,1,3,4,3,2,3,"Internal assessments and assignments piling up together, unsure about future after graduation",Rarely,3,3,3,1,3,2,23,Low
23-25,Female,Other,MBBS,4th Year,3.5–4.0,3–4,Above 90%,2,3-4,5–6,3–4 hours,1–2 days/week,Yes,6–8 hours,3,3,2,2,1,3,3,2,4,4,2,1,5,"Balancing money and education, future",Sometimes,5,4,3,3,2,2,20,Low
20-22,Prefer not to say,Pokhara University,BHM,4th Year,2.5–2.99,3–4,60–70%,5,3-4,5–6,3–4 hours,5–6 days/week,No,More than 8 hours,5,4,5,4,4,1,2,4,2,2,5,4,1,Frustration ,Often,4,4,5,4,4,4,43,High
23-25,Female,Madhyapaschim University,BCA,4th Year,3.5–4.0,3–4,71–80%,1,1-2,5–6,3–4 hours,Daily,Yes,6–8 hours,3,2,2,2,2,5,5,1,5,5,1,2,3,Not able to focus because of phone,Never,5,3,1,1,1,1,14,Low
20-22,Female,Tribhuvan University,BBS,3rd Year,3.5–4.0,3–4,81–90%,4,3-4,5–6,Less than 1 hour,1–2 days/week,Yes,6–8 hours,4,4,3,3,3,3,4,3,2,3,3,1,3,Project submission deadlines clashing with exams,Often,3,4,3,2,4,3,28,Moderate
23-25,Male,Sudurpaschim University,BSc CSIT,3rd Year,3.0–3.49,5–6,60–70%,2,3-4,Less than 5,3–4 hours,Never,Yes,More than 8 hours,3,2,4,3,3,1,2,4,2,1,3,3,1,Money,Sometimes,3,4,5,4,4,5,38,High
20-22,Male,Kathmandu University,BDS,3rd Year,3.5–4.0,More than 6 hours,Above 90%,4,3-4,5–6,More than 6 hours,3–4 days/week,No,More than 8 hours,4,2,5,4,5,1,1,5,1,2,4,5,1,Lack of discipline and too much screen time,Often,2,3,5,5,5,4,47,High
20-22,Male,Tribhuvan University,MBBS,4th Year,3.5–4.0,5–6,71–80%,3,5-6,5–6,3–4 hours,1–2 days/week,No,6–8 hours,3,2,4,4,3,2,3,2,3,3,4,3,3,Future career concerns because I am unsure about job opportunities,Often,3,3,4,3,3,3,33,Moderate
20-22,Female,Tribhuvan University,BSc CSIT,4th Year,3.0–3.49,3–4,Above 90%,2,5-6,More than 8,3–4 hours,3–4 days/week,Yes,6–8 hours,3,5,1,1,2,5,4,1,4,5,1,2,4,Tuition fees and hostel expenses,Rarely,2,4,1,2,2,1,14,Low
20-22,Female,Other,BSc Nursing,2nd Year,3.0–3.49,Less than 1,71–80%,2,3-4,7–8,3–4 hours,Never,No,3–5 hours,5,5,3,2,3,3,3,2,3,3,2,3,3,Frustration ,Sometimes,3,4,3,3,3,3,27,Moderate
23-25,Male,Tribhuvan University,Law(LLB),2nd Year,2.5–2.99,1–2,81–90%,4,5-6,5–6,3–4 hours,1–2 days/week,No,More than 8 hours,2,2,4,4,4,2,3,3,3,3,4,3,2,"Deadlines, unfair grading in internal marks",Sometimes,4,3,4,3,3,3,35,Moderate
20-22,Female,Kathmandu University,MBBS,3rd Year,3.0–3.49,5–6,71–80%,5,5-6,Less than 5,5–6 hours,1–2 days/week,No,6–8 hours,5,2,4,5,5,1,3,5,2,2,4,4,1,Board exams,Very Often,4,2,5,3,4,4,43,High
17-19,Female,Sudurpaschim University,BCA,2nd Year,3.5–4.0,3–4,71–80%,3,3-4,5–6,Less than 1 hour,1–2 days/week,Yes,Less than 3 hours,3,2,3,3,3,3,2,4,3,1,3,3,4,Career,Rarely,4,5,3,4,3,5,34,Moderate
20-22,Female,Other,BDS,2nd Year,2.5–2.99,3–4,60–70%,5,3-4,Less than 5,5–6 hours,1–2 days/week,No,6–8 hours,4,1,5,4,5,2,1,4,2,1,5,5,1,Frequent internal exams and practicals,Often,5,3,4,5,4,5,46,High
20-22,Female,Tribhuvan University,Law(LLB),4th Year,3.5–4.0,3–4,Above 90%,2,3-4,5–6,3–4 hours,3–4 days/week,No,6–8 hours,3,3,2,2,1,4,3,3,4,4,2,2,3,Not able to focus because of phone,Rarely,4,4,2,3,2,2,21,Low
23-25,Female,Other,MBBS,4th Year,3.0–3.49,1–2,Above 90%,3,More than 6,5–6,5–6 hours,1–2 days/week,No,More than 8 hours,2,5,2,2,1,4,3,3,3,4,2,1,4,Unfair grading in internal marks,Rarely,3,4,2,3,3,2,21,Low
20-22,Female,Tribhuvan University,BCA,3rd Year,2.0–2.49,5–6,71–80%,4,3-4,Less than 5,More than 6 hours,Never,No,More than 8 hours,4,2,4,4,4,1,2,5,2,2,5,4,2,Yes,Very Often,5,1,5,4,4,4,43,High
20-22,Female,Tribhuvan University,BSc CSIT,3rd Year,2.0–2.49,Less than 1,60–70%,4,3-4,Less than 5,1–2 hours,Never,Yes,3–5 hours,4,2,4,4,4,3,2,5,1,2,4,4,3,Future career concerns because I am unsure about job opportunities,Sometimes,5,3,3,4,5,4,41,High
20-22,Male,Tribhuvan University,BCA,1st Year,Not Available Yet,1–2,60–70%,1,5-6,7–8,3–4 hours,3–4 days/week,Yes,6–8 hours,3,3,1,2,2,4,4,2,4,4,2,2,3,Tuition fees and hostel expenses,Rarely,2,3,2,2,2,2,19,Low
20-22,Female,Tribhuvan University,BCA,1st Year,2.5–2.99,1–2,60–70%,3,More than 6,5–6,3–4 hours,1–2 days/week,Yes,6–8 hours,3,2,3,4,5,3,3,3,3,3,3,3,3,Time management,Often,4,2,3,3,3,3,33,Moderate
20-22,Male,Tribhuvan University,BCA,3rd Year,3.5–4.0,More than 6 hours,81–90%,3,1-2,7–8,1–2 hours,1–2 days/week,Yes,More than 8 hours,4,3,2,3,3,4,3,2,4,3,3,2,4,Board exams,Rarely,3,4,2,3,2,3,25,Moderate
20-22,Female,Pokhara University,BHM,4th Year,3.5–4.0,3–4,81–90%,1,3-4,5–6,Less than 1 hour,1–2 days/week,Yes,6–8 hours,2,2,3,2,3,3,4,2,4,4,2,2,4,Tuition fees and hostel expenses,Rarely,4,5,3,2,2,2,23,Low
23-25,Prefer not to say,Tribhuvan University,BHM,4th Year,2.5–2.99,Less than 1,Below 60%,2,5-6,More than 8,1–2 hours,3–4 days/week,Yes,Less than 3 hours,3,2,2,2,1,4,5,1,4,4,1,2,4,Future career concerns because I am unsure about job opportunities,Sometimes,2,4,2,1,2,2,16,Low
23-25,Prefer not to say,Tribhuvan University,BDS,5th Year,3.5–4.0,3–4,81–90%,1,5-6,5–6,1–2 hours,1–2 days/week,Yes,3–5 hours,3,3,1,2,1,5,4,1,4,4,1,2,5,Frequent internal exams and practicals,Never,3,4,1,2,2,2,15,Low
17-19,Female,Purbanchal University,BSc Nursing,2nd Year,2.5–2.99,1–2,60–70%,2,3-4,7–8,3–4 hours,Never,Yes,6–8 hours,4,5,3,2,4,4,2,2,3,3,2,3,3,Not able to focus because of phone,Never,4,5,2,4,3,3,28,Moderate
20-22,Female,Rajarshi Janak University,BSc CSIT,1st Year,3.5–4.0,5–6,71–80%,4,3-4,Less than 5,3–4 hours,1–2 days/week,No,More than 8 hours,3,2,4,4,4,2,1,2,3,2,4,4,4,Job market is competitive and many seniors are still unemployed,Very Often,4,4,4,5,3,4,38,High
20-22,Female,Tribhuvan University,BHM,3rd Year,2.0–2.49,Less than 1,60–70%,3,More than 6,5–6,3–4 hours,1–2 days/week,Yes,More than 8 hours,2,3,1,1,1,5,5,2,5,4,2,2,5,Financial pressure because my family struggles to pay tuition,Rarely,1,3,1,1,1,2,14,Low
20-22,Male,Tribhuvan University,MBBS,3rd Year,3.5–4.0,5–6,71–80%,1,More than 6,7–8,1–2 hours,5–6 days/week,Yes,More than 8 hours,3,4,1,1,2,4,4,1,4,5,2,1,5,Pressure to go abroad after graduation,Rarely,4,5,2,2,2,1,15,Low
20-22,Male,Tribhuvan University,BE/B.Tech,2nd Year,3.5–4.0,3–4,81–90%,2,3-4,Less than 5,5–6 hours,3–4 days/week,Yes,More than 8 hours,3,4,2,1,3,5,4,2,3,3,2,3,4,Assignment ,Rarely,2,4,1,2,3,3,22,Low
20-22,Female,Other,BSc Nursing,3rd Year,3.0–3.49,5–6,Above 90%,3,5-6,7–8,1–2 hours,3–4 days/week,No,6–8 hours,2,3,4,3,4,2,2,4,2,2,3,4,1,Financial ,Sometimes,5,5,4,4,4,4,38,High
20-22,Female,Tribhuvan University,BSc CSIT,3rd Year,3.5–4.0,3–4,Above 90%,3,More than 6,7–8,1–2 hours,5–6 days/week,Yes,6–8 hours,3,3,2,2,2,3,4,2,4,4,2,2,5,Job ,Rarely,2,5,3,2,2,2,21,Low
20-22,Female,Kathmandu University,BDS,5th Year,3.0–3.49,1–2,71–80%,4,More than 6,7–8,5–6 hours,Never,No,More than 8 hours,3,5,5,4,4,1,1,5,2,2,5,5,2,Time management,Very Often,4,3,5,5,4,4,46,High
23-25,Prefer not to say,Tribhuvan University,BCA,4th Year,3.5–4.0,1–2,81–90%,1,More than 6,7–8,3–4 hours,5–6 days/week,Yes,6–8 hours,2,4,3,3,3,4,5,1,4,4,1,3,4,"Future career concerns because I am unsure about job opportunities, balancing part-time job and classes, i don't get enough time to study",Sometimes,2,4,2,1,2,2,21,Low
23-25,Female,Other,BSc Nursing,2nd Year,Below 2.0,3–4,71–80%,4,1-2,5–6,5–6 hours,1–2 days/week,No,6–8 hours,3,3,4,5,4,1,4,4,2,2,4,4,3,Lack of practical classes and resources,Very Often,4,2,5,2,4,4,40,High
20-22,Female,Tribhuvan University,BHM,3rd Year,2.5–2.99,1–2,71–80%,3,1-2,5–6,5–6 hours,3–4 days/week,Yes,6–8 hours,1,5,3,3,4,3,3,4,2,3,3,3,2,Outdated syllabus and theory heavy teaching,Never,3,3,3,3,4,3,33,Moderate
20-22,Female,Kathmandu University,BSc Nursing,1st Year,Not Available Yet,3–4,71–80%,1,5-6,7–8,3–4 hours,1–2 days/week,No,6–8 hours,2,3,3,3,3,3,4,3,3,4,2,3,3,Financial pressure ,Sometimes,4,5,3,2,3,2,27,Moderate
20-22,Female,Pokhara University,BHM,2nd Year,2.5–2.99,3–4,71–80%,4,3-4,Less than 5,More than 6 hours,1–2 days/week,Yes,6–8 hours,5,3,4,5,5,3,1,5,3,1,5,5,1,Multiple assignments ,Often,5,4,3,5,3,5,45,High
20-22,Male,Purbanchal University,BCA,4th Year,3.0–3.49,1–2,60–70%,2,5-6,7–8,5–6 hours,5–6 days/week,Yes,More than 8 hours,2,2,1,2,2,4,4,2,3,5,2,1,5,Too many assignments and lab reports with the same deadline,Never,2,5,2,2,3,1,18,Low
20-22,Female,Other,BDS,2nd Year,3.5–4.0,More than 6 hours,71–80%,1,3-4,7–8,1–2 hours,1–2 days/week,No,More than 8 hours,3,3,3,4,1,3,3,3,4,4,2,2,4,Career,Sometimes,4,5,3,3,2,2,25,Moderate
23-25,Female,Other,BSc Nursing,4th Year,3.5–4.0,3–4,81–90%,4,More than 6,7–8,3–4 hours,3–4 days/week,No,More than 8 hours,3,1,2,3,2,4,3,3,3,2,3,2,4,Exams ,Often,4,5,2,3,3,4,27,Moderate
17-19,Female,Other,BDS,1st Year,Not Available Yet,1–2,71–80%,4,5-6,Less than 5,More than 6 hours,Never,Yes,More than 8 hours,2,3,3,3,3,3,2,3,4,3,4,4,3,Pressure to go abroad after graduation,Sometimes,3,3,3,4,2,3,32,Moderate
23-25,Female,Tribhuvan University,MBBS,4th Year,3.0–3.49,3–4,60–70%,5,1-2,7–8,3–4 hours,1–2 days/week,Yes,More than 8 hours,4,1,4,4,5,2,3,4,4,1,4,4,3,Stress,Often,5,2,4,3,2,5,39,High
20-22,Female,Other,BSc Nursing,4th Year,3.0–3.49,1–2,60–70%,2,3-4,5–6,Less than 1 hour,1–2 days/week,No,Less than 3 hours,2,3,1,2,2,4,3,3,4,3,1,2,5,Unfair grading in internal marks,Rarely,3,5,2,3,2,3,21,Low
17-19,Female,Tribhuvan University,BCA,1st Year,Not Available Yet,1–2,60–70%,4,More than 6,5–6,3–4 hours,5–6 days/week,Yes,6–8 hours,5,2,4,4,4,2,1,3,3,2,5,4,2,Paying semester fees while living in Kathmandu is hard,Often,5,3,4,5,3,4,40,High
23-25,Female,Tribhuvan University,Agriculture,2nd Year,3.5–4.0,1–2,81–90%,2,1-2,5–6,3–4 hours,3–4 days/week,Yes,6–8 hours,3,4,2,3,3,4,3,2,5,3,3,2,3,Time management,Rarely,4,5,2,3,1,3,24,Low
Above 25,Prefer not to say,Tribhuvan University,BSc CSIT,4th Year,3.0–3.49,3–4,81–90%,2,3-4,5–6,3–4 hours,3–4 days/week,No,6–8 hours,3,4,4,4,3,3,2,4,3,1,4,3,3,Frequent internal exams and practicals,Often,5,4,3,4,3,5,37,High
20-22,Female,Tribhuvan University,MBBS,2nd Year,3.0–3.49,1–2,60–70%,2,3-4,More than 8,3–4 hours,1–2 days/week,No,More than 8 hours,1,5,2,2,1,3,4,2,4,4,2,1,4,Assignments because multiple deadlines occur at the same time,Never,2,4,3,2,2,2,19,Low
23-25,Female,Purbanchal University,BCA,3rd Year,3.0–3.49,3–4,81–90%,3,3-4,More than 8,1–2 hours,5–6 days/week,Yes,3–5 hours,4,4,2,1,3,3,5,1,3,4,2,1,3,Job ,Rarely,3,4,3,1,3,2,19,Low
17-19,Female,Sudurpaschim University,BCA,1st Year,Not Available Yet,3–4,60–70%,4,3-4,Less than 5,1–2 hours,3–4 days/week,Yes,6–8 hours,5,3,5,4,5,1,1,4,2,1,5,5,2,Assignment ,Often,4,3,5,5,4,5,47,High
23-25,Female,Kathmandu University,BDS,5th Year,3.5–4.0,5–6,Above 90%,1,3-4,More than 8,3–4 hours,3–4 days/week,No,6–8 hours,4,4,1,2,1,4,5,1,4,4,1,2,5,Money,Rarely,3,5,2,1,2,2,15,Low
17-19,Male,Sudurpaschim University,BBS,2nd Year,2.5–2.99,3–4,71–80%,3,5-6,7–8,Less than 1 hour,3–4 days/week,No,6–8 hours,3,3,2,3,2,3,3,1,3,4,2,2,3,"Procrastination, assignment",Rarely,2,4,3,3,3,2,23,Low
Above 25,Male,Tribhuvan University,Law(LLB),4th Year,2.5–2.99,3–4,81–90%,3,5-6,More than 8,3–4 hours,1–2 days/week,Yes,6–8 hours,3,2,3,4,3,4,3,2,2,3,3,2,3,Tuition fees and hostel expenses,Rarely,5,3,2,3,4,3,29,Moderate
20-22,Male,Rajarshi Janak University,BCA,3rd Year,3.0–3.49,1–2,71–80%,4,3-4,7–8,5–6 hours,1–2 days/week,No,More than 8 hours,3,3,3,4,4,1,2,5,3,1,5,4,1,Frequent internal exams and practicals,Very Often,3,3,5,4,3,5,42,High
23-25,Female,Agriculture and Forestry University,Agriculture,4th Year,3.0–3.49,3–4,71–80%,1,5-6,5–6,3–4 hours,Daily,Yes,6–8 hours,2,4,1,2,2,4,4,1,5,4,2,2,4,Unsure about future after graduation,Rarely,3,5,2,2,1,2,17,Low
20-22,Female,Tribhuvan University,BBS,3rd Year,3.0–3.49,1–2,60–70%,2,1-2,5–6,5–6 hours,3–4 days/week,Yes,More than 8 hours,2,2,3,3,4,3,3,4,3,2,3,4,3,Study management,Very Often,3,5,3,3,3,4,34,Moderate
17-19,Female,Other,BDS,3rd Year,2.5–2.99,1–2,81–90%,3,3-4,5–6,3–4 hours,Never,No,6–8 hours,3,2,5,3,4,1,1,5,1,1,4,5,2,Paying semester fees while living in Kathmandu is hard,Often,4,3,5,5,5,5,46,High
23-25,Female,Tribhuvan University,BSc CSIT,4th Year,Not Available Yet,1–2,71–80%,2,3-4,5–6,5–6 hours,3–4 days/week,No,More than 8 hours,2,3,3,4,3,4,2,3,3,3,4,3,2,Pressure to go abroad after graduation,Often,3,2,2,4,3,3,32,Moderate
20-22,Male,Tribhuvan University,Agriculture,1st Year,3.5–4.0,1–2,Below 60%,2,3-4,Less than 5,3–4 hours,3–4 days/week,No,Less than 3 hours,3,1,2,2,2,4,4,3,4,4,2,3,5,Maybe,Rarely,3,5,2,2,2,2,22,Low
23-25,Male,Other,BDS,4th Year,3.5–4.0,More than 6 hours,Above 90%,2,1-2,5–6,1–2 hours,3–4 days/week,No,6–8 hours,1,4,2,3,2,4,5,2,4,3,2,3,4,Parents compare me with relatives and toppers,Rarely,5,5,2,1,2,3,22,Low
23-25,Male,Tribhuvan University,BSc Nursing,4th Year,2.5–2.99,5–6,71–80%,4,3-4,7–8,Less than 1 hour,1–2 days/week,Yes,3–5 hours,3,2,4,5,5,2,1,5,3,2,3,5,2,Semester project with weak team members,Often,3,3,4,5,3,4,43,High
23-25,Male,Tribhuvan University,BSc CSIT,3rd Year,3.0–3.49,1–2,71–80%,2,5-6,More than 8,3–4 hours,1–2 days/week,Yes,More than 8 hours,1,3,2,2,1,4,5,1,4,5,2,1,4,Deadlines,Never,1,5,2,1,2,1,15,Low
23-25,Prefer not to say,Tribhuvan University,MBBS,3rd Year,3.0–3.49,1–2,71–80%,2,5-6,7–8,3–4 hours,3–4 days/week,No,3–5 hours,2,2,3,2,2,4,4,1,4,4,2,1,4,Maybe,Rarely,2,4,2,2,2,2,19,Low
17-19,Male,Agriculture and Forestry University,Agriculture,1st Year,2.5–2.99,1–2,60–70%,2,5-6,More than 8,5–6 hours,3–4 days/week,Yes,More than 8 hours,2,3,2,3,2,3,4,2,4,4,3,1,3,Working part time and studying at the same time,Often,4,3,3,2,2,2,22,Low
20-22,Prefer not to say,Agriculture and Forestry University,Agriculture,2nd Year,3.5–4.0,1–2,60–70%,3,5-6,5–6,1–2 hours,5–6 days/week,No,More than 8 hours,3,3,2,1,2,4,3,1,4,4,2,2,2,Job market is competitive and many seniors are still unemployed,Never,3,5,2,3,2,2,19,Low
23-25,Female,Tribhuvan University,BBS,3rd Year,Below 2.0,1–2,60–70%,4,3-4,7–8,3–4 hours,Never,Yes,6–8 hours,2,2,5,3,4,1,2,5,3,1,4,4,2,Nothing much,Sometimes,4,1,5,4,3,5,42,High
20-22,Female,Tribhuvan University,BHM,3rd Year,3.5–4.0,More than 6 hours,81–90%,1,5-6,7–8,5–6 hours,3–4 days/week,No,More than 8 hours,3,2,2,2,4,4,4,2,3,4,3,2,2,Financial pressure because my family struggles to pay tuition,Sometimes,2,4,2,2,3,2,24,Low
23-25,Male,Tribhuvan University,MBBS,3rd Year,2.5–2.99,5–6,60–70%,4,5-6,5–6,3–4 hours,Never,No,More than 8 hours,4,4,5,5,4,2,3,5,2,1,4,5,3,"TU exam pattern, everything depends on final exam",Often,4,2,4,3,4,5,44,High
17-19,Prefer not to say,Agriculture and Forestry University,Agriculture,2nd Year,2.0–2.49,3–4,71–80%,4,3-4,5–6,1–2 hours,3–4 days/week,Yes,6–8 hours,3,3,3,3,4,3,1,4,3,3,4,4,4,Exam routine keeps changing and results come very late,Sometimes,2,3,3,5,3,3,36,Moderate
17-19,Female,Tribhuvan University,BCA,1st Year,2.5–2.99,1–2,71–80%,3,3-4,7–8,5–6 hours,Daily,No,More than 8 hours,2,3,2,1,1,5,5,1,5,5,1,3,5,Board exams,Never,4,5,1,1,1,1,13,Low
20-22,Female,Other,BSc Nursing,4th Year,3.0–3.49,1–2,60–70%,3,3-4,5–6,1–2 hours,Daily,No,6–8 hours,5,3,3,3,3,3,3,3,3,4,3,3,4,Unsure ,Often,3,4,3,3,3,2,29,Moderate
23-25,Female,Agriculture and Forestry University,Agriculture,3rd Year,3.5–4.0,1–2,60–70%,4,3-4,5–6,5–6 hours,3–4 days/week,Yes,More than 8 hours,4,1,5,4,5,1,2,5,1,1,5,4,3,Pressure to go abroad after graduation,Sometimes,3,4,5,4,5,5,47,High
20-22,Prefer not to say,Sudurpaschim University,BSc CSIT,4th Year,2.0–2.49,5–6,60–70%,3,3-4,Less than 5,5–6 hours,1–2 days/week,No,More than 8 hours,3,2,3,4,4,2,2,4,3,2,4,4,1,Procrastination,Often,5,2,4,4,3,4,38,High
Above 25,Male,Tribhuvan University,MBBS,5th Year,3.5–4.0,5–6,Above 90%,3,5-6,Less than 5,More than 6 hours,3–4 days/week,No,More than 8 hours,4,5,4,4,3,3,1,3,4,2,4,3,2,Lack of discipline and too much screen time,Sometimes,3,4,3,5,2,4,35,Moderate
23-25,Female,Tribhuvan University,BE/B.Tech,4th Year,2.0–2.49,Less than 1,60–70%,4,3-4,5–6,1–2 hours,3–4 days/week,Yes,More than 8 hours,4,4,4,5,5,1,2,4,3,2,5,4,2,Lack of practical classes and resources,Often,5,1,5,4,3,4,43,High
Above 25,Male,Tribhuvan University,BBS,4th Year,3.0–3.49,1–2,71–80%,4,1-2,Less than 5,3–4 hours,1–2 days/week,No,6–8 hours,3,1,3,3,3,1,3,3,4,3,3,3,1,Deadlines,Often,4,4,5,3,2,3,31,Moderate
20-22,Female,Tribhuvan University,BSc CSIT,4th Year,3.0–3.49,Less than 1,Below 60%,1,3-4,7–8,1–2 hours,1–2 days/week,Yes,3–5 hours,4,5,3,3,3,2,2,4,3,3,3,3,3,Office hours clash with college time,Rarely,3,4,4,4,3,3,33,Moderate
Above 25,Female,Tribhuvan University,BHM,4th Year,3.5–4.0,5–6,Above 90%,4,5-6,5–6,3–4 hours,1–2 days/week,No,6–8 hours,1,3,2,3,4,3,3,3,4,3,2,4,3,Frustration ,Often,4,5,3,3,2,3,29,Moderate
23-25,Female,Agriculture and Forestry University,Agriculture,4th Year,2.5–2.99,1–2,Below 60%,3,3-4,5–6,3–4 hours,3–4 days/week,No,6–8 hours,5,2,4,3,3,3,4,3,2,4,3,2,1,Deadlines,Sometimes,3,3,3,2,4,2,29,Moderate
20-22,Male,Tribhuvan University,BCA,1st Year,3.0–3.49,1–2,81–90%,5,5-6,7–8,Less than 1 hour,Never,No,3–5 hours,2,4,3,3,3,3,3,3,5,3,2,3,3,Pressure to go abroad after graduation,Sometimes,3,4,3,3,1,3,27,Moderate
20-22,Male,Purbanchal University,Agriculture,1st Year,Not Available Yet,5–6,81–90%,5,5-6,7–8,Less than 1 hour,Never,No,3–5 hours,4,2,4,5,5,2,2,4,2,2,4,5,2,Multiple assignments ,Often,4,3,4,4,4,4,43,High
Above 25,Female,Agriculture and Forestry University,Agriculture,4th Year,Not Available Yet,1–2,81–90%,1,3-4,More than 8,3–4 hours,5–6 days/week,Yes,More than 8 hours,3,5,1,1,2,5,5,1,5,5,1,1,3,Unfair grading in internal marks,Rarely,1,3,1,1,1,1,11,Low
23-25,Female,Pokhara University,BE/B.Tech,4th Year,2.5–2.99,1–2,60–70%,2,5-6,Less than 5,1–2 hours,Never,Yes,Less than 3 hours,4,1,3,4,2,4,3,3,3,3,2,3,2,Career,Rarely,3,3,2,3,3,3,28,Moderate
17-19,Male,Tribhuvan University,BCA,2nd Year,3.0–3.49,3–4,81–90%,5,1-2,5–6,5–6 hours,1–2 days/week,Yes,More than 8 hours,5,2,5,4,3,2,2,3,2,2,3,5,2,Ok,Often,4,5,4,4,4,4,39,High
23-25,Male,Tribhuvan University,BSc CSIT,4th Year,3.0–3.49,5–6,81–90%,4,1-2,Less than 5,1–2 hours,Never,No,3–5 hours,2,3,3,4,3,2,4,3,3,2,4,3,2,Procrastination,Often,4,4,4,2,3,4,33,Moderate
17-19,Male,Kathmandu University,BDS,1st Year,Not Available Yet,5–6,Above 90%,5,3-4,5–6,3–4 hours,1–2 days/week,No,More than 8 hours,3,3,4,5,5,2,1,5,3,2,4,5,2,Assignment ,Sometimes,4,4,4,5,3,4,44,High
20-22,Female,Tribhuvan University,BSc Nursing,2nd Year,2.5–2.99,3–4,60–70%,4,3-4,7–8,5–6 hours,1–2 days/week,No,6–8 hours,3,4,4,5,4,2,3,3,1,1,3,4,2,"Assignments because multiple deadlines occur at the same time, financial pressure because my family struggles to pay tuition",Very Often,3,4,4,3,5,5,40,High
23-25,Female,Tribhuvan University,BHM,3rd Year,3.0–3.49,3–4,71–80%,5,More than 6,Less than 5,3–4 hours,Never,Yes,3–5 hours,4,3,5,5,5,1,2,5,1,1,4,5,2,Project submission deadlines clashing with exams,Often,3,3,5,4,5,5,48,High
Above 25,Female,Tribhuvan University,BDS,4th Year,2.0–2.49,1–2,60–70%,3,More than 6,5–6,5–6 hours,1–2 days/week,No,6–8 hours,3,5,3,4,5,1,2,4,1,1,4,3,3,Outdated syllabus and theory heavy teaching,Often,4,4,5,4,5,5,42,High
20-22,Female,Tribhuvan University,BBS,1st Year,Not Available Yet,3–4,71–80%,4,3-4,More than 8,More than 6 hours,1–2 days/week,No,More than 8 hours,3,3,5,5,4,1,1,4,1,2,4,5,3,Result delays and session delays in university,Sometimes,5,1,5,5,5,4,46,High
17-19,Female,Kathmandu University,BSc Nursing,1st Year,3.0–3.49,3–4,71–80%,4,3-4,7–8,1–2 hours,Never,Yes,6–8 hours,4,3,4,2,5,3,2,5,3,1,4,4,4,Exams ,Often,3,3,3,4,3,5,39,High
Above 25,Male,Tribhuvan University,BHM,4th Year,3.5–4.0,1–2,81–90%,1,More than 6,5–6,3–4 hours,3–4 days/week,No,More than 8 hours,2,4,2,2,2,3,5,1,4,5,2,3,5,Too many assignments and lab reports with the same deadline,Sometimes,2,4,3,1,2,1,19,Low
23-25,Male,Tribhuvan University,BHM,4th Year,3.0–3.49,Less than 1,60–70%,1,More than 6,7–8,1–2 hours,5–6 days/week,Yes,3–5 hours,3,5,2,2,2,2,3,2,4,2,3,3,3,Unsure about future after graduation,Sometimes,3,5,4,3,2,4,27,Moderate
23-25,Female,Tribhuvan University,Law(LLB),3rd Year,3.5–4.0,1–2,71–80%,1,5-6,7–8,1–2 hours,Never,No,Less than 3 hours,3,3,2,1,2,5,5,1,5,5,1,2,3,Pressure to go abroad after graduation,Rarely,3,5,1,1,1,1,13,Low
23-25,Male,Other,MBBS,3rd Year,3.0–3.49,3–4,71–80%,3,More than 6,7–8,1–2 hours,Never,No,6–8 hours,4,1,4,5,4,2,2,4,1,2,4,3,1,Money,Often,4,2,4,4,5,4,41,High
23-25,Female,Other,BSc Nursing,4th Year,2.5–2.99,1–2,60–70%,4,5-6,Less than 5,5–6 hours,1–2 days/week,Yes,More than 8 hours,5,4,4,5,5,2,1,5,2,2,5,5,3,Multiple assignments ,Very Often,4,3,4,5,4,4,46,High
20-22,Prefer not to say,Kathmandu University,MBBS,3rd Year,2.5–2.99,1–2,60–70%,5,More than 6,Less than 5,1–2 hours,1–2 days/week,No,6–8 hours,5,4,5,5,4,2,2,5,2,2,5,5,3,Future ,Sometimes,5,2,4,4,4,4,45,High
23-25,Female,Purbanchal University,BSc Nursing,4th Year,3.0–3.49,Less than 1,81–90%,2,3-4,More than 8,3–4 hours,1–2 days/week,No,More than 8 hours,1,2,1,2,2,5,4,3,5,3,1,2,4,Semester project with weak team members,Often,4,5,1,2,1,3,18,Low
20-22,Female,Tribhuvan University,BDS,3rd Year,3.5–4.0,5–6,81–90%,4,More than 6,Less than 5,5–6 hours,1–2 days/week,No,More than 8 hours,3,4,2,3,2,3,3,2,5,4,3,3,4,"Assignments because multiple deadlines occur at the same time, pressure to become a doctor/engineer like my family expects",Often,4,3,3,3,1,2,24,Low
20-22,Male,Tribhuvan University,BSc CSIT,3rd Year,2.0–2.49,Less than 1,Below 60%,3,3-4,Less than 5,1–2 hours,1–2 days/week,No,Less than 3 hours,2,3,4,4,3,4,3,4,4,3,3,3,2,Unsure ,Sometimes,3,2,2,3,2,3,31,Moderate
Above 25,Female,Agriculture and Forestry University,Agriculture,4th Year,3.0–3.49,3–4,71–80%,4,More than 6,Less than 5,1–2 hours,3–4 days/week,Yes,6–8 hours,2,2,5,3,4,2,2,4,2,3,4,3,3,"Result delays and session delays in university, internal assessments and assignments piling up together",Often,4,3,4,4,4,3,38,High
20-22,Female,Sudurpaschim University,BCA,4th Year,3.5–4.0,1–2,Above 90%,1,3-4,7–8,5–6 hours,3–4 days/week,No,6–8 hours,2,3,1,1,2,4,4,3,5,5,3,2,4,Exam routine keeps changing and results come very late,Never,3,5,2,2,1,1,18,Low
23-25,Female,Agriculture and Forestry University,Agriculture,2nd Year,3.0–3.49,1–2,71–80%,3,1-2,5–6,Less than 1 hour,3–4 days/week,Yes,Less than 3 hours,4,3,3,2,3,3,3,3,4,3,2,3,3,Future ,Rarely,2,4,3,3,2,3,27,Moderate
20-22,Male,Tribhuvan University,BBS,3rd Year,2.5–2.99,3–4,60–70%,4,3-4,7–8,1–2 hours,3–4 days/week,No,6–8 hours,2,2,1,2,3,4,4,1,4,5,2,2,3,"Too many assignments and lab reports with the same deadline, procrastination",Rarely,4,4,2,2,2,1,18,Low
20-22,Prefer not to say,Madhyapaschim University,BCA,4th Year,2.5–2.99,Less than 1,60–70%,2,5-6,5–6,3–4 hours,3–4 days/week,Yes,3–5 hours,4,3,4,4,3,1,2,4,2,1,4,4,1,Working part time and studying at the same time,Very Often,4,4,5,4,4,5,41,High
17-19,Male,Other,BDS,1st Year,Not Available Yet,3–4,81–90%,2,More than 6,7–8,3–4 hours,5–6 days/week,Yes,6–8 hours,1,2,2,2,1,5,5,1,4,4,2,1,5,Unsure about future after graduation,Rarely,2,5,1,1,2,2,15,Low
20-22,Female,Tribhuvan University,BSc CSIT,1st Year,3.0–3.49,3–4,60–70%,2,1-2,5–6,5–6 hours,Never,No,More than 8 hours,3,4,2,3,4,3,4,2,2,3,3,3,3,Internal assessments and assignments piling up together,Rarely,4,4,3,2,4,3,29,Moderate
17-19,Female,Madhyapaschim University,BBS,1st Year,3.5–4.0,5–6,Above 90%,4,1-2,Less than 5,Less than 1 hour,3–4 days/week,Yes,6–8 hours,5,2,5,4,4,2,2,4,3,1,4,3,2,"Balancing part-time job and classes, I don't get enough time to study",Sometimes,3,3,4,4,3,5,40,High
20-22,Female,Kathmandu University,MBBS,3rd Year,2.5–2.99,1–2,60–70%,4,More than 6,5–6,5–6 hours,1–2 days/week,No,More than 8 hours,3,4,3,4,3,2,2,5,4,2,4,4,3,Project submission deadlines clashing with exams,Rarely,4,3,4,4,2,4,37,High
23-25,Male,Sudurpaschim University,BSc CSIT,4th Year,2.5–2.99,Less than 1,71–80%,2,5-6,7–8,Less than 1 hour,Daily,No,Less than 3 hours,1,4,1,2,2,4,4,2,4,3,1,2,4,Career,Rarely,4,4,2,2,2,3,19,Low
17-19,Male,Agriculture and Forestry University,Agriculture,1st Year,Not Available Yet,5–6,81–90%,4,3-4,Less than 5,Less than 1 hour,1–2 days/week,Yes,3–5 hours,5,4,3,4,2,3,3,3,1,2,4,4,3,"Balancing part-time job and classes, I don't get enough time to study",Rarely,4,3,3,3,5,4,35,Moderate
20-22,Male,Tribhuvan University,BSc CSIT,2nd Year,2.0–2.49,Less than 1,60–70%,3,3-4,5–6,3–4 hours,3–4 days/week,Yes,6–8 hours,2,4,2,1,2,3,2,3,3,3,2,1,3,Working part time and studying at the same time,Rarely,3,3,3,4,3,3,24,Low
Above 25,Male,Tribhuvan University,BSc CSIT,2nd Year,3.0–3.49,3–4,71–80%,5,5-6,7–8,Less than 1 hour,1–2 days/week,No,3–5 hours,3,2,5,5,5,2,2,5,1,2,5,5,3,Ok,Very Often,4,3,4,4,5,4,47,High
23-25,Prefer not to say,Tribhuvan University,BE/B.Tech,3rd Year,2.5–2.99,1–2,71–80%,4,3-4,7–8,Less than 1 hour,3–4 days/week,No,3–5 hours,4,2,3,3,4,3,3,3,3,2,4,3,2,Career,Often,2,3,3,3,3,4,33,Moderate
23-25,Female,Kathmandu University,BE/B.Tech,3rd Year,3.0–3.49,3–4,81–90%,2,3-4,7–8,1–2 hours,Daily,No,6–8 hours,2,4,2,3,3,3,3,2,4,4,3,3,4,Balancing money and education,Rarely,2,3,3,3,2,2,26,Moderate
17-19,Female,Tribhuvan University,BCA,1st Year,Not Available Yet,3–4,71–80%,3,More than 6,Less than 5,3–4 hours,1–2 days/week,No,6–8 hours,5,4,2,3,4,2,3,4,3,4,2,2,4,"Financial pressure because my family struggles to pay tuition, pressure to become a doctor/engineer like my family expects",Sometimes,3,4,4,3,3,2,29,Moderate
17-19,Male,Tribhuvan University,BBS,2nd Year,3.5–4.0,5–6,71–80%,3,3-4,7–8,1–2 hours,5–6 days/week,Yes,More than 8 hours,3,3,4,2,3,3,3,3,3,3,4,3,3,Exam routine keeps changing and results come very late,Never,3,4,3,3,3,3,31,Moderate
20-22,Male,Tribhuvan University,BCA,1st Year,Not Available Yet,1–2,Below 60%,3,5-6,5–6,1–2 hours,1–2 days/week,No,3–5 hours,1,2,3,2,2,4,5,3,4,3,2,2,5,Exam routine keeps changing and results come very late,Never,3,4,2,1,2,3,22,Low
Above 25,Female,Agriculture and Forestry University,Agriculture,4th Year,3.0–3.49,1–2,Below 60%,3,More than 6,Less than 5,1–2 hours,3–4 days/week,Yes,3–5 hours,5,4,5,4,5,3,2,5,1,2,5,4,3,Job ,Very Often,5,2,3,4,5,4,44,High
23-25,Female,Rajarshi Janak University,Agriculture,1st Year,Not Available Yet,1–2,71–80%,2,3-4,Less than 5,1–2 hours,1–2 days/week,No,3–5 hours,4,4,3,2,2,4,4,2,2,4,2,3,4,Assignment ,Sometimes,3,4,2,2,4,2,24,Low
Above 25,Female,Other,BSc Nursing,4th Year,3.5–4.0,3–4,81–90%,5,5-6,Less than 5,1–2 hours,1–2 days/week,Yes,6–8 hours,4,2,5,5,4,2,2,4,2,2,4,4,1,Job ,Very Often,4,3,4,4,4,4,42,High
17-19,Female,Tribhuvan University,BSc CSIT,2nd Year,3.0–3.49,3–4,71–80%,3,1-2,5–6,3–4 hours,3–4 days/week,No,6–8 hours,2,3,2,2,2,3,3,3,2,5,2,3,3,Board exams,Rarely,2,4,3,3,4,1,25,Moderate
20-22,Female,Agriculture and Forestry University,Agriculture,3rd Year,3.5–4.0,5–6,81–90%,3,More than 6,5–6,1–2 hours,3–4 days/week,Yes,3–5 hours,4,3,4,3,2,3,3,3,3,2,3,3,3,Family expectations to get good grades,Often,3,4,3,3,3,4,31,Moderate
Above 25,Female,Kathmandu University,BSc Nursing,4th Year,3.0–3.49,1–2,71–80%,2,More than 6,7–8,3–4 hours,5–6 days/week,No,More than 8 hours,2,3,3,2,2,3,4,3,3,4,3,2,2,Internal assessments and assignments piling up together,Rarely,3,4,3,2,3,2,25,Moderate
20-22,Male,Kathmandu University,BDS,2nd Year,3.5–4.0,5–6,60–70%,2,1-2,7–8,Less than 1 hour,1–2 days/week,No,3–5 hours,3,4,1,2,2,3,4,1,4,5,2,2,3,"Exams, because the whole year's result depends on the final board exam",Never,3,5,3,2,2,1,18,Low
23-25,Female,Kathmandu University,MBBS,5th Year,3.5–4.0,5–6,71–80%,2,3-4,7–8,5–6 hours,3–4 days/week,No,More than 8 hours,3,5,2,2,3,3,3,3,3,4,3,3,5,Too many assignments and lab reports with the same deadline,Rarely,3,4,3,3,3,2,27,Moderate
Above 25,Female,Tribhuvan University,BSc Nursing,4th Year,2.5–2.99,1–2,60–70%,3,3-4,5–6,1–2 hours,3–4 days/week,No,3–5 hours,3,3,5,3,3,3,3,2,3,4,3,3,2,Unsure about future after graduation,Sometimes,4,4,3,3,3,2,30,Moderate
23-25,Male,Tribhuvan University,Law(LLB),5th Year,Not Available Yet,Less than 1,81–90%,3,More than 6,7–8,3–4 hours,Never,Yes,6–8 hours,3,2,3,4,2,3,1,3,2,3,3,3,2,Deadlines,Sometimes,4,3,3,5,4,3,33,Moderate
23-25,Male,Pokhara University,BE/B.Tech,3rd Year,3.0–3.49,1–2,60–70%,2,5-6,5–6,3–4 hours,1–2 days/week,Yes,6–8 hours,3,3,2,2,3,5,3,3,2,2,3,3,4,Procrastination,Sometimes,3,4,1,3,4,4,28,Moderate
23-25,Female,Tribhuvan University,Law(LLB),5th Year,3.5–4.0,5–6,Above 90%,3,1-2,5–6,1–2 hours,1–2 days/week,Yes,6–8 hours,4,3,1,2,2,4,4,1,4,4,2,2,4,Unsure about future after graduation,Never,3,4,2,2,2,2,18,Low
23-25,Male,Tribhuvan University,Law(LLB),4th Year,2.5–2.99,1–2,71–80%,3,1-2,Less than 5,3–4 hours,Daily,Yes,6–8 hours,4,2,1,3,3,5,5,1,4,5,1,3,3,Paying semester fees while living in Kathmandu is hard,Sometimes,4,5,1,1,2,1,17,Low
23-25,Female,Tribhuvan University,BSc CSIT,2nd Year,3.0–3.49,5–6,71–80%,4,More than 6,5–6,3–4 hours,1–2 days/week,Yes,More than 8 hours,3,1,5,4,5,2,2,4,1,4,4,4,2,Career,Very Often,5,2,4,4,5,2,41,High
23-25,Female,Sudurpaschim University,BCA,3rd Year,3.0–3.49,5–6,81–90%,4,3-4,7–8,3–4 hours,3–4 days/week,Yes,6–8 hours,3,3,3,4,3,2,4,4,3,3,4,4,3,Too many assignments and lab reports with the same deadline,Sometimes,4,4,4,2,3,3,34,Moderate
23-25,Male,Tribhuvan University,BCA,4th Year,2.0–2.49,Less than 1,71–80%,4,5-6,7–8,1–2 hours,1–2 days/week,Yes,3–5 hours,4,3,4,3,4,3,4,4,3,3,3,5,2,Too many assignments and lab reports with the same deadline,Sometimes,3,3,3,2,3,3,34,Moderate
23-25,Female,Tribhuvan University,BBS,4th Year,2.0–2.49,Less than 1,Below 60%,5,5-6,Less than 5,1–2 hours,3–4 days/week,Yes,6–8 hours,3,2,5,4,4,2,1,5,2,3,4,3,4,Ok,Often,2,1,4,5,4,3,41,High
17-19,Female,Tribhuvan University,BSc CSIT,1st Year,Not Available Yet,3–4,60–70%,3,5-6,7–8,1–2 hours,Never,Yes,6–8 hours,3,1,4,3,4,3,4,4,4,2,3,2,4,Frequent internal exams and practicals,Rarely,3,4,3,2,2,4,31,Moderate
20-22,Female,Kathmandu University,MBBS,1st Year,3.0–3.49,3–4,81–90%,5,5-6,7–8,1–2 hours,3–4 days/week,No,6–8 hours,5,2,4,5,5,1,2,5,2,1,5,4,2,"Exams, because the whole year's result depends on the final board exam",Often,4,3,5,4,4,5,46,High
20-22,Male,Tribhuvan University,Law(LLB),5th Year,3.5–4.0,3–4,81–90%,2,1-2,7–8,1–2 hours,3–4 days/week,Yes,6–8 hours,2,3,3,2,2,4,5,2,3,3,1,2,5,"Career, jobs are very limited in Nepal, capstone projects.",Rarely,3,4,2,1,3,3,21,Low
Above 25,Female,Other,BSc Nursing,3rd Year,3.0–3.49,5–6,81–90%,3,More than 6,7–8,3–4 hours,3–4 days/week,No,More than 8 hours,4,3,1,2,1,4,4,2,5,5,1,2,4,Study management,Rarely,3,4,2,2,1,1,15,Low
23-25,Prefer not to say,Pokhara University,MBBS,5th Year,2.5–2.99,1–2,60–70%,2,More than 6,Less than 5,5–6 hours,3–4 days/week,No,More than 8 hours,2,2,3,4,2,4,2,3,2,3,3,3,3,Tuition fees and hostel expenses,Often,4,5,2,4,4,3,31,Moderate
20-22,Male,Tribhuvan University,BCA,3rd Year,3.0–3.49,3–4,71–80%,1,3-4,7–8,5–6 hours,Daily,No,More than 8 hours,2,3,1,1,2,4,5,2,4,4,1,2,5,Lack of practical classes and resources,Never,2,4,2,1,2,2,16,Low
Above 25,Female,Tribhuvan University,BSc Nursing,2nd Year,3.0–3.49,More than 6 hours,71–80%,2,3-4,More than 8,1–2 hours,3–4 days/week,No,More than 8 hours,1,2,2,2,2,4,3,2,3,3,1,2,4,Nothing much,Rarely,3,5,2,3,3,3,22,Low
23-25,Female,Pokhara University,BIM,4th Year,3.5–4.0,5–6,Above 90%,5,More than 6,5–6,3–4 hours,Never,Yes,6–8 hours,5,3,4,4,5,1,2,4,2,3,4,3,2,"Job, multiple assignments",Sometimes,4,3,5,4,4,3,40,High
23-25,Female,Tribhuvan University,BCA,3rd Year,3.0–3.49,1–2,71–80%,3,3-4,5–6,3–4 hours,1–2 days/week,Yes,More than 8 hours,5,5,3,4,4,4,3,4,3,2,2,3,3,Too many assignments and lab reports with the same deadline,Sometimes,5,3,2,3,3,4,32,Moderate
20-22,Female,Tribhuvan University,BSc CSIT,4th Year,3.0–3.49,3–4,81–90%,2,1-2,7–8,5–6 hours,3–4 days/week,Yes,6–8 hours,3,2,3,3,3,3,2,4,3,2,3,3,4,Not able to focus because of phone,Often,3,3,3,4,3,4,33,Moderate
17-19,Female,Tribhuvan University,Agriculture,1st Year,3.5–4.0,3–4,81–90%,1,1-2,5–6,5–6 hours,1–2 days/week,Yes,More than 8 hours,3,4,2,1,1,5,4,1,4,5,2,1,5,Internal assessments and assignments piling up together,Rarely,2,5,1,2,2,1,14,Low
23-25,Male,Rajarshi Janak University,BBS,2nd Year,3.0–3.49,Less than 1,71–80%,3,More than 6,5–6,3–4 hours,3–4 days/week,Yes,More than 8 hours,3,3,2,3,2,5,3,2,5,4,2,1,4,"TU exam pattern, everything depends on final exam",Sometimes,5,5,1,3,1,2,19,Low
20-22,Female,Tribhuvan University,Law(LLB),4th Year,3.0–3.49,1–2,81–90%,2,More than 6,7–8,3–4 hours,Never,No,6–8 hours,2,2,4,3,3,2,3,4,3,3,3,4,3,Outdated syllabus and theory heavy teaching,Sometimes,3,3,4,3,3,3,34,Moderate
20-22,Female,Purbanchal University,Law(LLB),2nd Year,3.0–3.49,3–4,71–80%,3,3-4,5–6,3–4 hours,Never,Yes,More than 8 hours,4,4,4,3,4,3,1,2,2,2,4,3,3,Nothing much,Often,3,4,3,5,4,4,36,Moderate
20-22,Female,Tribhuvan University,BSc CSIT,2nd Year,2.5–2.99,3–4,81–90%,3,1-2,Less than 5,1–2 hours,3–4 days/week,Yes,6–8 hours,3,5,4,4,3,2,3,3,3,4,3,4,2,Too many assignments and lab reports with the same deadline,Sometimes,4,3,4,3,3,2,33,Moderate
23-25,Female,Purbanchal University,BHM,3rd Year,2.5–2.99,1–2,81–90%,4,1-2,Less than 5,1–2 hours,Never,Yes,3–5 hours,3,3,5,5,4,2,2,5,2,3,4,5,3,Assignment ,Often,3,3,4,4,4,3,43,High
23-25,Female,Purbanchal University,Agriculture,3rd Year,2.5–2.99,5–6,71–80%,5,More than 6,5–6,3–4 hours,1–2 days/week,No,6–8 hours,5,2,5,5,5,2,2,5,2,1,5,5,1,Frustration ,Often,3,3,4,4,4,5,47,High
23-25,Female,Tribhuvan University,BHM,3rd Year,3.5–4.0,1–2,71–80%,4,More than 6,5–6,1–2 hours,3–4 days/week,Yes,6–8 hours,4,4,3,2,3,3,4,4,3,3,3,3,3,"Career, jobs are very limited in Nepal",Sometimes,4,5,3,2,3,3,29,Moderate
17-19,Female,Other,BDS,2nd Year,3.5–4.0,5–6,Above 90%,2,5-6,More than 8,Less than 1 hour,1–2 days/week,No,6–8 hours,3,3,2,2,2,5,4,2,4,3,3,2,4,Unsure about future after graduation,Never,4,5,1,2,2,3,21,Low
23-25,Female,Tribhuvan University,BCA,3rd Year,3.0–3.49,3–4,71–80%,5,More than 6,Less than 5,3–4 hours,1–2 days/week,Yes,6–8 hours,5,2,4,4,4,2,3,4,1,2,4,3,3,Job market is competitive and many seniors are still unemployed,Often,4,3,4,3,5,4,39,High
20-22,Female,Kathmandu University,MBBS,2nd Year,3.5–4.0,More than 6 hours,81–90%,1,5-6,7–8,5–6 hours,5–6 days/week,No,More than 8 hours,1,4,1,2,2,5,4,2,4,4,1,2,4,Exam routine keeps changing and results come very late,Sometimes,3,5,1,2,2,2,17,Low
23-25,Female,Tribhuvan University,BBS,4th Year,3.0–3.49,1–2,81–90%,1,5-6,5–6,Less than 1 hour,3–4 days/week,Yes,Less than 3 hours,2,3,3,2,2,3,4,1,3,5,2,2,4,Deadlines,Sometimes,4,4,3,2,3,1,21,Low
23-25,Male,Agriculture and Forestry University,Agriculture,2nd Year,3.5–4.0,5–6,60–70%,3,5-6,5–6,5–6 hours,5–6 days/week,No,More than 8 hours,3,2,4,4,3,4,4,3,2,3,4,3,4,Balancing money and education,Often,4,3,2,2,4,3,32,Moderate
20-22,Male,Purbanchal University,BCA,4th Year,Below 2.0,Less than 1,71–80%,5,More than 6,Less than 5,More than 6 hours,Never,No,More than 8 hours,4,2,5,5,4,1,2,4,2,2,4,4,2,Board exams,Sometimes,4,1,5,4,4,4,43,High
23-25,Female,Sudurpaschim University,BSc CSIT,4th Year,2.5–2.99,3–4,71–80%,2,More than 6,7–8,3–4 hours,3–4 days/week,Yes,3–5 hours,2,3,1,2,1,5,4,1,5,4,1,1,5,Board exams,Never,3,3,1,2,1,2,13,Low
20-22,Female,Tribhuvan University,BCA,2nd Year,3.0–3.49,5–6,81–90%,4,5-6,5–6,3–4 hours,Never,Yes,6–8 hours,2,3,5,4,5,3,2,4,4,2,3,4,3,Project submission deadlines clashing with exams,Sometimes,2,3,3,4,2,4,38,High
23-25,Female,Tribhuvan University,BBS,4th Year,3.5–4.0,3–4,60–70%,2,3-4,5–6,1–2 hours,1–2 days/week,Yes,6–8 hours,1,5,2,2,3,2,5,1,4,4,2,3,3,Multiple assignments ,Rarely,3,5,4,1,2,2,22,Low
23-25,Male,Tribhuvan University,BSc CSIT,4th Year,2.5–2.99,3–4,60–70%,2,1-2,5–6,Less than 1 hour,3–4 days/week,Yes,6–8 hours,2,3,1,3,1,3,5,1,3,5,1,2,4,"Exams, because the whole year's result depends on the final board exam, family expectations to get good grades",Rarely,3,3,3,1,3,1,17,Low
Above 25,Prefer not to say,Purbanchal University,Agriculture,3rd Year,3.0–3.49,3–4,71–80%,2,5-6,5–6,5–6 hours,1–2 days/week,No,More than 8 hours,3,5,3,3,2,3,4,3,3,2,2,3,3,Internal assessments and assignments piling up together,Sometimes,3,3,3,2,3,4,28,Moderate
20-22,Female,Other,BSc Nursing,2nd Year,3.0–3.49,1–2,71–80%,5,3-4,Less than 5,1–2 hours,1–2 days/week,No,Less than 3 hours,4,5,5,4,4,2,1,5,2,5,3,5,3,Deadlines,Often,3,4,4,5,4,1,40,High
Above 25,Male,Kathmandu University,MBBS,5th Year,Not Available Yet,Less than 1,Above 90%,1,3-4,Less than 5,Less than 1 hour,3–4 days/week,Yes,3–5 hours,2,5,2,3,2,5,3,3,4,4,2,2,4,Future career concerns because I am unsure about job opportunities,Sometimes,4,3,1,3,2,2,22,Low
20-22,Female,Pokhara University,BCA,2nd Year,3.5–4.0,3–4,81–90%,3,More than 6,7–8,3–4 hours,Never,No,6–8 hours,2,3,2,2,2,4,2,2,4,5,2,1,3,Multiple assignments ,Rarely,2,5,2,4,2,1,20,Low
17-19,Female,Other,BDS,2nd Year,3.0–3.49,3–4,71–80%,4,5-6,Less than 5,5–6 hours,5–6 days/week,No,6–8 hours,4,1,4,5,5,1,2,5,2,2,5,4,2,Deadlines,Very Often,4,3,5,4,4,4,45,High
Above 25,Male,Agriculture and Forestry University,Agriculture,4th Year,3.0–3.49,More than 6 hours,Above 90%,3,5-6,7–8,5–6 hours,3–4 days/week,Yes,More than 8 hours,4,4,4,4,3,3,3,3,4,3,4,3,3,Sometimes,Rarely,3,5,3,3,2,3,32,Moderate
17-19,Female,Rajarshi Janak University,BCA,4th Year,2.0–2.49,Less than 1,Below 60%,5,3-4,Less than 5,1–2 hours,Never,Yes,Less than 3 hours,4,2,5,4,5,1,2,4,1,1,5,4,2,Deadlines,Often,5,3,5,4,5,5,46,High
17-19,Female,Agriculture and Forestry University,Agriculture,1st Year,3.5–4.0,1–2,71–80%,2,More than 6,5–6,1–2 hours,Never,Yes,3–5 hours,2,4,2,1,2,4,3,2,4,4,1,2,5,Financial pressure ,Never,3,5,2,3,2,2,19,Low
23-25,Male,Tribhuvan University,MBBS,3rd Year,2.0–2.49,1–2,71–80%,4,More than 6,5–6,3–4 hours,Never,Yes,6–8 hours,4,3,4,5,4,3,2,5,2,4,4,3,3,Job ,Sometimes,3,3,3,4,4,2,38,High
23-25,Female,Tribhuvan University,BSc CSIT,4th Year,2.5–2.99,1–2,60–70%,3,5-6,5–6,3–4 hours,3–4 days/week,Yes,3–5 hours,4,5,5,4,5,1,2,4,2,2,5,4,3,Financial ,Often,3,3,5,4,4,4,44,High
23-25,Female,Other,BSc Nursing,4th Year,3.5–4.0,5–6,81–90%,1,3-4,7–8,More than 6 hours,1–2 days/week,No,More than 8 hours,1,3,2,2,1,3,5,1,3,4,2,2,3,Procrastination,Sometimes,4,4,3,1,3,2,19,Low
17-19,Female,Sudurpaschim University,BSc CSIT,2nd Year,2.5–2.99,1–2,60–70%,5,5-6,7–8,5–6 hours,1–2 days/week,No,More than 8 hours,4,2,5,5,4,2,1,4,2,2,5,4,2,"Career, jobs are very limited in Nepal",Very Often,5,4,4,5,4,4,44,High
20-22,Female,Tribhuvan University,Agriculture,3rd Year,3.5–4.0,5–6,71–80%,2,3-4,7–8,1–2 hours,3–4 days/week,No,6–8 hours,3,5,2,1,1,4,5,3,3,4,2,1,3,Multiple assignments ,Rarely,3,5,2,1,3,2,18,Low
20-22,Female,Rajarshi Janak University,BCA,1st Year,Not Available Yet,Less than 1,71–80%,3,1-2,7–8,3–4 hours,3–4 days/week,No,6–8 hours,2,3,3,4,3,3,3,3,4,4,2,3,4,"Pressure to become a doctor/engineer like my family expects, assignments because multiple deadlines occur at the same time",Never,4,3,3,3,2,2,28,Moderate
Above 25,Male,Kathmandu University,BE/B.Tech,2nd Year,2.5–2.99,Less than 1,71–80%,3,More than 6,5–6,1–2 hours,3–4 days/week,No,3–5 hours,2,3,3,3,3,4,3,3,3,3,4,3,3,Board exams,Rarely,3,3,2,3,3,3,30,Moderate
Above 25,Male,Purbanchal University,BCA,2nd Year,3.5–4.0,3–4,81–90%,3,1-2,7–8,5–6 hours,3–4 days/week,No,More than 8 hours,2,5,1,2,1,4,3,2,4,4,2,2,5,Assignments because multiple deadlines occur at the same time,Never,3,5,2,3,2,2,19,Low
20-22,Female,Other,BSc Nursing,3rd Year,3.5–4.0,Less than 1,71–80%,4,5-6,More than 8,Less than 1 hour,1–2 days/week,No,3–5 hours,2,1,3,2,3,3,5,2,4,4,2,2,4,Board exams,Sometimes,1,4,3,1,2,2,22,Low
17-19,Female,Tribhuvan University,BCA,3rd Year,3.5–4.0,3–4,81–90%,3,5-6,5–6,3–4 hours,Never,No,More than 8 hours,3,4,5,3,4,2,2,5,3,2,4,5,3,Assignments because multiple deadlines occur at the same time,Rarely,3,5,4,4,3,4,41,High
17-19,Female,Tribhuvan University,BCA,1st Year,Not Available Yet,3–4,81–90%,3,5-6,5–6,1–2 hours,Never,Yes,3–5 hours,5,2,3,3,4,3,3,4,4,5,4,3,3,Family pressure,Often,3,4,3,3,2,1,30,Moderate
17-19,Female,Pokhara University,MBBS,2nd Year,2.5–2.99,5–6,81–90%,4,3-4,5–6,3–4 hours,Never,No,More than 8 hours,4,3,2,3,3,4,2,3,3,4,2,3,1,"Pressure to go abroad after graduation, internal assessments and assignments piling up together",Sometimes,4,2,2,4,3,2,27,Moderate
23-25,Female,Pokhara University,BSc Nursing,4th Year,3.0–3.49,1–2,71–80%,2,3-4,More than 8,3–4 hours,3–4 days/week,No,3–5 hours,1,4,3,2,2,4,4,1,5,5,3,2,4,Semester project with weak team members,Never,3,4,2,2,1,1,19,Low
20-22,Male,Tribhuvan University,BSc CSIT,4th Year,2.5–2.99,Less than 1,60–70%,4,3-4,Less than 5,5–6 hours,3–4 days/week,Yes,More than 8 hours,3,1,4,4,4,1,2,4,2,2,5,4,4,"Office hours clash with college time, too many assignments and lab reports with the same deadline",Very Often,5,4,5,4,4,4,42,High
23-25,Prefer not to say,Kathmandu University,BDS,5th Year,2.5–2.99,3–4,71–80%,3,More than 6,7–8,5–6 hours,1–2 days/week,No,6–8 hours,4,1,3,3,3,2,2,4,3,2,5,4,1,"TU exam pattern, everything depends on final exam",Sometimes,3,3,4,4,3,4,37,High
20-22,Prefer not to say,Tribhuvan University,BBS,3rd Year,2.5–2.99,1–2,60–70%,4,3-4,More than 8,3–4 hours,3–4 days/week,Yes,3–5 hours,3,2,4,4,3,2,3,2,2,2,3,4,2,Yes,Sometimes,2,4,4,3,4,4,35,Moderate
23-25,Male,Tribhuvan University,BCA,4th Year,3.5–4.0,1–2,71–80%,2,3-4,Less than 5,1–2 hours,3–4 days/week,Yes,3–5 hours,2,3,2,1,1,4,4,1,4,4,1,1,3,Not able to focus because of phone,Rarely,3,5,2,2,2,2,15,Low
23-25,Male,Sudurpaschim University,BCA,4th Year,3.5–4.0,1–2,81–90%,2,3-4,7–8,Less than 1 hour,Never,No,Less than 3 hours,3,3,4,2,3,2,3,2,3,4,2,3,2,Internal assessments and assignments piling up together,Rarely,3,4,4,3,3,2,28,Moderate
20-22,Male,Kathmandu University,BDS,5th Year,3.0–3.49,5–6,60–70%,4,More than 6,Less than 5,3–4 hours,1–2 days/week,No,6–8 hours,5,1,5,5,4,1,1,5,1,2,5,5,2,Study management,Very Often,5,3,5,5,5,4,48,High
17-19,Male,Kathmandu University,MBBS,1st Year,Not Available Yet,3–4,71–80%,2,5-6,5–6,3–4 hours,5–6 days/week,No,6–8 hours,2,4,2,3,2,3,4,4,5,4,1,3,3,"Project submission deadlines clashing with exams, future",Never,3,3,3,2,1,2,23,Low
17-19,Female,Kathmandu University,BE/B.Tech,1st Year,3.0–3.49,3–4,71–80%,4,3-4,7–8,3–4 hours,3–4 days/week,No,3–5 hours,2,2,4,4,4,3,3,3,3,4,4,3,3,Multiple assignments ,Very Often,2,4,3,3,3,2,33,Moderate
20-22,Female,Tribhuvan University,BCA,4th Year,3.0–3.49,5–6,71–80%,2,3-4,7–8,1–2 hours,1–2 days/week,Yes,3–5 hours,3,4,2,2,2,4,5,3,3,4,2,1,4,Strict attendance requirement,Never,3,4,2,1,3,2,20,Low
23-25,Female,Tribhuvan University,BSc Nursing,3rd Year,3.0–3.49,Less than 1,60–70%,3,3-4,5–6,5–6 hours,3–4 days/week,No,6–8 hours,3,3,2,3,4,2,2,2,2,3,3,3,3,Frustration ,Often,4,4,4,4,4,3,32,Moderate
23-25,Female,Tribhuvan University,BCA,4th Year,3.0–3.49,3–4,60–70%,2,3-4,7–8,1–2 hours,Daily,Yes,6–8 hours,2,4,1,1,2,4,4,2,3,4,2,3,3,Thesis and internship report,Never,3,5,2,2,3,2,20,Low
17-19,Female,Kathmandu University,BSc Nursing,1st Year,3.5–4.0,More than 6 hours,81–90%,3,5-6,5–6,5–6 hours,3–4 days/week,Yes,More than 8 hours,3,4,3,4,2,4,3,2,4,3,3,2,4,Office hours clash with college time,Sometimes,4,4,2,3,2,3,26,Moderate
20-22,Female,Pokhara University,BCA,3rd Year,3.5–4.0,1–2,71–80%,3,3-4,7–8,5–6 hours,1–2 days/week,Yes,More than 8 hours,4,3,4,3,5,3,2,4,2,3,5,4,2,"Balancing part-time job and classes, I don't get enough time to study",Sometimes,3,4,3,4,4,3,39,High
20-22,Female,Tribhuvan University,BCA,4th Year,3.0–3.49,3–4,71–80%,4,1-2,5–6,1–2 hours,1–2 days/week,Yes,3–5 hours,3,3,3,3,3,3,4,2,3,4,2,4,3,Job ,Often,4,4,3,2,3,2,27,Moderate
20-22,Female,Sudurpaschim University,BSc CSIT,4th Year,2.5–2.99,1–2,Below 60%,3,3-4,Less than 5,5–6 hours,1–2 days/week,Yes,6–8 hours,3,3,5,2,3,3,2,3,2,2,5,4,2,Future ,Often,4,3,3,4,4,4,37,High
23-25,Female,Sudurpaschim University,BSc CSIT,3rd Year,2.5–2.99,3–4,60–70%,4,3-4,5–6,3–4 hours,1–2 days/week,Yes,More than 8 hours,3,4,5,3,4,3,2,4,2,2,4,4,2,Family pressure,Very Often,4,4,3,4,4,4,39,High
20-22,Male,Sudurpaschim University,BBS,1st Year,3.5–4.0,3–4,Above 90%,1,More than 6,7–8,3–4 hours,5–6 days/week,Yes,6–8 hours,4,5,1,1,3,4,4,2,4,4,3,2,4,Too many assignments and lab reports with the same deadline,Rarely,3,4,2,2,2,2,20,Low
Above 25,Prefer not to say,Tribhuvan University,BBS,4th Year,3.5–4.0,3–4,Above 90%,1,More than 6,7–8,1–2 hours,3–4 days/week,No,3–5 hours,2,5,2,1,1,5,5,1,4,4,1,2,4,Family expectations to get good grades,Sometimes,2,4,1,1,2,2,14,Low
23-25,Male,Kathmandu University,BSc Nursing,3rd Year,2.5–2.99,3–4,Below 60%,3,More than 6,Less than 5,1–2 hours,1–2 days/week,Yes,More than 8 hours,3,2,3,5,3,3,3,3,4,4,3,2,3,Financial ,Sometimes,2,5,3,3,2,2,29,Moderate
Above 25,Male,Sudurpaschim University,BSc CSIT,4th Year,2.5–2.99,Less than 1,Below 60%,3,5-6,7–8,Less than 1 hour,Never,Yes,3–5 hours,4,3,3,4,4,4,3,3,2,2,3,2,4,"Career, jobs are very limited in Nepal",Often,3,3,2,3,4,4,32,Moderate
20-22,Female,Tribhuvan University,BSc CSIT,3rd Year,2.5–2.99,Less than 1,60–70%,3,1-2,7–8,1–2 hours,1–2 days/week,Yes,6–8 hours,4,2,5,4,4,1,1,4,2,2,4,5,3,Paying semester fees while living in Kathmandu is hard,Often,3,3,5,5,4,4,44,High
20-22,Female,Purbanchal University,BCA,2nd Year,3.0–3.49,1–2,81–90%,2,More than 6,7–8,1–2 hours,1–2 days/week,Yes,6–8 hours,3,2,2,3,4,3,4,2,3,4,3,3,3,Future career concerns because I am unsure about job opportunities,Very Often,4,4,3,2,3,2,27,Moderate
23-25,Female,Agriculture and Forestry University,Agriculture,3rd Year,Below 2.0,Less than 1,60–70%,4,3-4,5–6,3–4 hours,1–2 days/week,Yes,6–8 hours,4,2,4,3,4,1,1,3,1,2,5,4,1,Financial ,Very Often,4,2,5,5,5,4,42,High
Above 25,Male,Tribhuvan University,BSc CSIT,3rd Year,3.5–4.0,5–6,71–80%,2,1-2,7–8,Less than 1 hour,1–2 days/week,Yes,Less than 3 hours,4,3,2,2,3,3,4,2,3,3,3,3,3,Job market is competitive and many seniors are still unemployed,Rarely,5,5,3,2,3,3,26,Moderate
23-25,Female,Tribhuvan University,BSc Nursing,3rd Year,Not Available Yet,3–4,81–90%,2,1-2,5–6,Less than 1 hour,5–6 days/week,No,6–8 hours,1,3,1,1,1,5,4,1,3,5,2,1,4,Assignments because multiple deadlines occur at the same time,Rarely,2,5,1,2,3,1,14,Low
23-25,Male,Agriculture and Forestry University,Agriculture,3rd Year,2.5–2.99,1–2,Below 60%,4,1-2,5–6,1–2 hours,5–6 days/week,Yes,6–8 hours,3,3,3,4,4,4,1,2,4,3,2,2,4,Future career,Rarely,3,3,2,5,2,3,29,Moderate
23-25,Female,Tribhuvan University,BSc CSIT,4th Year,3.5–4.0,3–4,60–70%,1,More than 6,7–8,1–2 hours,5–6 days/week,Yes,3–5 hours,2,3,1,1,1,5,5,2,4,4,2,1,4,Thesis and internship report,Rarely,2,4,1,1,2,2,14,Low
17-19,Male,Other,BDS,1st Year,2.5–2.99,3–4,81–90%,4,1-2,7–8,5–6 hours,1–2 days/week,No,6–8 hours,5,3,4,5,5,2,2,4,3,2,4,5,2,Internal assessments and assignments piling up together,Often,5,4,4,4,3,4,42,High
17-19,Male,Agriculture and Forestry University,Agriculture,1st Year,3.5–4.0,3–4,81–90%,4,1-2,5–6,3–4 hours,Never,No,3–5 hours,5,1,4,4,4,2,2,5,1,2,5,5,2,Board exams,Very Often,3,4,4,4,5,4,44,High
23-25,Male,Tribhuvan University,BIM,3rd Year,2.5–2.99,1–2,Below 60%,5,5-6,5–6,Less than 1 hour,Never,No,3–5 hours,4,3,5,5,5,1,1,5,1,2,5,5,1,"Financial, job market is competitive and many seniors are still unemployed",Very Often,5,2,5,5,5,4,49,High
23-25,Female,Tribhuvan University,BSc Nursing,4th Year,3.5–4.0,3–4,71–80%,2,More than 6,7–8,Less than 1 hour,1–2 days/week,No,3–5 hours,1,4,1,1,2,5,5,1,5,5,3,2,5,Internal assessments and assignments piling up together,Rarely,2,5,1,1,1,1,14,Low
23-25,Male,Tribhuvan University,BCA,4th Year,3.5–4.0,3–4,60–70%,1,1-2,5–6,1–2 hours,Never,Yes,6–8 hours,2,4,2,2,1,3,3,3,4,5,1,2,3,Job ,Rarely,2,5,3,3,2,1,20,Low
17-19,Female,Pokhara University,BCA,1st Year,3.0–3.49,1–2,81–90%,4,3-4,5–6,5–6 hours,3–4 days/week,Yes,More than 8 hours,4,2,5,5,5,2,2,4,2,2,4,4,2,Stress,Sometimes,4,4,4,4,4,4,43,High
23-25,Male,Tribhuvan University,BCA,4th Year,3.0–3.49,1–2,71–80%,5,3-4,7–8,1–2 hours,5–6 days/week,No,3–5 hours,5,3,5,3,3,2,4,4,3,3,3,4,5,Multiple assignments ,Often,3,2,4,2,3,3,34,Moderate
17-19,Female,Agriculture and Forestry University,Agriculture,1st Year,Below 2.0,1–2,60–70%,3,1-2,7–8,5–6 hours,1–2 days/week,No,More than 8 hours,4,2,3,4,4,2,2,4,1,2,4,4,2,"Multiple assignments, balancing money and education",Often,3,1,4,4,5,4,40,High
23-25,Female,Tribhuvan University,BCA,4th Year,Below 2.0,Less than 1,Below 60%,1,5-6,Less than 5,Less than 1 hour,1–2 days/week,Yes,More than 8 hours,3,2,3,1,2,4,3,2,4,3,2,3,5,Unsure about future after graduation,Rarely,4,1,2,3,2,3,23,Low
20-22,Female,Sudurpaschim University,BCA,3rd Year,3.5–4.0,3–4,Above 90%,2,More than 6,5–6,Less than 1 hour,1–2 days/week,No,3–5 hours,2,3,1,2,1,4,5,2,3,5,1,1,5,Project submission deadlines clashing with exams,Never,4,5,2,1,3,1,15,Low
20-22,Female,Tribhuvan University,BIM,4th Year,Below 2.0,1–2,71–80%,5,More than 6,5–6,3–4 hours,Never,Yes,6–8 hours,5,1,4,4,5,2,1,4,1,1,5,5,1,Tuition fees and hostel expenses,Often,3,1,4,5,5,5,46,High
23-25,Female,Tribhuvan University,BBS,3rd Year,2.5–2.99,Less than 1,71–80%,4,3-4,5–6,1–2 hours,3–4 days/week,Yes,3–5 hours,4,3,4,4,4,3,1,5,2,3,4,4,3,Assignment ,Often,5,2,3,5,4,3,40,High
20-22,Female,Purbanchal University,BHM,2nd Year,2.5–2.99,3–4,60–70%,4,3-4,Less than 5,1–2 hours,3–4 days/week,Yes,More than 8 hours,5,3,4,4,4,1,1,5,3,2,5,3,2,Working part time and studying at the same time,Sometimes,3,3,5,5,3,4,42,High
20-22,Female,Agriculture and Forestry University,Agriculture,4th Year,3.0–3.49,3–4,81–90%,3,More than 6,5–6,1–2 hours,3–4 days/week,No,3–5 hours,3,3,4,4,4,2,2,4,2,2,4,4,3,Deadlines,Sometimes,4,3,4,4,4,4,40,High
20-22,Female,Rajarshi Janak University,BSc CSIT,2nd Year,2.5–2.99,Less than 1,71–80%,2,5-6,7–8,1–2 hours,Daily,Yes,Less than 3 hours,2,4,2,1,2,5,4,1,5,5,1,1,4,Exam routine keeps changing and results come very late,Rarely,2,4,1,2,1,1,13,Low
23-25,Prefer not to say,Agriculture and Forestry University,Agriculture,4th Year,3.5–4.0,3–4,60–70%,2,5-6,Less than 5,3–4 hours,1–2 days/week,No,6–8 hours,1,4,2,2,2,3,3,3,5,5,2,3,3,Project submission deadlines clashing with exams,Rarely,3,5,3,3,1,1,22,Low
23-25,Female,Tribhuvan University,BSc CSIT,4th Year,Not Available Yet,3–4,81–90%,3,5-6,7–8,3–4 hours,1–2 days/week,Yes,More than 8 hours,4,2,3,4,4,3,2,4,3,2,3,3,4,Yes,Often,5,5,3,4,3,4,35,Moderate
20-22,Male,Tribhuvan University,BCA,4th Year,3.5–4.0,1–2,81–90%,2,1-2,7–8,1–2 hours,Never,Yes,6–8 hours,1,4,2,2,2,4,3,3,5,5,3,2,2,Career,Sometimes,4,3,2,3,1,1,21,Low
23-25,Female,Other,MBBS,4th Year,3.0–3.49,3–4,71–80%,3,1-2,7–8,1–2 hours,Daily,Yes,6–8 hours,3,2,4,3,3,1,3,4,3,4,5,5,4,Thesis and internship report,Often,4,3,5,3,3,2,37,High
20-22,Female,Agriculture and Forestry University,Agriculture,1st Year,Not Available Yet,Less than 1,71–80%,5,1-2,Less than 5,1–2 hours,1–2 days/week,Yes,3–5 hours,5,1,4,4,3,2,2,4,1,3,5,4,2,"Financial pressure, deadlines",Often,4,4,4,4,5,3,40,High
20-22,Prefer not to say,Tribhuvan University,Agriculture,2nd Year,2.0–2.49,3–4,71–80%,2,5-6,5–6,1–2 hours,Never,Yes,6–8 hours,4,3,4,5,4,3,3,4,1,1,4,5,4,Job ,Very Often,5,2,3,3,5,5,42,High
17-19,Male,Kathmandu University,BE/B.Tech,1st Year,3.5–4.0,1–2,60–70%,1,3-4,5–6,1–2 hours,3–4 days/week,Yes,More than 8 hours,1,3,2,1,1,4,5,2,5,5,2,2,5,"Career, jobs are very limited in Nepal",Never,2,5,2,1,1,1,15,Low
20-22,Male,Tribhuvan University,BDS,4th Year,2.0–2.49,1–2,60–70%,5,5-6,5–6,3–4 hours,1–2 days/week,Yes,More than 8 hours,4,1,5,4,5,2,2,5,1,2,3,5,3,Assignment ,Often,4,2,4,4,5,4,44,High
20-22,Female,Other,BSc Nursing,1st Year,3.5–4.0,5–6,71–80%,2,5-6,5–6,1–2 hours,1–2 days/week,Yes,3–5 hours,2,5,1,2,2,4,5,3,4,4,2,2,3,"Office hours clash with college time, internal assessments and assignments piling up together",Rarely,2,5,2,1,2,2,19,Low
23-25,Female,Tribhuvan University,Law(LLB),3rd Year,Below 2.0,3–4,60–70%,4,3-4,5–6,3–4 hours,Never,No,6–8 hours,3,3,5,5,5,2,1,4,2,2,4,5,3,Multiple assignments ,Often,4,2,4,5,4,4,45,High
20-22,Male,Tribhuvan University,BCA,4th Year,2.5–2.99,Less than 1,71–80%,3,3-4,Less than 5,1–2 hours,3–4 days/week,Yes,3–5 hours,1,4,3,3,3,3,4,4,3,3,4,3,3,"Balancing part-time job and classes, I don't get enough time to study",Sometimes,4,3,3,2,3,3,31,Moderate
20-22,Female,Tribhuvan University,BBS,4th Year,3.5–4.0,3–4,71–80%,2,3-4,7–8,3–4 hours,1–2 days/week,Yes,More than 8 hours,4,1,3,3,1,4,4,2,3,2,2,2,3,"Career, jobs are very limited in Nepal",Never,4,5,2,2,3,4,24,Low
20-22,Female,Rajarshi Janak University,BCA,2nd Year,2.5–2.99,1–2,71–80%,4,3-4,5–6,Less than 1 hour,3–4 days/week,Yes,Less than 3 hours,5,3,5,3,5,2,2,4,2,2,5,4,2,Unfair grading in internal marks,Often,5,4,4,4,4,4,42,High
20-22,Female,Other,BSc Nursing,4th Year,3.5–4.0,5–6,81–90%,4,More than 6,Less than 5,5–6 hours,1–2 days/week,No,More than 8 hours,5,3,5,5,4,1,1,4,1,1,5,5,3,Tuition fees and hostel expenses,Often,5,4,5,5,5,5,48,High
20-22,Female,Pokhara University,BCA,1st Year,3.0–3.49,3–4,81–90%,4,5-6,Less than 5,3–4 hours,3–4 days/week,Yes,6–8 hours,3,3,3,3,4,1,3,4,1,2,4,4,2,Job ,Sometimes,3,3,5,3,5,4,39,High
23-25,Female,Pokhara University,BSc Nursing,3rd Year,3.0–3.49,Less than 1,71–80%,4,1-2,5–6,3–4 hours,1–2 days/week,No,6–8 hours,1,3,5,4,4,1,3,4,3,1,4,5,2,Deadlines,Often,4,2,5,3,3,5,42,High
23-25,Prefer not to say,Tribhuvan University,BHM,3rd Year,3.5–4.0,1–2,81–90%,2,3-4,7–8,3–4 hours,3–4 days/week,Yes,6–8 hours,3,2,2,3,2,2,3,2,2,3,4,3,3,"TU exam pattern, everything depends on final exam",Sometimes,2,5,4,3,4,3,30,Moderate
23-25,Male,Pokhara University,BHM,4th Year,3.0–3.49,3–4,71–80%,2,More than 6,7–8,3–4 hours,Daily,Yes,6–8 hours,2,5,1,2,2,5,5,2,4,4,2,2,5,Nothing much,Never,3,4,1,1,2,2,17,Low
Above 25,Female,Purbanchal University,Agriculture,4th Year,3.5–4.0,3–4,81–90%,2,3-4,5–6,Less than 1 hour,Daily,Yes,3–5 hours,3,3,2,1,2,5,4,1,4,3,3,2,4,Parents compare me with relatives and toppers,Never,3,5,1,2,2,3,19,Low
23-25,Female,Other,BSc Nursing,4th Year,3.0–3.49,1–2,81–90%,1,3-4,5–6,Less than 1 hour,5–6 days/week,No,Less than 3 hours,3,4,1,1,1,4,5,2,4,4,1,1,5,Unsure about future after graduation,Never,2,4,2,1,2,2,14,Low
23-25,Prefer not to say,Tribhuvan University,BSc CSIT,3rd Year,3.5–4.0,1–2,81–90%,3,1-2,7–8,5–6 hours,1–2 days/week,Yes,More than 8 hours,3,4,4,3,4,3,3,3,1,2,4,3,3,Unfair grading in internal marks,Rarely,4,4,3,3,5,4,36,Moderate
23-25,Female,Madhyapaschim University,BBS,4th Year,2.5–2.99,3–4,Below 60%,2,More than 6,7–8,3–4 hours,1–2 days/week,Yes,6–8 hours,3,4,2,1,4,4,3,2,3,4,1,2,4,Financial ,Sometimes,4,4,2,3,3,2,22,Low
17-19,Female,Tribhuvan University,BHM,1st Year,Not Available Yet,1–2,71–80%,2,More than 6,More than 8,Less than 1 hour,1–2 days/week,No,6–8 hours,1,3,3,3,2,3,3,3,2,4,2,3,3,Exam routine keeps changing and results come very late,Sometimes,3,3,3,3,4,2,28,Moderate
20-22,Male,Tribhuvan University,BBS,2nd Year,3.5–4.0,3–4,71–80%,1,1-2,5–6,Less than 1 hour,Never,Yes,3–5 hours,2,2,2,2,1,5,4,1,4,5,2,1,5,Assignments because multiple deadlines occur at the same time,Never,2,5,1,2,2,1,15,Low
Above 25,Female,Purbanchal University,BHM,4th Year,3.5–4.0,1–2,71–80%,3,1-2,7–8,1–2 hours,3–4 days/week,No,3–5 hours,3,4,2,1,1,4,4,2,4,4,1,4,3,Project submission deadlines clashing with exams,Rarely,4,5,2,2,2,2,19,Low
20-22,Female,Tribhuvan University,BBS,3rd Year,3.0–3.49,3–4,71–80%,5,3-4,5–6,3–4 hours,3–4 days/week,Yes,3–5 hours,4,2,4,4,4,2,1,5,1,1,5,5,1,Internal assessments and assignments piling up together,Rarely,4,2,4,5,5,5,46,High
20-22,Male,Other,BDS,2nd Year,3.5–4.0,More than 6 hours,81–90%,2,More than 6,5–6,Less than 1 hour,Daily,No,6–8 hours,1,4,2,2,1,5,4,1,5,5,1,2,4,Unsure about future after graduation,Never,4,5,1,2,1,1,14,Low
23-25,Male,Tribhuvan University,BSc CSIT,3rd Year,3.0–3.49,Less than 1,81–90%,3,5-6,7–8,1–2 hours,1–2 days/week,Yes,6–8 hours,3,2,3,3,4,5,3,3,3,4,3,3,3,Maybe,Often,5,5,1,3,3,2,28,Moderate
20-22,Male,Tribhuvan University,BCA,2nd Year,3.0–3.49,1–2,81–90%,3,1-2,5–6,1–2 hours,1–2 days/week,No,3–5 hours,3,2,4,3,2,2,3,3,2,3,3,3,4,Exam routine keeps changing and results come very late,Sometimes,4,4,4,3,4,3,32,Moderate
Above 25,Male,Rajarshi Janak University,Agriculture,4th Year,3.0–3.49,5–6,71–80%,3,5-6,Less than 5,5–6 hours,Never,No,More than 8 hours,2,2,3,3,2,4,3,3,4,3,2,2,3,Procrastination,Sometimes,5,4,2,3,2,3,25,Moderate
20-22,Female,Tribhuvan University,BIM,4th Year,2.5–2.99,Less than 1,60–70%,3,1-2,7–8,3–4 hours,Never,No,6–8 hours,4,1,4,4,4,2,1,5,2,3,5,5,2,Project submission deadlines clashing with exams,Often,4,3,4,5,4,3,43,High
23-25,Male,Tribhuvan University,BCA,2nd Year,2.5–2.99,1–2,81–90%,4,5-6,5–6,1–2 hours,1–2 days/week,No,6–8 hours,4,1,5,5,5,1,1,5,1,1,5,5,2,Assignment ,Very Often,4,2,5,5,5,5,50,High
23-25,Male,Tribhuvan University,MBBS,5th Year,3.5–4.0,5–6,81–90%,3,1-2,7–8,1–2 hours,1–2 days/week,No,3–5 hours,1,4,1,1,2,4,4,2,5,5,2,2,2,"Final year project and internship, internal assessments and assignments piling up together",Never,3,5,2,2,1,1,16,Low
20-22,Prefer not to say,Tribhuvan University,BCA,2nd Year,2.5–2.99,3–4,71–80%,4,3-4,7–8,Less than 1 hour,3–4 days/week,Yes,6–8 hours,3,1,4,2,5,2,2,3,3,2,4,4,4,Stress,Often,3,3,4,4,3,4,37,High
20-22,Female,Other,MBBS,4th Year,2.5–2.99,3–4,71–80%,2,More than 6,Less than 5,3–4 hours,3–4 days/week,No,More than 8 hours,4,2,3,5,4,2,3,4,3,3,3,4,1,Tuition fees and hostel expenses,Very Often,4,4,4,3,3,3,36,Moderate
23-25,Male,Tribhuvan University,BHM,2nd Year,3.0–3.49,1–2,71–80%,5,5-6,5–6,1–2 hours,Never,Yes,3–5 hours,5,2,5,4,5,2,2,5,1,2,4,4,1,"Balancing part-time job and classes, I don't get enough time to study",Very Often,3,5,4,4,5,4,44,High
17-19,Female,Sudurpaschim University,BCA,1st Year,2.0–2.49,5–6,71–80%,5,3-4,5–6,More than 6 hours,1–2 days/week,Yes,More than 8 hours,4,2,5,5,5,1,2,5,3,1,5,5,1,"Balancing part-time job and classes, I don't get enough time to study",Often,4,2,5,4,3,5,47,High
20-22,Female,Other,MBBS,1st Year,Not Available Yet,5–6,81–90%,1,3-4,More than 8,Less than 1 hour,5–6 days/week,No,6–8 hours,1,5,3,1,2,5,5,1,4,5,1,1,4,Exam routine keeps changing and results come very late,Rarely,2,4,1,1,2,1,14,Low
20-22,Male,Sudurpaschim University,BCA,3rd Year,3.5–4.0,5–6,Above 90%,2,5-6,5–6,1–2 hours,3–4 days/week,No,6–8 hours,2,3,3,3,2,3,3,4,4,4,1,2,3,Ok,Sometimes,3,5,3,3,2,2,25,Moderate
20-22,Prefer not to say,Tribhuvan University,MBBS,2nd Year,3.0–3.49,3–4,71–80%,3,1-2,5–6,More than 6 hours,3–4 days/week,No,More than 8 hours,2,2,3,3,4,4,2,2,2,3,4,3,1,Deadlines,Sometimes,4,2,2,4,4,3,32,Moderate
Above 25,Female,Kathmandu University,MBBS,5th Year,3.5–4.0,3–4,71–80%,2,More than 6,More than 8,Less than 1 hour,1–2 days/week,No,Less than 3 hours,1,5,1,1,1,5,5,3,5,4,1,1,5,Job market is competitive and many seniors are still unemployed,Rarely,5,4,1,1,1,2,13,Low
20-22,Female,Kathmandu University,MBBS,3rd Year,3.5–4.0,More than 6 hours,81–90%,3,1-2,Less than 5,3–4 hours,3–4 days/week,No,3–5 hours,3,2,4,4,4,1,2,5,3,2,5,3,2,Project submission deadlines clashing with exams,Often,4,3,5,4,3,4,41,High
23-25,Female,Agriculture and Forestry University,Agriculture,4th Year,3.5–4.0,5–6,Above 90%,2,3-4,Less than 5,3–4 hours,Never,Yes,3–5 hours,2,3,1,3,4,3,3,3,3,3,3,4,3,Career,Sometimes,3,4,3,3,3,3,30,Moderate
23-25,Female,Tribhuvan University,BSc CSIT,4th Year,3.0–3.49,3–4,81–90%,2,3-4,5–6,5–6 hours,5–6 days/week,Yes,More than 8 hours,4,5,1,1,1,4,4,1,3,4,3,3,4,Job market is competitive and many seniors are still unemployed,Never,2,4,2,2,3,2,19,Low
Above 25,Male,Sudurpaschim University,BCA,4th Year,3.5–4.0,3–4,81–90%,2,3-4,5–6,More than 6 hours,3–4 days/week,Yes,More than 8 hours,3,1,3,3,1,4,5,3,4,4,3,2,3,Study management,Sometimes,3,3,2,1,2,2,22,Low
20-22,Female,Tribhuvan University,Agriculture,2nd Year,3.5–4.0,5–6,71–80%,2,3-4,Less than 5,3–4 hours,5–6 days/week,No,6–8 hours,3,2,3,2,2,2,3,3,4,1,4,2,2,Job market is competitive and many seniors are still unemployed,Rarely,4,4,4,3,2,5,30,Moderate
23-25,Male,Tribhuvan University,BCA,2nd Year,3.5–4.0,1–2,71–80%,3,3-4,Less than 5,5–6 hours,3–4 days/week,Yes,More than 8 hours,5,4,4,5,4,2,2,5,3,2,4,5,3,Paying semester fees while living in Kathmandu is hard,Sometimes,2,3,4,4,3,4,42,High
20-22,Female,Purbanchal University,BSc Nursing,3rd Year,3.0–3.49,1–2,71–80%,4,More than 6,7–8,1–2 hours,3–4 days/week,No,Less than 3 hours,3,4,3,3,3,3,4,4,3,3,4,3,3,Parents compare me with relatives and toppers,Often,3,3,3,2,3,3,31,Moderate
20-22,Male,Sudurpaschim University,BBS,3rd Year,3.5–4.0,More than 6 hours,81–90%,3,3-4,7–8,1–2 hours,Never,Yes,3–5 hours,3,5,2,2,3,5,4,2,4,4,1,3,3,Money,Never,2,4,1,2,2,2,20,Low
17-19,Female,Sudurpaschim University,BCA,1st Year,3.5–4.0,5–6,Above 90%,3,More than 6,5–6,1–2 hours,3–4 days/week,Yes,3–5 hours,3,3,3,4,3,3,3,3,3,1,4,3,4,Lack of practical classes and resources,Sometimes,4,4,3,3,3,5,34,Moderate
20-22,Male,Purbanchal University,BE/B.Tech,3rd Year,3.5–4.0,Less than 1,71–80%,2,1-2,5–6,Less than 1 hour,Daily,Yes,3–5 hours,3,4,1,2,2,5,4,1,4,5,3,1,4,Stress,Never,2,5,1,2,2,1,16,Low
23-25,Female,Kathmandu University,BSc Nursing,4th Year,3.0–3.49,3–4,71–80%,2,More than 6,Less than 5,More than 6 hours,Never,No,More than 8 hours,3,2,4,3,2,3,3,4,3,4,2,4,4,"Procrastination, capstone projects.",Sometimes,4,3,3,3,3,2,30,Moderate
Above 25,Male,Tribhuvan University,BCA,4th Year,3.5–4.0,1–2,71–80%,4,More than 6,5–6,More than 6 hours,Never,Yes,More than 8 hours,1,3,3,3,3,4,3,1,5,4,1,3,4,Project submission deadlines clashing with exams,Never,4,4,2,3,1,2,22,Low
20-22,Female,Tribhuvan University,BSc Nursing,1st Year,3.0–3.49,3–4,81–90%,5,More than 6,5–6,3–4 hours,Never,No,6–8 hours,5,1,5,4,4,1,1,5,2,3,5,5,1,Unsure about future after graduation,Often,5,2,5,5,4,3,45,High
20-22,Female,Agriculture and Forestry University,Agriculture,3rd Year,3.0–3.49,1–2,60–70%,3,More than 6,Less than 5,1–2 hours,Never,Yes,3–5 hours,5,2,3,2,3,4,3,3,3,3,4,3,5,Job ,Sometimes,3,3,2,3,3,3,29,Moderate
20-22,Male,Tribhuvan University,BCA,1st Year,Not Available Yet,5–6,60–70%,4,3-4,Less than 5,3–4 hours,1–2 days/week,No,More than 8 hours,4,3,3,3,3,3,2,3,2,2,4,4,2,Financial pressure because my family struggles to pay tuition,Rarely,4,3,3,4,4,4,35,Moderate
23-25,Prefer not to say,Tribhuvan University,BSc Nursing,4th Year,2.5–2.99,3–4,Below 60%,4,3-4,7–8,1–2 hours,1–2 days/week,Yes,6–8 hours,3,1,5,5,5,2,2,5,1,2,5,5,1,Capstone projects.,Often,3,3,4,4,5,4,47,High
Above 25,Male,Tribhuvan University,BIM,3rd Year,Below 2.0,Less than 1,71–80%,4,1-2,5–6,1–2 hours,Never,Yes,3–5 hours,3,2,5,4,3,3,3,4,2,2,3,3,2,"Working part time and studying at the same time, multiple assignments",Rarely,3,1,3,3,4,4,36,Moderate
23-25,Male,Tribhuvan University,BHM,4th Year,2.5–2.99,1–2,81–90%,2,1-2,5–6,1–2 hours,1–2 days/week,No,6–8 hours,2,3,3,3,3,3,5,2,4,3,2,2,4,Sometimes,Rarely,3,4,3,1,2,3,24,Low
20-22,Male,Other,BDS,4th Year,3.5–4.0,5–6,71–80%,2,More than 6,7–8,3–4 hours,1–2 days/week,No,6–8 hours,2,3,2,3,2,4,4,2,5,4,2,3,4,"Exams, because the whole year's result depends on the final board exam",Sometimes,2,4,2,2,1,2,21,Low
20-22,Male,Tribhuvan University,MBBS,1st Year,3.5–4.0,3–4,71–80%,1,More than 6,7–8,More than 6 hours,Never,No,More than 8 hours,2,4,1,2,1,2,4,2,4,4,2,1,4,Sometimes,Rarely,2,3,4,2,2,2,19,Low
23-25,Female,Other,BSc Nursing,4th Year,3.0–3.49,3–4,71–80%,1,5-6,More than 8,5–6 hours,1–2 days/week,No,More than 8 hours,3,5,1,1,1,3,5,1,5,5,1,2,5,"Exam routine keeps changing and results come very late, project submission deadlines clashing with exams",Rarely,3,4,3,1,1,1,13,Low
23-25,Female,Tribhuvan University,BSc Nursing,4th Year,3.0–3.49,1–2,71–80%,3,5-6,5–6,5–6 hours,3–4 days/week,No,6–8 hours,3,4,2,3,3,3,4,2,3,4,3,3,4,Internal assessments and assignments piling up together,Sometimes,2,4,3,2,3,2,26,Moderate
20-22,Female,Tribhuvan University,BCA,2nd Year,Below 2.0,Less than 1,60–70%,2,More than 6,More than 8,3–4 hours,1–2 days/week,Yes,6–8 hours,4,3,2,3,3,3,4,5,3,4,2,2,4,Assignment ,Sometimes,1,2,3,2,3,2,27,Moderate
23-25,Male,Tribhuvan University,BCA,4th Year,2.5–2.99,3–4,81–90%,3,3-4,5–6,3–4 hours,1–2 days/week,Yes,More than 8 hours,1,3,3,4,3,3,4,3,1,3,2,3,4,Career,Rarely,5,2,3,2,5,3,31,Moderate
23-25,Female,Tribhuvan University,Law(LLB),4th Year,3.5–4.0,More than 6 hours,Above 90%,4,5-6,7–8,1–2 hours,Never,Yes,More than 8 hours,4,3,3,4,2,3,2,2,5,2,3,3,4,Job ,Rarely,3,3,3,4,1,4,29,Moderate
20-22,Male,Tribhuvan University,BBS,1st Year,2.0–2.49,Less than 1,71–80%,4,3-4,5–6,More than 6 hours,1–2 days/week,No,More than 8 hours,3,1,5,5,5,1,3,5,1,2,4,5,1,Not able to focus because of phone,Very Often,4,1,5,3,5,4,46,High
17-19,Male,Other,BDS,1st Year,3.5–4.0,More than 6 hours,81–90%,3,3-4,5–6,1–2 hours,1–2 days/week,Yes,More than 8 hours,3,3,4,4,3,2,2,3,2,1,5,4,2,Financial ,Sometimes,3,3,4,4,4,5,40,High
20-22,Female,Rajarshi Janak University,BCA,3rd Year,2.5–2.99,Less than 1,71–80%,4,3-4,Less than 5,3–4 hours,Never,Yes,More than 8 hours,3,3,3,4,3,3,3,3,3,4,2,3,4,Assignments because multiple deadlines occur at the same time,Often,2,2,3,3,3,2,29,Moderate
23-25,Male,Tribhuvan University,BIM,4th Year,2.5–2.99,Less than 1,60–70%,5,More than 6,7–8,3–4 hours,3–4 days/week,Yes,6–8 hours,4,2,5,5,4,3,2,5,2,4,3,3,4,Project submission deadlines clashing with exams,Rarely,4,3,3,4,4,2,38,High
Above 25,Male,Purbanchal University,BCA,2nd Year,3.0–3.49,1–2,81–90%,4,1-2,5–6,1–2 hours,1–2 days/week,No,6–8 hours,4,2,3,3,5,4,1,2,2,2,2,3,2,Future career,Often,4,3,2,5,4,4,33,Moderate
20-22,Prefer not to say,Tribhuvan University,Agriculture,2nd Year,3.0–3.49,5–6,81–90%,3,3-4,Less than 5,5–6 hours,3–4 days/week,No,More than 8 hours,2,3,3,4,4,2,2,3,1,3,4,4,1,Future career,Rarely,4,3,4,4,5,3,38,High
20-22,Male,Other,BSc Nursing,2nd Year,2.5–2.99,1–2,71–80%,4,5-6,5–6,3–4 hours,Never,No,6–8 hours,4,4,4,4,3,3,2,5,3,2,4,3,2,Future career,Often,2,3,3,4,3,4,37,High
23-25,Female,Tribhuvan University,BE/B.Tech,4th Year,3.0–3.49,1–2,71–80%,2,3-4,More than 8,1–2 hours,1–2 days/week,No,6–8 hours,2,1,2,2,2,3,4,2,3,4,3,1,4,Deadlines,Often,5,5,3,2,3,2,22,Low
23-25,Prefer not to say,Tribhuvan University,BDS,3rd Year,2.5–2.99,1–2,71–80%,3,5-6,7–8,Less than 1 hour,1–2 days/week,No,3–5 hours,3,4,2,2,3,4,5,4,4,3,3,2,4,Unsure about future after graduation,Rarely,4,5,2,1,2,3,24,Low
17-19,Female,Pokhara University,MBBS,1st Year,3.5–4.0,5–6,Above 90%,2,5-6,More than 8,1–2 hours,5–6 days/week,No,6–8 hours,3,3,2,2,2,4,5,3,3,4,3,2,4,Board exams,Sometimes,2,5,2,1,3,2,22,Low
20-22,Male,Tribhuvan University,BSc CSIT,4th Year,2.5–2.99,Less than 1,71–80%,1,3-4,7–8,1–2 hours,Never,Yes,Less than 3 hours,3,5,2,2,1,4,4,2,4,5,2,2,4,Assignments because multiple deadlines occur at the same time,Rarely,5,4,2,2,2,1,18,Low
23-25,Female,Other,BDS,5th Year,3.5–4.0,5–6,81–90%,4,3-4,5–6,3–4 hours,1–2 days/week,No,6–8 hours,5,3,4,5,5,2,2,5,3,1,4,5,3,Too many assignments and lab reports with the same deadline,Very Often,4,3,4,4,3,5,44,High
17-19,Female,Other,BSc Nursing,1st Year,Not Available Yet,3–4,60–70%,5,3-4,Less than 5,1–2 hours,1–2 days/week,No,3–5 hours,4,2,5,5,4,2,2,4,3,3,4,3,3,Family pressure,Very Often,3,2,4,4,3,3,39,High
23-25,Female,Sudurpaschim University,BCA,4th Year,2.5–2.99,3–4,60–70%,4,1-2,7–8,3–4 hours,1–2 days/week,Yes,6–8 hours,5,4,4,3,3,4,3,3,2,3,5,3,3,Money,Rarely,4,3,2,3,4,3,33,Moderate
23-25,Male,Tribhuvan University,BSc CSIT,2nd Year,Not Available Yet,Less than 1,81–90%,3,More than 6,5–6,Less than 1 hour,1–2 days/week,No,6–8 hours,3,2,4,3,5,2,2,5,1,2,4,3,3,Too many assignments and lab reports with the same deadline,Often,5,3,4,4,5,4,41,High
20-22,Male,Pokhara University,BHM,2nd Year,Not Available Yet,1–2,60–70%,2,5-6,5–6,3–4 hours,1–2 days/week,Yes,More than 8 hours,3,2,4,2,3,4,4,2,4,3,3,2,2,"Too many assignments and lab reports with the same deadline, unfair grading in internal marks",Often,3,2,2,2,2,3,25,Moderate
23-25,Female,Pokhara University,BCA,4th Year,2.5–2.99,1–2,71–80%,4,5-6,5–6,Less than 1 hour,1–2 days/week,Yes,3–5 hours,3,1,4,4,4,3,2,3,2,2,5,4,3,Strict attendance requirement,Rarely,3,3,3,4,4,4,39,High
20-22,Female,Tribhuvan University,BE/B.Tech,4th Year,2.5–2.99,Less than 1,60–70%,4,5-6,5–6,3–4 hours,3–4 days/week,Yes,More than 8 hours,4,3,5,4,4,2,2,4,3,3,5,5,4,"Exams, because the whole year's result depends on the final board exam, final year project and internship",Often,3,1,4,4,3,3,41,High
17-19,Male,Rajarshi Janak University,Agriculture,1st Year,Not Available Yet,1–2,Above 90%,2,1-2,7–8,1–2 hours,3–4 days/week,Yes,3–5 hours,3,1,3,3,3,2,3,3,3,3,4,3,3,Unsure about future after graduation,Sometimes,3,3,4,3,3,3,32,Moderate
20-22,Prefer not to say,Pokhara University,BCA,2nd Year,3.0–3.49,1–2,71–80%,1,3-4,5–6,3–4 hours,1–2 days/week,Yes,More than 8 hours,3,3,2,2,3,4,5,2,4,5,3,3,4,Working part time and studying at the same time,Rarely,4,5,2,1,2,1,21,Low
Above 25,Prefer not to say,Purbanchal University,BCA,2nd Year,3.5–4.0,1–2,71–80%,3,1-2,Less than 5,3–4 hours,3–4 days/week,No,6–8 hours,3,4,3,3,3,3,3,3,4,3,2,2,4,Nothing much,Rarely,4,5,3,3,2,3,27,Moderate
20-22,Female,Tribhuvan University,BCA,4th Year,2.0–2.49,3–4,Above 90%,5,More than 6,5–6,1–2 hours,3–4 days/week,Yes,3–5 hours,4,2,5,5,5,1,1,5,1,1,5,5,2,Future career,Very Often,3,1,5,5,5,5,50,High
Above 25,Prefer not to say,Other,BDS,5th Year,3.5–4.0,3–4,71–80%,2,More than 6,7–8,Less than 1 hour,1–2 days/week,No,6–8 hours,2,4,3,2,2,4,4,2,3,5,1,2,5,Thesis and internship report,Rarely,2,5,2,2,3,1,20,Low
20-22,Female,Rajarshi Janak University,BCA,3rd Year,3.0–3.49,1–2,71–80%,1,5-6,5–6,1–2 hours,3–4 days/week,No,6–8 hours,3,5,2,3,3,4,4,2,5,4,3,1,4,Frequent internal exams and practicals,Rarely,2,3,2,2,1,2,21,Low
23-25,Male,Agriculture and Forestry University,Agriculture,2nd Year,3.0–3.49,1–2,60–70%,3,3-4,5–6,3–4 hours,1–2 days/week,Yes,More than 8 hours,3,3,2,2,4,4,2,2,3,3,2,3,3,Exams ,Rarely,4,3,2,4,3,3,27,Moderate
20-22,Female,Purbanchal University,BCA,4th Year,2.0–2.49,Less than 1,60–70%,5,More than 6,5–6,3–4 hours,1–2 days/week,Yes,6–8 hours,5,3,5,4,4,2,2,4,2,2,5,5,2,Nothing much,Never,5,3,4,4,4,4,43,High
17-19,Female,Purbanchal University,Agriculture,1st Year,Not Available Yet,1–2,71–80%,2,More than 6,7–8,5–6 hours,1–2 days/week,No,More than 8 hours,2,4,3,3,1,4,4,1,5,4,3,2,4,Unsure ,Sometimes,3,5,2,2,1,2,20,Low
23-25,Female,Tribhuvan University,BSc CSIT,2nd Year,3.5–4.0,5–6,81–90%,3,More than 6,7–8,5–6 hours,Never,No,More than 8 hours,3,1,2,3,3,3,3,2,4,3,3,4,3,Study management,Sometimes,3,3,3,3,2,3,28,Moderate
17-19,Male,Kathmandu University,BE/B.Tech,1st Year,3.5–4.0,3–4,81–90%,3,3-4,More than 8,1–2 hours,3–4 days/week,No,6–8 hours,4,3,2,3,3,4,4,3,3,3,3,3,4,Future career,Sometimes,3,5,2,2,3,3,27,Moderate
17-19,Prefer not to say,Tribhuvan University,BIM,3rd Year,3.0–3.49,1–2,60–70%,4,3-4,5–6,3–4 hours,1–2 days/week,No,6–8 hours,2,3,5,4,3,2,3,4,3,2,4,4,2,Unfair grading in internal marks,Often,3,3,4,3,3,4,38,High
20-22,Male,Purbanchal University,Agriculture,2nd Year,2.0–2.49,Less than 1,71–80%,3,3-4,Less than 5,5–6 hours,1–2 days/week,No,More than 8 hours,4,4,4,4,5,2,2,4,1,1,4,3,1,Assignment ,Often,5,3,4,4,5,5,42,High
23-25,Male,Purbanchal University,BHM,3rd Year,3.0–3.49,1–2,71–80%,4,More than 6,Less than 5,Less than 1 hour,5–6 days/week,Yes,6–8 hours,2,3,1,2,2,4,4,1,4,4,1,2,3,"TU exam pattern, everything depends on final exam",Rarely,2,4,2,2,2,2,17,Low
17-19,Male,Sudurpaschim University,BCA,1st Year,Not Available Yet,5–6,81–90%,1,More than 6,7–8,Less than 1 hour,3–4 days/week,Yes,6–8 hours,4,4,2,1,1,5,5,2,5,5,1,1,4,Not able to focus because of phone,Never,3,5,1,1,1,1,12,Low
23-25,Female,Tribhuvan University,BDS,4th Year,2.0–2.49,1–2,71–80%,3,More than 6,Less than 5,1–2 hours,1–2 days/week,Yes,Less than 3 hours,4,4,3,4,4,2,2,3,1,1,5,4,3,Office hours clash with college time,Sometimes,4,3,4,4,5,5,41,High
23-25,Female,Tribhuvan University,BSc CSIT,4th Year,2.5–2.99,1–2,Below 60%,5,More than 6,5–6,1–2 hours,3–4 days/week,Yes,3–5 hours,3,3,5,3,4,2,2,4,2,3,4,3,2,Family pressure,Often,4,5,4,4,4,3,38,High
20-22,Female,Tribhuvan University,BSc CSIT,3rd Year,2.5–2.99,Less than 1,71–80%,2,More than 6,7–8,1–2 hours,Never,Yes,3–5 hours,3,4,2,2,2,3,3,2,3,3,2,4,3,Multiple assignments ,Never,4,5,3,3,3,3,26,Moderate
17-19,Male,Sudurpaschim University,BCA,1st Year,Not Available Yet,Less than 1,71–80%,3,3-4,More than 8,3–4 hours,5–6 days/week,Yes,3–5 hours,2,3,1,3,3,3,3,2,2,5,2,3,4,Future career,Sometimes,3,3,3,3,4,1,25,Moderate
Above 25,Female,Purbanchal University,Agriculture,2nd Year,3.5–4.0,3–4,71–80%,1,3-4,5–6,1–2 hours,3–4 days/week,Yes,6–8 hours,3,4,1,1,1,5,5,2,5,5,1,3,4,Office hours clash with college time,Rarely,2,3,1,1,1,1,13,Low
23-25,Male,Purbanchal University,BCA,4th Year,2.5–2.99,1–2,60–70%,3,More than 6,More than 8,Less than 1 hour,Never,Yes,3–5 hours,4,4,3,3,3,2,4,4,4,4,3,4,3,Parents compare me with relatives and toppers,Sometimes,4,4,4,2,2,2,30,Moderate
20-22,Female,Pokhara University,BCA,4th Year,2.5–2.99,1–2,71–80%,1,3-4,5–6,1–2 hours,3–4 days/week,No,6–8 hours,4,3,2,2,3,3,2,3,4,4,1,3,3,Capstone projects.,Rarely,5,4,3,4,2,2,25,Moderate
20-22,Female,Tribhuvan University,BE/B.Tech,4th Year,3.0–3.49,3–4,60–70%,4,5-6,7–8,3–4 hours,Daily,Yes,More than 8 hours,2,3,3,3,3,2,3,4,2,3,3,2,2,Future career concerns because I am unsure about job opportunities,Often,5,4,4,3,4,3,32,Moderate
20-22,Prefer not to say,Kathmandu University,MBBS,4th Year,3.0–3.49,3–4,71–80%,1,More than 6,7–8,5–6 hours,1–2 days/week,No,More than 8 hours,2,3,2,2,1,5,5,2,5,4,1,1,5,Unsure about future after graduation,Never,2,4,1,1,1,2,14,Low
Above 25,Male,Tribhuvan University,BSc CSIT,4th Year,3.0–3.49,1–2,71–80%,3,1-2,Less than 5,3–4 hours,5–6 days/week,Yes,3–5 hours,3,4,4,3,3,3,3,2,3,4,3,2,4,Internal assessments and assignments piling up together,Sometimes,2,3,3,3,3,2,28,Moderate
Above 25,Female,Tribhuvan University,BSc CSIT,3rd Year,3.0–3.49,3–4,60–70%,1,5-6,7–8,1–2 hours,1–2 days/week,Yes,6–8 hours,3,5,1,1,1,5,5,2,5,4,1,1,5,Job market is competitive and many seniors are still unemployed,Never,2,4,1,1,1,2,12,Low
23-25,Male,Sudurpaschim University,BCA,3rd Year,2.0–2.49,3–4,60–70%,1,3-4,5–6,Less than 1 hour,3–4 days/week,Yes,Less than 3 hours,2,4,1,1,1,4,4,1,5,4,1,1,5,Strict attendance requirement,Rarely,2,4,2,2,1,2,13,Low
20-22,Prefer not to say,Rajarshi Janak University,Agriculture,4th Year,2.0–2.49,Less than 1,81–90%,5,5-6,5–6,1–2 hours,Never,Yes,6–8 hours,5,1,3,4,4,1,3,4,3,3,5,5,2,"Exams, because the whole year's result depends on the final board exam",Very Often,4,1,5,3,3,3,39,High
23-25,Prefer not to say,Other,BDS,5th Year,3.0–3.49,3–4,71–80%,3,3-4,7–8,Less than 1 hour,3–4 days/week,No,3–5 hours,2,2,2,2,1,3,3,1,5,4,2,1,4,Future ,Rarely,3,4,3,3,1,2,18,Low
17-19,Prefer not to say,Agriculture and Forestry University,Agriculture,1st Year,Not Available Yet,1–2,71–80%,4,1-2,5–6,3–4 hours,1–2 days/week,Yes,More than 8 hours,3,1,1,3,3,3,4,4,3,2,3,3,3,Outdated syllabus and theory heavy teaching,Sometimes,2,2,3,2,3,4,29,Moderate
23-25,Prefer not to say,Tribhuvan University,BSc CSIT,3rd Year,2.0–2.49,1–2,60–70%,3,1-2,7–8,3–4 hours,1–2 days/week,No,6–8 hours,4,2,5,4,4,3,3,3,2,1,5,4,2,Too many assignments and lab reports with the same deadline,Often,3,2,3,3,4,5,40,High
20-22,Female,Tribhuvan University,BSc CSIT,4th Year,3.5–4.0,Less than 1,81–90%,1,More than 6,7–8,3–4 hours,Never,Yes,3–5 hours,2,4,2,1,2,5,5,1,5,4,1,1,4,Working part time and studying at the same time,Never,4,4,1,1,1,2,13,Low
23-25,Male,Tribhuvan University,BSc CSIT,3rd Year,3.0–3.49,1–2,71–80%,1,1-2,7–8,1–2 hours,3–4 days/week,Yes,3–5 hours,1,3,1,1,2,5,4,1,4,4,1,1,5,Job ,Rarely,1,5,1,2,2,2,14,Low
20-22,Female,Tribhuvan University,BHM,2nd Year,2.5–2.99,Less than 1,81–90%,4,5-6,5–6,3–4 hours,Never,No,More than 8 hours,4,2,4,5,4,2,1,5,2,2,4,4,2,Lack of practical classes and resources,Often,3,2,4,5,4,4,43,High
Above 25,Female,Sudurpaschim University,BSc CSIT,4th Year,2.5–2.99,1–2,60–70%,4,More than 6,5–6,1–2 hours,Never,Yes,6–8 hours,2,3,4,4,3,2,2,3,3,4,3,3,3,Future ,Sometimes,3,3,4,4,3,2,33,Moderate
20-22,Male,Rajarshi Janak University,BCA,1st Year,Not Available Yet,1–2,81–90%,1,3-4,5–6,Less than 1 hour,Never,Yes,Less than 3 hours,3,5,2,1,2,4,5,2,4,4,3,3,4,Job ,Never,1,4,2,1,2,2,20,Low
20-22,Female,Kathmandu University,MBBS,2nd Year,2.5–2.99,5–6,71–80%,5,3-4,5–6,5–6 hours,3–4 days/week,No,More than 8 hours,2,2,4,3,3,1,2,3,2,3,4,3,3,Too many assignments and lab reports with the same deadline,Often,3,3,5,4,4,3,36,Moderate
20-22,Male,Agriculture and Forestry University,Agriculture,3rd Year,2.5–2.99,Less than 1,60–70%,3,More than 6,5–6,3–4 hours,3–4 days/week,No,More than 8 hours,2,2,2,4,2,5,4,3,4,4,1,1,3,Not able to focus because of phone,Never,2,4,1,2,2,2,20,Low
20-22,Male,Pokhara University,BE/B.Tech,2nd Year,3.5–4.0,1–2,Above 90%,3,1-2,7–8,1–2 hours,5–6 days/week,Yes,6–8 hours,3,5,3,2,3,4,5,2,4,5,1,2,5,Pressure to go abroad after graduation,Never,3,5,2,1,2,1,19,Low
20-22,Female,Tribhuvan University,BDS,2nd Year,3.5–4.0,3–4,71–80%,5,More than 6,Less than 5,3–4 hours,3–4 days/week,Yes,6–8 hours,3,2,4,3,4,3,2,5,3,3,5,5,2,Too many assignments and lab reports with the same deadline,Sometimes,4,4,3,4,3,3,39,High
17-19,Male,Tribhuvan University,BCA,1st Year,Not Available Yet,1–2,81–90%,4,3-4,5–6,3–4 hours,5–6 days/week,No,3–5 hours,3,1,5,4,4,2,3,5,2,1,4,4,1,"Exams, because the whole year's result depends on the final board exam",Often,5,3,4,3,4,5,42,High
23-25,Female,Tribhuvan University,BSc CSIT,3rd Year,2.5–2.99,3–4,81–90%,4,3-4,5–6,3–4 hours,Never,No,6–8 hours,4,3,4,5,5,2,2,4,2,3,5,5,3,Assignments because multiple deadlines occur at the same time,Very Often,4,3,4,4,4,3,43,High
23-25,Male,Tribhuvan University,BSc CSIT,4th Year,3.0–3.49,1–2,81–90%,4,5-6,7–8,5–6 hours,3–4 days/week,No,3–5 hours,3,4,3,3,3,2,4,2,2,2,3,3,3,Ok,Sometimes,2,5,4,2,4,4,31,Moderate
20-22,Female,Other,BSc Nursing,1st Year,Not Available Yet,1–2,71–80%,5,5-6,7–8,5–6 hours,Never,No,More than 8 hours,3,3,4,4,4,3,3,4,2,1,5,3,1,"Exams, because the whole year's result depends on the final board exam",Sometimes,4,1,3,3,4,5,39,High
23-25,Male,Tribhuvan University,BDS,5th Year,3.0–3.49,3–4,81–90%,2,3-4,More than 8,3–4 hours,1–2 days/week,No,3–5 hours,3,5,1,1,2,3,4,1,4,4,1,3,4,Job market is competitive and many seniors are still unemployed,Rarely,3,4,3,2,2,2,18,Low
23-25,Female,Tribhuvan University,BSc CSIT,4th Year,3.0–3.49,1–2,81–90%,2,More than 6,5–6,1–2 hours,1–2 days/week,Yes,6–8 hours,4,1,2,3,4,3,4,3,3,4,5,3,2,Board exams,Often,4,3,3,2,3,2,30,Moderate
23-25,Prefer not to say,Other,BDS,3rd Year,3.5–4.0,5–6,Above 90%,3,5-6,5–6,3–4 hours,Never,No,More than 8 hours,2,3,2,3,3,4,4,2,4,2,3,2,4,Frustration ,Sometimes,4,4,2,2,2,4,25,Moderate
23-25,Prefer not to say,Pokhara University,MBBS,3rd Year,3.5–4.0,3–4,60–70%,3,1-2,Less than 5,5–6 hours,1–2 days/week,Yes,More than 8 hours,4,4,3,5,4,2,2,4,2,2,3,3,2,"TU exam pattern, everything depends on final exam",Very Often,2,3,4,4,4,4,38,High
23-25,Prefer not to say,Tribhuvan University,BCA,2nd Year,2.0–2.49,1–2,71–80%,3,3-4,5–6,1–2 hours,3–4 days/week,No,6–8 hours,3,5,5,3,4,2,2,4,2,2,3,4,3,Financial ,Very Often,4,2,4,4,4,4,39,High
20-22,Female,Sudurpaschim University,BCA,1st Year,Not Available Yet,1–2,71–80%,3,More than 6,5–6,5–6 hours,Never,Yes,6–8 hours,3,4,1,4,3,3,3,2,3,3,4,3,4,Time management,Sometimes,4,3,3,3,3,3,29,Moderate
20-22,Female,Tribhuvan University,BSc CSIT,2nd Year,2.5–2.99,3–4,Above 90%,3,1-2,Less than 5,1–2 hours,1–2 days/week,No,3–5 hours,3,3,2,4,2,3,4,3,3,3,2,4,3,Too many assignments and lab reports with the same deadline,Sometimes,4,3,3,2,3,3,28,Moderate
20-22,Female,Sudurpaschim University,BCA,4th Year,Not Available Yet,Less than 1,81–90%,4,3-4,7–8,3–4 hours,1–2 days/week,Yes,3–5 hours,3,2,4,3,4,2,2,4,4,2,4,3,2,Job market is competitive and many seniors are still unemployed,Sometimes,4,3,4,4,2,4,36,Moderate
20-22,Female,Purbanchal University,BE/B.Tech,2nd Year,3.5–4.0,5–6,Above 90%,2,3-4,More than 8,1–2 hours,3–4 days/week,Yes,3–5 hours,4,5,1,1,1,5,5,2,5,5,1,1,4,"TU exam pattern, everything depends on final exam",Rarely,3,5,1,1,1,1,11,Low
23-25,Male,Tribhuvan University,BSc CSIT,4th Year,2.5–2.99,1–2,60–70%,4,3-4,5–6,1–2 hours,Never,No,6–8 hours,4,3,5,4,5,1,1,4,2,2,4,4,2,Too many assignments and lab reports with the same deadline,Sometimes,4,4,5,5,4,4,44,High
23-25,Prefer not to say,Agriculture and Forestry University,Agriculture,3rd Year,3.0–3.49,1–2,71–80%,2,3-4,7–8,3–4 hours,1–2 days/week,Yes,3–5 hours,3,2,2,3,3,4,4,3,4,3,2,4,3,Exam routine keeps changing and results come very late,Rarely,3,3,2,2,2,3,26,Moderate
23-25,Female,Pokhara University,MBBS,5th Year,3.0–3.49,3–4,71–80%,3,More than 6,5–6,3–4 hours,1–2 days/week,Yes,More than 8 hours,4,1,3,3,3,3,3,3,3,4,3,3,2,Unsure ,Rarely,3,4,3,3,3,2,29,Moderate
Above 25,Male,Tribhuvan University,MBBS,4th Year,3.5–4.0,More than 6 hours,Above 90%,2,More than 6,5–6,1–2 hours,3–4 days/week,No,6–8 hours,3,2,2,1,2,4,3,3,3,4,1,2,4,Assignments because multiple deadlines occur at the same time,Never,2,5,2,3,3,2,21,Low
20-22,Male,Tribhuvan University,BCA,2nd Year,2.5–2.99,1–2,81–90%,3,1-2,Less than 5,1–2 hours,5–6 days/week,No,3–5 hours,4,5,3,2,2,2,4,2,3,4,3,2,4,Financial ,Sometimes,4,3,4,2,3,2,25,Moderate
23-25,Male,Kathmandu University,BDS,3rd Year,3.0–3.49,5–6,71–80%,3,5-6,5–6,3–4 hours,3–4 days/week,No,More than 8 hours,3,2,4,3,4,3,1,5,2,2,3,4,4,"Result delays and session delays in university, internal assessments and assignments piling up together",Often,4,3,3,5,4,4,39,High
17-19,Male,Tribhuvan University,BSc CSIT,1st Year,Not Available Yet,Less than 1,60–70%,5,3-4,5–6,3–4 hours,1–2 days/week,No,More than 8 hours,3,3,4,3,3,2,2,4,2,2,4,5,3,Multiple assignments ,Very Often,4,3,4,4,4,4,39,High
20-22,Female,Tribhuvan University,BDS,2nd Year,2.0–2.49,1–2,60–70%,3,3-4,7–8,1–2 hours,1–2 days/week,No,6–8 hours,3,2,2,3,3,3,3,4,3,4,3,4,3,"TU exam pattern, everything depends on final exam",Never,2,5,3,3,3,2,30,Moderate
23-25,Female,Kathmandu University,BE/B.Tech,4th Year,2.5–2.99,Less than 1,71–80%,2,1-2,7–8,3–4 hours,5–6 days/week,No,6–8 hours,3,5,3,3,2,4,3,2,4,4,1,2,4,Exams ,Sometimes,2,4,2,3,2,2,22,Low
23-25,Prefer not to say,Tribhuvan University,BCA,4th Year,2.0–2.49,3–4,60–70%,4,5-6,5–6,5–6 hours,1–2 days/week,No,More than 8 hours,3,2,5,4,4,1,1,5,1,2,4,5,3,Pressure to go abroad after graduation,Often,4,2,5,5,5,4,46,High
Above 25,Female,Tribhuvan University,BSc CSIT,3rd Year,3.0–3.49,3–4,60–70%,3,More than 6,Less than 5,1–2 hours,Never,Yes,6–8 hours,4,1,4,3,5,2,3,4,2,2,5,5,3,Job ,Sometimes,4,3,4,3,4,4,41,High
20-22,Prefer not to say,Tribhuvan University,BHM,3rd Year,2.5–2.99,Less than 1,60–70%,3,1-2,7–8,1–2 hours,3–4 days/week,Yes,3–5 hours,3,3,2,2,2,4,4,2,4,3,2,2,3,Financial pressure because my family struggles to pay tuition,Never,5,4,2,2,2,3,21,Low
20-22,Male,Tribhuvan University,BSc CSIT,2nd Year,3.0–3.49,5–6,81–90%,3,1-2,7–8,3–4 hours,Never,Yes,3–5 hours,3,3,3,3,3,2,3,4,1,3,4,3,3,Not able to focus because of phone,Often,4,3,4,3,5,3,35,Moderate
20-22,Prefer not to say,Purbanchal University,BSc Nursing,3rd Year,2.0–2.49,Less than 1,71–80%,4,3-4,5–6,3–4 hours,Daily,No,More than 8 hours,4,4,2,2,2,3,3,2,3,3,2,2,4,"Future career concerns because I am unsure about job opportunities, assignments because multiple deadlines occur at the same time",Rarely,5,3,3,3,3,3,24,Low
17-19,Male,Other,MBBS,1st Year,3.5–4.0,More than 6 hours,Above 90%,4,More than 6,5–6,1–2 hours,5–6 days/week,No,6–8 hours,2,1,3,4,4,3,1,4,3,3,4,4,3,Sometimes,Sometimes,3,5,3,5,3,3,37,High
23-25,Female,Kathmandu University,BSc Nursing,3rd Year,3.0–3.49,5–6,81–90%,5,More than 6,5–6,3–4 hours,Never,No,More than 8 hours,3,2,5,3,3,3,2,3,2,2,5,5,3,Too many assignments and lab reports with the same deadline,Rarely,4,4,3,4,4,4,39,High
17-19,Female,Tribhuvan University,BDS,2nd Year,3.0–3.49,5–6,71–80%,3,5-6,5–6,3–4 hours,3–4 days/week,No,More than 8 hours,4,4,5,5,4,2,3,5,2,3,3,4,2,Tuition fees and hostel expenses,Often,4,3,4,3,4,3,40,High
20-22,Female,Pokhara University,MBBS,1st Year,Not Available Yet,1–2,71–80%,3,1-2,7–8,3–4 hours,1–2 days/week,Yes,3–5 hours,3,2,4,4,3,1,2,4,3,2,4,3,2,"Deadlines, not able to focus because of phone",Often,3,2,5,4,3,4,38,High
20-22,Female,Tribhuvan University,BSc CSIT,3rd Year,3.5–4.0,5–6,71–80%,3,5-6,7–8,More than 6 hours,1–2 days/week,Yes,More than 8 hours,3,2,4,4,4,2,3,4,2,3,3,3,3,Internal assessments and assignments piling up together,Very Often,4,4,4,3,4,3,36,Moderate
20-22,Male,Pokhara University,BHM,2nd Year,Not Available Yet,3–4,81–90%,2,5-6,7–8,3–4 hours,1–2 days/week,Yes,3–5 hours,1,5,1,1,2,4,5,1,4,5,1,1,4,"Balancing part-time job and classes, I don't get enough time to study",Never,3,4,2,1,2,1,13,Low
20-22,Female,Tribhuvan University,MBBS,4th Year,3.0–3.49,3–4,71–80%,2,3-4,7–8,1–2 hours,5–6 days/week,No,6–8 hours,2,4,2,2,2,4,5,2,5,5,1,1,4,Family pressure,Sometimes,2,3,2,1,1,1,15,Low
17-19,Female,Tribhuvan University,MBBS,1st Year,Not Available Yet,3–4,71–80%,2,3-4,Less than 5,Less than 1 hour,1–2 days/week,No,3–5 hours,2,3,2,3,3,2,3,2,3,2,3,2,4,Final year project and internship,Sometimes,2,3,4,3,3,4,29,Moderate
23-25,Male,Tribhuvan University,BCA,3rd Year,3.5–4.0,5–6,Above 90%,4,3-4,5–6,5–6 hours,Never,Yes,More than 8 hours,4,1,4,3,3,2,2,4,2,1,4,4,3,Working part time and studying at the same time,Sometimes,3,4,4,4,4,5,39,High
23-25,Female,Other,BSc Nursing,3rd Year,3.5–4.0,3–4,81–90%,3,3-4,5–6,1–2 hours,3–4 days/week,No,3–5 hours,3,3,4,2,3,4,4,4,4,3,3,4,4,Too many assignments and lab reports with the same deadline,Sometimes,4,5,2,2,2,3,29,Moderate
Above 25,Prefer not to say,Agriculture and Forestry University,Agriculture,3rd Year,2.0–2.49,3–4,60–70%,5,5-6,5–6,1–2 hours,Never,Yes,6–8 hours,4,4,4,4,5,1,3,4,2,1,5,4,2,Financial ,Sometimes,4,3,5,3,4,5,43,High
23-25,Male,Tribhuvan University,BDS,3rd Year,2.5–2.99,3–4,81–90%,4,5-6,Less than 5,3–4 hours,Never,No,More than 8 hours,5,3,5,5,4,2,2,4,1,2,4,4,2,Financial pressure because my family struggles to pay tuition,Often,3,3,4,4,5,4,43,High
23-25,Male,Agriculture and Forestry University,Agriculture,4th Year,2.0–2.49,3–4,71–80%,4,3-4,5–6,3–4 hours,1–2 days/week,Yes,3–5 hours,4,2,3,4,4,1,1,4,1,3,4,4,2,Not able to focus because of phone,Sometimes,3,1,5,5,5,3,41,High
20-22,Female,Pokhara University,BHM,3rd Year,2.5–2.99,3–4,60–70%,3,More than 6,Less than 5,3–4 hours,Never,No,6–8 hours,4,2,5,4,5,2,3,5,2,3,3,3,1,Board exams,Very Often,5,2,4,3,4,3,39,High
17-19,Prefer not to say,Other,MBBS,2nd Year,2.5–2.99,3–4,71–80%,1,More than 6,More than 8,Less than 1 hour,1–2 days/week,No,3–5 hours,2,3,1,1,2,3,5,1,5,5,2,1,5,Lack of practical classes and resources,Never,3,5,3,1,1,1,14,Low
23-25,Prefer not to say,Tribhuvan University,BCA,4th Year,2.0–2.49,Less than 1,71–80%,3,3-4,5–6,1–2 hours,Never,Yes,6–8 hours,3,3,3,2,3,4,3,4,4,3,3,3,3,Project submission deadlines clashing with exams,Sometimes,4,3,2,3,2,3,28,Moderate
Above 25,Female,Tribhuvan University,BSc CSIT,3rd Year,3.5–4.0,More than 6 hours,Above 90%,2,3-4,5–6,1–2 hours,1–2 days/week,No,6–8 hours,1,3,2,2,2,4,4,3,4,5,2,2,4,"Strict attendance requirement, job market is competitive and many seniors are still unemployed",Sometimes,1,5,2,2,2,1,20,Low
17-19,Female,Tribhuvan University,BCA,1st Year,2.0–2.49,1–2,71–80%,4,1-2,5–6,3–4 hours,1–2 days/week,No,6–8 hours,3,4,2,3,4,2,2,4,1,2,4,4,3,Unfair grading in internal marks,Often,3,2,4,4,5,4,38,High
20-22,Male,Kathmandu University,MBBS,4th Year,3.0–3.49,3–4,60–70%,4,3-4,5–6,3–4 hours,5–6 days/week,No,6–8 hours,4,1,4,4,4,3,2,5,1,4,4,4,3,Future ,Sometimes,3,2,3,4,5,2,39,High
23-25,Female,Kathmandu University,BDS,4th Year,2.5–2.99,3–4,60–70%,3,1-2,5–6,5–6 hours,1–2 days/week,Yes,6–8 hours,3,4,5,4,4,3,2,2,1,3,3,3,2,Study management,Sometimes,5,2,3,4,5,3,36,Moderate
23-25,Female,Tribhuvan University,Law(LLB),3rd Year,2.0–2.49,Less than 1,81–90%,3,5-6,5–6,3–4 hours,3–4 days/week,No,3–5 hours,3,4,3,3,4,3,3,1,4,3,4,3,3,Deadlines,Never,2,4,3,3,2,3,29,Moderate
23-25,Prefer not to say,Tribhuvan University,BSc CSIT,3rd Year,Below 2.0,Less than 1,60–70%,3,3-4,5–6,3–4 hours,1–2 days/week,Yes,6–8 hours,3,5,3,3,3,3,4,5,3,1,3,2,3,Internal assessments and assignments piling up together,Sometimes,4,2,3,2,3,5,32,Moderate
20-22,Female,Purbanchal University,BSc Nursing,3rd Year,3.0–3.49,3–4,60–70%,2,3-4,Less than 5,3–4 hours,1–2 days/week,No,3–5 hours,3,3,3,3,3,3,3,2,2,4,3,3,4,Exams ,Rarely,2,4,3,3,4,2,29,Moderate
23-25,Male,Madhyapaschim University,BCA,3rd Year,2.0–2.49,Less than 1,Below 60%,5,3-4,Less than 5,More than 6 hours,Never,Yes,More than 8 hours,2,3,5,5,5,3,1,5,1,1,5,4,1,Paying semester fees while living in Kathmandu is hard,Very Often,4,1,3,5,5,5,47,High
20-22,Prefer not to say,Tribhuvan University,Law(LLB),3rd Year,2.0–2.49,1–2,71–80%,5,More than 6,Less than 5,3–4 hours,1–2 days/week,No,3–5 hours,4,2,5,5,4,1,1,4,2,3,5,4,3,"Assignments because multiple deadlines occur at the same time, career, jobs are very limited in nepal",Often,5,1,5,5,4,3,44,High
20-22,Male,Rajarshi Janak University,Agriculture,2nd Year,3.0–3.49,3–4,60–70%,3,5-6,5–6,Less than 1 hour,1–2 days/week,Yes,3–5 hours,4,3,2,4,4,2,4,3,3,3,3,3,3,Assignments because multiple deadlines occur at the same time,Rarely,3,4,4,2,3,3,31,Moderate
23-25,Female,Tribhuvan University,BHM,4th Year,3.5–4.0,Less than 1,60–70%,3,1-2,5–6,3–4 hours,3–4 days/week,Yes,More than 8 hours,1,3,1,2,1,5,3,2,5,4,1,1,4,Future career concerns because I am unsure about job opportunities,Rarely,2,5,1,3,1,2,15,Low
23-25,Female,Kathmandu University,BSc Nursing,4th Year,3.0–3.49,Less than 1,60–70%,3,More than 6,7–8,Less than 1 hour,1–2 days/week,No,Less than 3 hours,4,4,3,2,2,3,2,4,3,3,3,3,4,Stress,Never,4,4,3,4,3,3,30,Moderate
23-25,Male,Purbanchal University,Law(LLB),4th Year,3.5–4.0,5–6,81–90%,3,5-6,7–8,5–6 hours,1–2 days/week,No,More than 8 hours,2,3,4,2,3,4,3,3,3,4,2,3,3,Job market is competitive and many seniors are still unemployed,Rarely,4,4,2,3,3,2,27,Moderate
17-19,Female,Tribhuvan University,BBS,1st Year,2.0–2.49,Less than 1,81–90%,3,5-6,5–6,5–6 hours,3–4 days/week,Yes,More than 8 hours,5,1,4,2,3,3,3,2,3,3,3,4,3,Financial pressure ,Sometimes,4,1,3,3,3,3,30,Moderate
17-19,Male,Tribhuvan University,BHM,1st Year,Not Available Yet,5–6,60–70%,4,More than 6,Less than 5,5–6 hours,Never,Yes,More than 8 hours,5,1,5,4,3,1,1,5,1,1,5,4,2,Project submission deadlines clashing with exams,Often,5,2,5,5,5,5,46,High
23-25,Male,Purbanchal University,BCA,3rd Year,3.0–3.49,1–2,71–80%,1,1-2,7–8,1–2 hours,Never,Yes,Less than 3 hours,3,4,2,2,1,5,4,2,5,5,1,1,5,Future career,Never,1,3,1,2,1,1,14,Low
17-19,Male,Tribhuvan University,BSc CSIT,1st Year,Not Available Yet,3–4,71–80%,3,3-4,More than 8,3–4 hours,1–2 days/week,Yes,6–8 hours,4,3,3,3,3,3,4,2,3,5,2,2,3,Working part time and studying at the same time,Rarely,3,2,3,2,3,1,24,Low
Above 25,Female,Other,MBBS,4th Year,3.5–4.0,5–6,71–80%,3,5-6,7–8,1–2 hours,1–2 days/week,No,3–5 hours,3,1,2,1,2,2,3,2,4,4,2,3,4,Family expectations to get good grades,Sometimes,4,3,4,3,2,2,23,Low
23-25,Female,Kathmandu University,MBBS,5th Year,3.5–4.0,More than 6 hours,Above 90%,3,1-2,Less than 5,5–6 hours,5–6 days/week,Yes,More than 8 hours,3,5,2,3,4,3,3,2,3,3,4,2,3,Pressure to become a doctor/engineer like my family expects,Sometimes,3,3,3,3,3,3,29,Moderate
23-25,Male,Tribhuvan University,BE/B.Tech,2nd Year,2.5–2.99,1–2,81–90%,2,3-4,5–6,3–4 hours,3–4 days/week,Yes,6–8 hours,5,4,2,2,2,4,3,2,3,5,3,2,5,Result delays and session delays in university,Sometimes,3,3,2,3,3,1,22,Low
20-22,Male,Tribhuvan University,BSc CSIT,2nd Year,Not Available Yet,5–6,81–90%,5,More than 6,Less than 5,3–4 hours,Never,Yes,6–8 hours,4,4,3,4,5,2,2,4,1,2,5,5,1,Procrastination,Very Often,4,2,4,4,5,4,43,High
Above 25,Female,Other,BSc Nursing,1st Year,3.5–4.0,3–4,81–90%,3,More than 6,7–8,3–4 hours,1–2 days/week,No,3–5 hours,3,2,2,2,3,5,5,2,4,3,1,2,4,Project submission deadlines clashing with exams,Never,4,3,1,1,2,3,19,Low
23-25,Male,Rajarshi Janak University,BBS,3rd Year,3.5–4.0,3–4,Above 90%,4,1-2,5–6,1–2 hours,1–2 days/week,Yes,6–8 hours,4,4,5,4,4,2,2,4,3,1,5,4,2,Pressure to become a doctor/engineer like my family expects,Often,3,3,4,4,3,5,42,High
17-19,Female,Tribhuvan University,BCA,1st Year,Not Available Yet,5–6,Above 90%,5,1-2,Less than 5,5–6 hours,1–2 days/week,No,6–8 hours,5,1,4,4,4,1,2,5,2,2,5,5,2,"Not able to focus because of phone, financial pressure because my family struggles to pay tuition",Often,3,2,5,4,4,4,44,High
20-22,Female,Rajarshi Janak University,Agriculture,2nd Year,2.5–2.99,Less than 1,60–70%,3,More than 6,7–8,1–2 hours,1–2 days/week,No,Less than 3 hours,5,5,3,3,4,3,4,4,3,2,1,4,3,Yes,Sometimes,3,3,3,2,3,4,31,Moderate
20-22,Female,Kathmandu University,BSc Nursing,4th Year,3.5–4.0,1–2,71–80%,2,More than 6,7–8,Less than 1 hour,3–4 days/week,No,Less than 3 hours,3,4,2,1,2,5,4,3,4,5,2,1,5,Multiple assignments ,Rarely,3,5,1,2,2,1,17,Low
23-25,Male,Other,MBBS,2nd Year,2.5–2.99,3–4,Above 90%,3,3-4,5–6,5–6 hours,Never,No,More than 8 hours,4,2,3,3,4,2,3,4,3,3,2,3,3,Financial ,Sometimes,2,2,4,3,3,3,32,Moderate
23-25,Female,Purbanchal University,BSc Nursing,3rd Year,Not Available Yet,5–6,Above 90%,3,1-2,5–6,5–6 hours,1–2 days/week,No,More than 8 hours,3,2,5,4,5,2,3,4,2,2,4,4,3,Unsure about future after graduation,Sometimes,4,3,4,3,4,4,41,High
Above 25,Male,Tribhuvan University,BSc CSIT,3rd Year,3.0–3.49,3–4,60–70%,4,5-6,7–8,3–4 hours,1–2 days/week,No,More than 8 hours,2,3,3,4,3,2,5,4,4,3,2,4,3,"Internal assessments and assignments piling up together, semester project with weak team members",Rarely,4,4,4,1,2,3,30,Moderate
23-25,Male,Tribhuvan University,BDS,3rd Year,3.5–4.0,5–6,60–70%,1,3-4,5–6,3–4 hours,Daily,Yes,6–8 hours,3,5,1,1,1,5,5,3,5,5,1,1,4,Job ,Never,1,4,1,1,1,1,12,Low
23-25,Female,Pokhara University,BHM,2nd Year,2.5–2.99,1–2,60–70%,2,3-4,7–8,1–2 hours,Never,No,6–8 hours,3,4,1,1,2,5,5,1,5,5,2,1,4,Financial ,Often,1,2,1,1,1,1,12,Low
23-25,Female,Tribhuvan University,BCA,3rd Year,3.0–3.49,1–2,60–70%,4,5-6,5–6,5–6 hours,Never,No,More than 8 hours,4,1,5,3,5,2,2,5,1,1,5,4,3,Capstone projects.,Very Often,5,2,4,4,5,5,45,High
20-22,Prefer not to say,Other,MBBS,2nd Year,3.0–3.49,5–6,Above 90%,4,5-6,5–6,1–2 hours,Never,No,3–5 hours,2,2,3,4,5,2,2,4,1,2,4,5,2,Too many assignments and lab reports with the same deadline,Sometimes,3,3,4,4,5,4,42,High
23-25,Female,Pokhara University,BCA,4th Year,2.5–2.99,1–2,60–70%,2,3-4,5–6,3–4 hours,Never,No,6–8 hours,2,3,2,3,2,3,4,3,3,4,2,2,3,Study management,Never,4,4,3,2,3,2,24,Low
Above 25,Male,Tribhuvan University,BSc CSIT,3rd Year,3.0–3.49,1–2,71–80%,5,1-2,5–6,5–6 hours,1–2 days/week,Yes,More than 8 hours,4,2,4,3,3,3,4,3,1,3,3,3,2,Assignments because multiple deadlines occur at the same time,Sometimes,3,4,3,2,5,3,32,Moderate
23-25,Female,Tribhuvan University,BSc Nursing,2nd Year,2.5–2.99,1–2,71–80%,4,5-6,5–6,3–4 hours,3–4 days/week,No,6–8 hours,3,2,3,2,5,3,3,3,3,2,4,3,3,Exams ,Sometimes,4,3,3,3,3,4,33,Moderate
23-25,Female,Tribhuvan University,BCA,4th Year,2.5–2.99,1–2,60–70%,3,3-4,7–8,1–2 hours,3–4 days/week,Yes,6–8 hours,1,2,3,2,3,3,3,3,4,4,3,3,2,Future career,Sometimes,4,3,3,3,2,2,27,Moderate
20-22,Female,Tribhuvan University,BCA,4th Year,2.5–2.99,Less than 1,71–80%,4,3-4,5–6,Less than 1 hour,1–2 days/week,No,Less than 3 hours,4,3,4,4,4,3,2,5,3,2,3,4,2,Job market is competitive and many seniors are still unemployed,Often,4,3,3,4,3,4,38,High
23-25,Male,Tribhuvan University,BSc CSIT,4th Year,3.0–3.49,3–4,71–80%,4,1-2,5–6,3–4 hours,Never,Yes,More than 8 hours,3,1,3,3,4,3,1,5,3,1,5,4,3,Project submission deadlines clashing with exams,Often,4,3,3,5,3,5,40,High
Above 25,Female,Tribhuvan University,BSc Nursing,3rd Year,3.5–4.0,5–6,71–80%,3,3-4,5–6,1–2 hours,3–4 days/week,No,More than 8 hours,3,3,3,4,4,3,3,3,4,4,3,2,2,Deadlines,Often,2,4,3,3,2,2,29,Moderate
Above 25,Female,Tribhuvan University,BSc CSIT,3rd Year,3.0–3.49,1–2,60–70%,4,3-4,Less than 5,More than 6 hours,3–4 days/week,Yes,More than 8 hours,4,3,4,4,3,3,2,3,2,3,4,4,2,Future career concerns because I am unsure about job opportunities,Sometimes,3,5,3,4,4,3,36,Moderate
17-19,Female,Tribhuvan University,MBBS,2nd Year,3.0–3.49,1–2,71–80%,4,More than 6,7–8,3–4 hours,Never,No,More than 8 hours,4,2,3,3,4,2,2,4,2,2,4,5,3,Project submission deadlines clashing with exams,Often,3,3,4,4,4,4,39,High
17-19,Male,Tribhuvan University,BIM,4th Year,Not Available Yet,5–6,Above 90%,1,1-2,Less than 5,Less than 1 hour,Never,No,3–5 hours,3,5,1,2,1,4,5,1,5,5,1,1,4,Internal assessments and assignments piling up together,Rarely,4,5,2,1,1,1,12,Low
23-25,Female,Tribhuvan University,BCA,1st Year,3.0–3.49,3–4,71–80%,1,3-4,5–6,Less than 1 hour,3–4 days/week,No,3–5 hours,1,4,2,1,2,3,5,3,3,3,3,2,3,"Career, jobs are very limited in Nepal",Sometimes,3,3,3,1,3,3,23,Low
23-25,Male,Madhyapaschim University,BCA,3rd Year,3.5–4.0,3–4,60–70%,2,3-4,More than 8,1–2 hours,3–4 days/week,Yes,More than 8 hours,4,4,4,3,3,4,4,2,4,2,3,3,3,Lack of practical classes and resources,Rarely,5,5,2,2,2,4,28,Moderate
Above 25,Female,Tribhuvan University,BSc Nursing,2nd Year,3.5–4.0,More than 6 hours,81–90%,2,1-2,5–6,3–4 hours,3–4 days/week,No,3–5 hours,3,3,3,4,2,3,3,3,4,3,3,3,3,Future career concerns because I am unsure about job opportunities,Rarely,4,3,3,3,2,3,29,Moderate
Above 25,Female,Tribhuvan University,Agriculture,4th Year,3.5–4.0,5–6,71–80%,3,3-4,5–6,Less than 1 hour,3–4 days/week,Yes,3–5 hours,2,3,4,2,3,3,2,3,3,4,2,3,5,Working part time and studying at the same time,Sometimes,4,4,3,4,3,2,29,Moderate
Above 25,Female,Rajarshi Janak University,BCA,4th Year,3.0–3.49,Less than 1,71–80%,2,3-4,7–8,1–2 hours,3–4 days/week,Yes,6–8 hours,4,4,1,2,2,4,4,3,4,3,3,3,4,Multiple assignments ,Rarely,4,4,2,2,2,3,23,Low
20-22,Male,Tribhuvan University,BCA,3rd Year,2.5–2.99,Less than 1,81–90%,2,5-6,7–8,3–4 hours,1–2 days/week,No,6–8 hours,1,3,1,2,2,3,2,2,4,2,2,3,3,"TU exam pattern, everything depends on final exam",Rarely,5,3,3,4,2,4,25,Moderate
20-22,Female,Tribhuvan University,BCA,4th Year,3.0–3.49,3–4,60–70%,2,More than 6,5–6,3–4 hours,5–6 days/week,Yes,More than 8 hours,2,3,2,2,1,4,4,2,5,4,3,2,5,Lack of practical classes and resources,Rarely,3,5,2,2,1,2,19,Low
Above 25,Female,Tribhuvan University,BSc CSIT,4th Year,3.0–3.49,1–2,Below 60%,4,3-4,5–6,5–6 hours,1–2 days/week,Yes,More than 8 hours,4,4,4,4,4,2,2,4,1,3,4,3,1,Lack of discipline and too much screen time,Sometimes,5,4,4,4,5,3,39,High
20-22,Female,Tribhuvan University,BCA,4th Year,2.5–2.99,3–4,60–70%,4,3-4,Less than 5,5–6 hours,1–2 days/week,Yes,More than 8 hours,2,4,5,3,4,2,2,3,2,2,3,5,2,Unsure about future after graduation,Rarely,4,3,4,4,4,4,39,High
23-25,Male,Tribhuvan University,BCA,3rd Year,3.0–3.49,1–2,81–90%,3,3-4,5–6,Less than 1 hour,3–4 days/week,Yes,6–8 hours,5,1,4,3,1,2,1,4,3,1,3,3,3,Financial ,Often,3,5,4,5,3,5,35,Moderate
23-25,Female,Tribhuvan University,BSc Nursing,3rd Year,2.0–2.49,Less than 1,71–80%,5,3-4,5–6,More than 6 hours,Never,No,More than 8 hours,3,4,5,4,5,2,2,5,3,1,3,5,3,Too many assignments and lab reports with the same deadline,Often,3,2,4,4,3,5,43,High
20-22,Male,Kathmandu University,BE/B.Tech,2nd Year,Below 2.0,5–6,71–80%,4,5-6,5–6,1–2 hours,3–4 days/week,No,6–8 hours,5,3,4,3,4,3,2,4,3,2,3,5,2,"Exams, because the whole year's result depends on the final board exam",Sometimes,1,2,3,4,3,4,37,High
20-22,Female,Tribhuvan University,BHM,3rd Year,2.0–2.49,1–2,60–70%,2,5-6,5–6,5–6 hours,Never,Yes,More than 8 hours,4,4,2,2,3,4,4,2,3,2,2,4,4,Frustration ,Rarely,4,3,2,2,3,4,26,Moderate
Above 25,Female,Agriculture and Forestry University,Agriculture,4th Year,3.0–3.49,3–4,71–80%,3,3-4,5–6,5–6 hours,3–4 days/week,Yes,More than 8 hours,4,4,5,4,5,2,2,5,1,3,4,4,4,Lack of discipline and too much screen time,Sometimes,4,3,4,4,5,3,43,High
23-25,Female,Tribhuvan University,BCA,4th Year,3.0–3.49,3–4,60–70%,2,1-2,Less than 5,5–6 hours,3–4 days/week,Yes,More than 8 hours,3,4,2,3,2,4,3,3,3,5,3,3,3,Semester project with weak team members,Sometimes,3,4,2,3,3,1,25,Moderate
20-22,Female,Tribhuvan University,Law(LLB),2nd Year,3.5–4.0,3–4,71–80%,4,3-4,5–6,3–4 hours,3–4 days/week,No,6–8 hours,2,3,4,4,4,2,2,4,2,3,4,4,2,"Exams, because the whole year's result depends on the final board exam",Very Often,3,4,4,4,4,3,39,High
23-25,Male,Tribhuvan University,BCA,4th Year,2.5–2.99,3–4,71–80%,2,3-4,5–6,3–4 hours,3–4 days/week,Yes,More than 8 hours,5,5,2,3,3,3,3,2,3,3,3,3,3,Project submission deadlines clashing with exams,Often,5,3,3,3,3,3,28,Moderate
23-25,Male,Tribhuvan University,BHM,4th Year,3.5–4.0,1–2,71–80%,3,3-4,More than 8,3–4 hours,1–2 days/week,Yes,More than 8 hours,3,5,3,2,3,4,4,2,4,3,2,1,3,"Working part time and studying at the same time, assignments because multiple deadlines occur at the same time",Never,4,5,2,2,2,3,22,Low
20-22,Male,Tribhuvan University,BCA,2nd Year,3.0–3.49,Less than 1,81–90%,1,5-6,7–8,3–4 hours,3–4 days/week,No,More than 8 hours,3,4,2,2,3,3,4,2,4,3,2,2,3,Study management,Sometimes,4,4,3,2,2,3,23,Low
23-25,Male,Tribhuvan University,BSc CSIT,3rd Year,3.5–4.0,Less than 1,81–90%,4,5-6,7–8,1–2 hours,1–2 days/week,No,6–8 hours,3,4,3,2,1,5,4,2,4,3,1,3,4,"Career, jobs are very limited in Nepal",Sometimes,4,4,1,2,2,3,20,Low
Above 25,Female,Tribhuvan University,MBBS,5th Year,3.5–4.0,5–6,71–80%,3,5-6,7–8,5–6 hours,1–2 days/week,Yes,More than 8 hours,3,2,3,3,4,3,3,4,2,2,3,3,2,Nothing much,Rarely,4,5,3,3,4,4,34,Moderate
17-19,Female,Rajarshi Janak University,Agriculture,1st Year,3.5–4.0,1–2,81–90%,3,3-4,7–8,3–4 hours,1–2 days/week,No,3–5 hours,2,2,2,1,2,3,4,2,3,4,2,3,5,Time management,Often,2,5,3,2,3,2,22,Low
Above 25,Female,Pokhara University,BSc Nursing,4th Year,3.0–3.49,Less than 1,71–80%,3,5-6,7–8,3–4 hours,1–2 days/week,No,6–8 hours,4,4,3,2,4,2,4,2,4,3,2,3,3,Deadlines,Sometimes,4,4,4,2,2,3,27,Moderate
20-22,Male,Pokhara University,MBBS,1st Year,3.5–4.0,3–4,71–80%,4,5-6,5–6,1–2 hours,1–2 days/week,No,6–8 hours,4,3,4,4,5,3,1,5,1,2,4,4,1,Frequent internal exams and practicals,Often,3,5,3,5,5,4,43,High
23-25,Male,Tribhuvan University,Law(LLB),3rd Year,3.5–4.0,5–6,Above 90%,2,More than 6,7–8,1–2 hours,3–4 days/week,Yes,More than 8 hours,4,2,1,3,3,3,3,2,3,3,3,3,4,Exam routine keeps changing and results come very late,Rarely,2,4,3,3,3,3,27,Moderate
23-25,Male,Purbanchal University,BCA,2nd Year,3.0–3.49,5–6,71–80%,2,3-4,7–8,3–4 hours,1–2 days/week,No,6–8 hours,2,4,2,1,2,4,3,1,3,4,3,1,3,Strict attendance requirement,Never,1,5,2,3,3,2,20,Low
23-25,Male,Tribhuvan University,BCA,3rd Year,2.5–2.99,3–4,71–80%,5,1-2,5–6,5–6 hours,Never,Yes,More than 8 hours,4,2,3,4,5,1,2,5,3,1,5,5,2,Frustration ,Often,4,2,5,4,3,5,44,High
23-25,Male,Tribhuvan University,Law(LLB),5th Year,3.0–3.49,Less than 1,71–80%,3,More than 6,More than 8,5–6 hours,1–2 days/week,Yes,More than 8 hours,3,4,1,2,1,5,4,2,3,4,2,2,4,"Future career concerns because I am unsure about job opportunities, lack of discipline and too much screen time",Rarely,4,4,1,2,3,2,18,Low
20-22,Female,Tribhuvan University,BDS,2nd Year,3.5–4.0,1–2,71–80%,3,1-2,7–8,5–6 hours,5–6 days/week,No,6–8 hours,3,2,2,3,4,4,5,3,4,3,2,3,3,Yes,Sometimes,4,3,2,1,2,3,25,Moderate
20-22,Female,Pokhara University,BSc Nursing,2nd Year,3.5–4.0,3–4,71–80%,2,1-2,7–8,3–4 hours,3–4 days/week,No,6–8 hours,2,3,3,3,3,3,3,2,4,3,2,2,2,Family pressure,Sometimes,5,4,3,3,2,3,26,Moderate
20-22,Female,Tribhuvan University,MBBS,3rd Year,3.0–3.49,1–2,81–90%,1,3-4,7–8,Less than 1 hour,5–6 days/week,No,Less than 3 hours,2,4,1,2,1,4,5,3,5,4,1,1,3,Internal assessments and assignments piling up together,Rarely,3,4,2,1,1,2,15,Low
23-25,Male,Tribhuvan University,BSc CSIT,3rd Year,2.5–2.99,1–2,60–70%,4,1-2,Less than 5,1–2 hours,3–4 days/week,Yes,3–5 hours,4,3,3,5,4,3,2,5,2,2,5,4,2,Future career concerns because I am unsure about job opportunities,Very Often,3,4,3,4,4,4,41,High
20-22,Male,Tribhuvan University,BCA,4th Year,2.0–2.49,Less than 1,60–70%,3,3-4,Less than 5,5–6 hours,1–2 days/week,Yes,More than 8 hours,2,1,3,5,5,2,1,4,1,2,5,5,2,Career,Sometimes,5,2,4,5,5,4,45,High
20-22,Male,Rajarshi Janak University,BCA,4th Year,3.0–3.49,3–4,81–90%,3,3-4,Less than 5,5–6 hours,3–4 days/week,Yes,6–8 hours,5,3,4,3,4,3,3,3,2,3,3,2,2,Financial ,Sometimes,3,3,3,3,4,3,32,Moderate
20-22,Female,Pokhara University,BHM,4th Year,2.5–2.99,Less than 1,71–80%,4,1-2,5–6,3–4 hours,1–2 days/week,No,6–8 hours,2,3,3,3,3,3,2,3,3,2,4,4,3,Nothing much,Sometimes,4,3,3,4,3,4,34,Moderate
23-25,Female,Tribhuvan University,BSc CSIT,4th Year,3.5–4.0,3–4,Above 90%,3,More than 6,Less than 5,1–2 hours,1–2 days/week,Yes,6–8 hours,5,4,5,4,5,3,2,4,3,2,3,4,1,Exams ,Sometimes,3,3,3,4,3,4,39,High
20-22,Prefer not to say,Tribhuvan University,BCA,1st Year,3.0–3.49,3–4,71–80%,3,5-6,5–6,3–4 hours,3–4 days/week,Yes,More than 8 hours,3,3,4,3,4,3,2,2,4,4,3,5,3,Job ,Sometimes,3,3,3,4,2,2,32,Moderate
20-22,Female,Tribhuvan University,BSc Nursing,4th Year,3.5–4.0,3–4,81–90%,3,More than 6,More than 8,3–4 hours,3–4 days/week,No,6–8 hours,3,3,2,4,4,1,4,3,3,2,5,3,2,"Exams, because the whole year's result depends on the final board exam",Sometimes,4,4,5,2,3,4,35,Moderate
23-25,Female,Tribhuvan University,BCA,4th Year,3.5–4.0,3–4,71–80%,3,3-4,Less than 5,3–4 hours,1–2 days/week,No,6–8 hours,2,1,3,2,4,2,4,5,2,2,5,3,2,Financial pressure because my family struggles to pay tuition,Rarely,4,3,4,2,4,4,36,Moderate
23-25,Female,Kathmandu University,BDS,2nd Year,3.0–3.49,5–6,Above 90%,5,3-4,5–6,5–6 hours,5–6 days/week,Yes,More than 8 hours,4,3,4,5,5,2,3,3,3,3,4,4,2,Too many assignments and lab reports with the same deadline,Sometimes,4,4,4,3,3,3,38,High
20-22,Male,Tribhuvan University,MBBS,4th Year,3.0–3.49,5–6,81–90%,3,1-2,7–8,5–6 hours,1–2 days/week,No,More than 8 hours,3,4,4,3,3,2,2,4,2,3,4,3,3,Future career,Often,4,4,4,4,4,3,36,Moderate
23-25,Female,Tribhuvan University,BCA,2nd Year,Below 2.0,Less than 1,60–70%,4,3-4,Less than 5,1–2 hours,Never,No,Less than 3 hours,5,1,5,4,3,2,2,4,1,2,5,5,2,Career,Often,4,3,4,4,5,4,43,High
20-22,Male,Tribhuvan University,BSc CSIT,2nd Year,3.0–3.49,Less than 1,Above 90%,4,More than 6,5–6,Less than 1 hour,3–4 days/week,Yes,6–8 hours,4,3,3,3,3,3,3,3,1,3,3,4,2,Nothing much,Often,4,4,3,3,5,3,33,Moderate
20-22,Prefer not to say,Tribhuvan University,BCA,2nd Year,3.5–4.0,3–4,71–80%,3,5-6,Less than 5,3–4 hours,1–2 days/week,No,More than 8 hours,2,3,4,3,3,3,4,4,3,3,3,4,3,Too many assignments and lab reports with the same deadline,Sometimes,4,4,3,2,3,3,32,Moderate
23-25,Female,Tribhuvan University,Law(LLB),2nd Year,3.5–4.0,3–4,81–90%,2,3-4,7–8,1–2 hours,1–2 days/week,No,More than 8 hours,2,4,3,3,3,3,4,4,4,3,3,3,3,Stress,Rarely,3,5,3,2,2,3,29,Moderate
17-19,Prefer not to say,Agriculture and Forestry University,Agriculture,2nd Year,Not Available Yet,Less than 1,60–70%,4,3-4,7–8,Less than 1 hour,3–4 days/week,No,6–8 hours,3,2,4,5,4,2,3,4,1,3,4,4,3,"Strict attendance requirement, family pressure",Sometimes,5,3,4,3,5,3,40,High
23-25,Female,Kathmandu University,BSc Nursing,4th Year,3.5–4.0,3–4,81–90%,5,More than 6,5–6,1–2 hours,Never,Yes,6–8 hours,5,3,5,4,4,1,2,4,2,1,5,5,2,Tuition fees and hostel expenses,Sometimes,4,3,5,4,4,5,45,High
20-22,Male,Tribhuvan University,BSc CSIT,2nd Year,3.0–3.49,Less than 1,Below 60%,3,5-6,More than 8,5–6 hours,3–4 days/week,Yes,More than 8 hours,4,3,1,2,2,5,4,1,4,4,2,2,5,Job ,Rarely,3,4,1,2,2,2,17,Low
20-22,Female,Tribhuvan University,BSc CSIT,1st Year,2.0–2.49,Less than 1,71–80%,5,3-4,7–8,5–6 hours,Never,Yes,3–5 hours,5,2,5,4,5,1,1,4,2,1,4,4,3,Assignment ,Often,3,1,5,5,4,5,45,High
23-25,Female,Other,BSc Nursing,3rd Year,3.0–3.49,3–4,60–70%,4,3-4,5–6,1–2 hours,1–2 days/week,No,6–8 hours,4,3,4,5,5,1,2,5,2,2,4,5,1,Strict attendance requirement,Very Often,3,2,5,4,4,4,45,High
Above 25,Female,Tribhuvan University,BSc CSIT,4th Year,3.5–4.0,3–4,71–80%,3,3-4,Less than 5,More than 6 hours,3–4 days/week,Yes,More than 8 hours,3,3,5,3,4,2,2,3,3,2,3,3,3,Frustration ,Often,4,4,4,4,3,4,36,Moderate
23-25,Female,Tribhuvan University,BIM,3rd Year,3.5–4.0,Less than 1,71–80%,3,More than 6,Less than 5,3–4 hours,3–4 days/week,Yes,3–5 hours,5,1,3,5,5,1,1,4,1,2,4,5,3,Board exams,Sometimes,4,3,5,5,5,4,45,High
23-25,Prefer not to say,Tribhuvan University,BCA,3rd Year,3.5–4.0,3–4,Above 90%,3,More than 6,5–6,3–4 hours,3–4 days/week,Yes,3–5 hours,4,2,3,2,2,3,3,2,3,2,3,3,4,Office hours clash with college time,Sometimes,2,2,3,3,3,4,28,Moderate
17-19,Female,Tribhuvan University,BDS,2nd Year,3.5–4.0,3–4,81–90%,2,More than 6,7–8,Less than 1 hour,3–4 days/week,Yes,3–5 hours,4,4,2,2,3,2,3,2,2,3,2,4,2,"Career, jobs are very limited in Nepal",Often,2,4,4,3,4,3,29,Moderate
23-25,Female,Tribhuvan University,BCA,4th Year,2.0–2.49,Less than 1,71–80%,4,3-4,5–6,5–6 hours,3–4 days/week,Yes,More than 8 hours,3,4,3,3,4,2,3,3,3,2,3,3,3,"TU exam pattern, everything depends on final exam",Sometimes,4,2,4,3,3,4,33,Moderate
23-25,Female,Pokhara University,BCA,4th Year,3.0–3.49,3–4,71–80%,2,1-2,5–6,5–6 hours,5–6 days/week,Yes,6–8 hours,2,4,2,1,3,5,4,1,4,5,1,1,4,Unsure about future after graduation,Sometimes,2,4,1,2,2,1,15,Low
23-25,Female,Sudurpaschim University,BSc CSIT,4th Year,3.5–4.0,More than 6 hours,81–90%,2,1-2,7–8,1–2 hours,1–2 days/week,No,More than 8 hours,2,4,2,1,3,3,5,1,3,4,1,1,5,Internal assessments and assignments piling up together,Rarely,2,5,3,1,3,2,18,Low
20-22,Male,Tribhuvan University,BSc CSIT,1st Year,3.5–4.0,More than 6 hours,71–80%,2,3-4,5–6,5–6 hours,1–2 days/week,No,6–8 hours,2,3,2,2,3,3,2,3,3,3,3,3,3,Procrastination,Sometimes,2,4,3,4,3,3,29,Moderate
20-22,Female,Other,MBBS,5th Year,2.5–2.99,Less than 1,60–70%,2,1-2,7–8,5–6 hours,1–2 days/week,No,3–5 hours,1,5,1,2,2,3,5,1,4,4,2,1,3,"Exams, because the whole year's result depends on the final board exam",Rarely,2,3,3,1,2,2,17,Low
Above 25,Male,Tribhuvan University,BSc CSIT,4th Year,2.5–2.99,1–2,71–80%,4,3-4,Less than 5,5–6 hours,5–6 days/week,Yes,6–8 hours,3,3,3,3,4,2,2,4,2,2,3,3,3,Deadlines,Rarely,4,5,4,4,4,4,36,Moderate
Above 25,Female,Other,BDS,5th Year,3.5–4.0,More than 6 hours,60–70%,2,More than 6,More than 8,1–2 hours,3–4 days/week,No,6–8 hours,2,4,1,2,1,4,5,1,4,4,1,1,5,Semester project with weak team members,Never,2,4,2,1,2,2,14,Low
23-25,Male,Agriculture and Forestry University,Agriculture,4th Year,2.5–2.99,1–2,Below 60%,3,5-6,Less than 5,5–6 hours,3–4 days/week,Yes,More than 8 hours,2,1,3,3,3,3,4,3,3,3,2,3,2,Project submission deadlines clashing with exams,Never,5,2,3,2,3,3,28,Moderate
23-25,Prefer not to say,Rajarshi Janak University,Agriculture,4th Year,Below 2.0,3–4,60–70%,4,1-2,5–6,5–6 hours,1–2 days/week,Yes,More than 8 hours,2,2,5,4,5,3,2,4,2,2,5,4,1,Maybe,Often,5,1,3,4,4,4,42,High
17-19,Female,Purbanchal University,BCA,1st Year,3.0–3.49,1–2,60–70%,2,3-4,5–6,3–4 hours,3–4 days/week,Yes,6–8 hours,2,2,3,4,5,1,3,5,2,3,4,3,4,"Exams, because the whole year's result depends on the final board exam",Often,2,3,5,3,4,3,39,High
Above 25,Female,Tribhuvan University,MBBS,5th Year,2.5–2.99,3–4,81–90%,4,5-6,Less than 5,3–4 hours,3–4 days/week,No,3–5 hours,4,2,3,3,4,3,1,5,3,2,4,3,2,"Multiple assignments, strict attendance requirement",Sometimes,5,3,3,5,3,4,37,High
23-25,Female,Tribhuvan University,BHM,4th Year,3.0–3.49,3–4,71–80%,4,3-4,5–6,1–2 hours,1–2 days/week,No,6–8 hours,3,2,5,5,5,2,2,4,2,1,5,5,1,Frustration ,Very Often,5,3,4,4,4,5,46,High
23-25,Male,Tribhuvan University,BBS,3rd Year,2.0–2.49,1–2,81–90%,3,1-2,5–6,Less than 1 hour,1–2 days/week,Yes,6–8 hours,2,2,3,2,2,4,3,3,4,3,3,3,3,Future ,Sometimes,3,3,2,3,2,3,26,Moderate
20-22,Female,Tribhuvan University,BSc CSIT,3rd Year,2.5–2.99,1–2,Below 60%,3,1-2,7–8,5–6 hours,Never,Yes,More than 8 hours,5,3,2,3,3,3,2,3,2,4,3,3,3,Balancing money and education,Sometimes,2,5,3,4,4,2,30,Moderate
17-19,Male,Kathmandu University,BDS,1st Year,3.5–4.0,1–2,81–90%,2,5-6,7–8,1–2 hours,3–4 days/week,No,3–5 hours,1,4,2,2,3,3,4,2,4,3,3,3,2,Board exams,Rarely,3,4,3,2,2,3,25,Moderate
23-25,Female,Agriculture and Forestry University,Agriculture,3rd Year,2.5–2.99,1–2,81–90%,5,3-4,Less than 5,5–6 hours,1–2 days/week,Yes,More than 8 hours,4,3,5,3,5,1,2,5,1,1,5,5,1,Multiple assignments ,Often,4,2,5,4,5,5,47,High
23-25,Male,Tribhuvan University,BCA,4th Year,2.0–2.49,1–2,Below 60%,4,More than 6,Less than 5,More than 6 hours,3–4 days/week,Yes,6–8 hours,3,2,3,3,3,2,3,4,3,4,4,3,4,"Career, jobs are very limited in Nepal",Often,5,3,4,3,3,2,32,Moderate
Above 25,Male,Kathmandu University,BE/B.Tech,4th Year,2.5–2.99,3–4,71–80%,4,3-4,7–8,3–4 hours,1–2 days/week,No,More than 8 hours,4,3,4,4,3,2,1,4,2,2,4,3,4,Financial pressure because my family struggles to pay tuition,Sometimes,3,2,4,5,4,4,39,High
20-22,Female,Other,BSc Nursing,4th Year,3.0–3.49,1–2,71–80%,3,More than 6,Less than 5,1–2 hours,3–4 days/week,Yes,6–8 hours,4,3,3,4,4,4,5,3,1,3,2,2,4,Internal assessments and assignments piling up together,Rarely,3,3,2,1,5,3,29,Moderate
20-22,Male,Tribhuvan University,BSc CSIT,3rd Year,Not Available Yet,3–4,Above 90%,3,3-4,Less than 5,3–4 hours,Never,Yes,6–8 hours,4,3,3,4,2,4,4,2,3,4,3,3,3,Unfair grading in internal marks,Very Often,3,3,2,2,3,2,26,Moderate
23-25,Female,Rajarshi Janak University,BCA,4th Year,3.0–3.49,3–4,Below 60%,4,3-4,7–8,5–6 hours,3–4 days/week,Yes,More than 8 hours,2,2,3,5,3,3,3,3,3,2,3,2,3,Lack of practical classes and resources,Sometimes,2,5,3,3,3,4,32,Moderate
23-25,Prefer not to say,Tribhuvan University,MBBS,5th Year,2.5–2.99,Less than 1,71–80%,2,3-4,7–8,1–2 hours,3–4 days/week,No,6–8 hours,2,5,1,1,2,5,5,2,5,5,1,3,4,Deadlines,Rarely,4,5,1,1,1,1,14,Low
17-19,Female,Tribhuvan University,BHM,1st Year,3.0–3.49,3–4,81–90%,5,More than 6,Less than 5,3–4 hours,5–6 days/week,Yes,6–8 hours,5,2,4,4,4,1,2,5,2,3,4,5,1,Procrastination,Often,5,3,5,4,4,3,42,High
23-25,Male,Agriculture and Forestry University,Agriculture,3rd Year,2.0–2.49,1–2,60–70%,4,5-6,Less than 5,3–4 hours,Never,Yes,6–8 hours,5,4,4,4,4,1,2,4,2,2,4,5,3,Unsure about future after graduation,Often,3,3,5,4,4,4,42,High
23-25,Male,Sudurpaschim University,BCA,4th Year,2.5–2.99,3–4,60–70%,5,1-2,Less than 5,5–6 hours,1–2 days/week,No,More than 8 hours,3,3,4,5,5,1,1,5,2,1,5,4,1,Tuition fees and hostel expenses,Often,3,4,5,5,4,5,47,High
23-25,Prefer not to say,Other,BSc Nursing,4th Year,2.5–2.99,1–2,81–90%,5,More than 6,Less than 5,3–4 hours,5–6 days/week,Yes,3–5 hours,4,2,4,4,5,1,1,5,2,2,5,4,2,Outdated syllabus and theory heavy teaching,Very Often,5,3,5,5,4,4,45,High
20-22,Male,Purbanchal University,BCA,2nd Year,3.0–3.49,3–4,81–90%,4,1-2,5–6,5–6 hours,3–4 days/week,Yes,6–8 hours,4,3,5,3,5,3,2,5,1,1,4,3,3,Balancing money and education,Sometimes,4,3,3,4,5,5,42,High
20-22,Female,Sudurpaschim University,BCA,4th Year,3.5–4.0,Less than 1,71–80%,1,3-4,7–8,1–2 hours,1–2 days/week,Yes,More than 8 hours,2,4,3,2,1,4,5,2,5,4,3,2,4,Study management,Rarely,2,5,2,1,1,2,19,Low
23-25,Male,Tribhuvan University,BSc CSIT,4th Year,Not Available Yet,5–6,Above 90%,2,5-6,7–8,5–6 hours,1–2 days/week,No,More than 8 hours,1,4,2,1,2,5,5,1,5,4,1,1,3,"Strict attendance requirement, career",Never,4,4,1,1,1,2,13,Low
23-25,Female,Tribhuvan University,MBBS,4th Year,3.5–4.0,5–6,Above 90%,1,More than 6,More than 8,3–4 hours,Never,No,More than 8 hours,1,3,1,2,1,4,5,1,5,5,1,1,5,Parents compare me with relatives and toppers,Rarely,3,5,2,1,1,1,12,Low
20-22,Female,Tribhuvan University,BCA,2nd Year,2.5–2.99,1–2,71–80%,2,5-6,7–8,3–4 hours,Never,No,6–8 hours,3,4,3,4,3,4,4,3,3,3,2,3,4,Assignment ,Rarely,4,4,2,2,3,3,28,Moderate
17-19,Male,Tribhuvan University,BDS,2nd Year,3.5–4.0,3–4,71–80%,1,1-2,More than 8,Less than 1 hour,5–6 days/week,No,3–5 hours,1,5,2,2,2,4,5,3,3,4,2,1,4,Frequent internal exams and practicals,Never,2,4,2,1,3,2,20,Low
20-22,Female,Tribhuvan University,BDS,4th Year,2.5–2.99,5–6,71–80%,3,3-4,More than 8,Less than 1 hour,3–4 days/week,No,3–5 hours,3,3,4,3,3,3,3,3,3,3,3,3,4,Future ,Sometimes,5,4,3,3,3,3,31,Moderate
23-25,Male,Tribhuvan University,BBS,3rd Year,2.0–2.49,Less than 1,60–70%,3,3-4,7–8,1–2 hours,3–4 days/week,No,6–8 hours,4,3,4,4,4,3,3,4,2,3,4,3,2,Frequent internal exams and practicals,Very Often,3,3,3,3,4,3,36,Moderate
23-25,Male,Agriculture and Forestry University,Agriculture,4th Year,3.0–3.49,1–2,71–80%,4,3-4,5–6,3–4 hours,1–2 days/week,No,More than 8 hours,2,1,4,3,4,4,2,3,3,3,3,4,3,"Career, jobs are very limited in Nepal",Often,3,3,2,4,3,3,33,Moderate
17-19,Female,Rajarshi Janak University,BCA,1st Year,2.5–2.99,1–2,71–80%,1,3-4,7–8,Less than 1 hour,5–6 days/week,No,Less than 3 hours,2,4,2,2,2,5,4,1,4,4,3,2,4,Pressure to become a doctor/engineer like my family expects,Sometimes,2,4,1,2,2,2,19,Low
20-22,Female,Rajarshi Janak University,BCA,1st Year,Not Available Yet,5–6,71–80%,3,1-2,7–8,1–2 hours,Never,Yes,6–8 hours,5,2,3,4,3,3,4,4,3,4,4,4,3,Lack of practical classes and resources,Rarely,4,3,3,2,3,2,32,Moderate
20-22,Female,Pokhara University,BCA,3rd Year,3.5–4.0,1–2,81–90%,1,5-6,More than 8,1–2 hours,1–2 days/week,Yes,3–5 hours,1,3,1,1,1,5,5,2,5,5,1,2,4,"Working part time and studying at the same time, frequent internal exams and practicals",Rarely,1,4,1,1,1,1,12,Low
20-22,Female,Tribhuvan University,BCA,3rd Year,3.5–4.0,3–4,81–90%,4,More than 6,7–8,5–6 hours,5–6 days/week,Yes,More than 8 hours,4,5,2,2,2,3,3,2,3,4,2,2,4,Project submission deadlines clashing with exams,Rarely,3,5,3,3,3,2,23,Low
23-25,Female,Madhyapaschim University,BBS,3rd Year,2.5–2.99,1–2,71–80%,3,1-2,5–6,3–4 hours,3–4 days/week,No,6–8 hours,4,3,5,3,4,2,2,3,2,1,4,5,1,"Exams, because the whole year's result depends on the final board exam, strict attendance requirement",Rarely,5,3,4,4,4,5,41,High
23-25,Male,Tribhuvan University,MBBS,4th Year,3.0–3.49,3–4,Below 60%,3,More than 6,5–6,3–4 hours,3–4 days/week,No,More than 8 hours,3,3,3,4,3,3,3,1,4,3,3,5,5,Sometimes,Sometimes,4,4,3,3,2,3,30,Moderate
23-25,Male,Purbanchal University,BE/B.Tech,2nd Year,Not Available Yet,3–4,60–70%,4,More than 6,Less than 5,More than 6 hours,Never,Yes,More than 8 hours,4,2,4,4,5,3,2,4,2,2,4,3,3,"Exams, because the whole year's result depends on the final board exam",Sometimes,3,4,3,4,4,4,39,High
20-22,Female,Purbanchal University,Agriculture,1st Year,3.5–4.0,5–6,71–80%,1,5-6,7–8,Less than 1 hour,3–4 days/week,Yes,More than 8 hours,2,5,2,1,1,5,4,2,5,4,2,2,4,"TU exam pattern, everything depends on final exam",Never,3,5,1,2,1,2,16,Low
23-25,Female,Tribhuvan University,BDS,4th Year,3.5–4.0,3–4,81–90%,4,More than 6,7–8,3–4 hours,1–2 days/week,No,6–8 hours,3,3,1,3,3,3,2,3,3,3,3,4,1,Final year project and internship,Rarely,4,5,3,4,3,3,30,Moderate
17-19,Female,Sudurpaschim University,BCA,1st Year,Not Available Yet,1–2,Above 90%,3,3-4,7–8,1–2 hours,5–6 days/week,Yes,6–8 hours,3,4,2,3,2,4,5,3,3,3,1,2,3,Family expectations to get good grades,Sometimes,2,3,2,1,3,3,22,Low
20-22,Female,Tribhuvan University,Law(LLB),3rd Year,3.5–4.0,3–4,60–70%,2,3-4,5–6,3–4 hours,1–2 days/week,Yes,More than 8 hours,2,3,2,3,2,4,3,3,3,5,3,3,4,Parents compare me with relatives and toppers,Rarely,2,3,2,3,3,1,25,Moderate
Above 25,Male,Tribhuvan University,BCA,4th Year,3.0–3.49,3–4,Above 90%,2,5-6,7–8,Less than 1 hour,1–2 days/week,Yes,3–5 hours,4,3,3,4,4,3,3,2,3,3,4,3,2,"Career, jobs are very limited in Nepal",Often,5,4,3,3,3,3,32,Moderate
20-22,Male,Tribhuvan University,BSc CSIT,2nd Year,2.0–2.49,1–2,71–80%,4,5-6,Less than 5,3–4 hours,Never,Yes,6–8 hours,4,1,4,5,4,2,2,5,1,2,5,5,3,Exam routine keeps changing and results come very late,Sometimes,4,4,4,4,5,4,45,High
23-25,Male,Tribhuvan University,Law(LLB),3rd Year,3.0–3.49,Less than 1,71–80%,2,5-6,Less than 5,3–4 hours,3–4 days/week,No,3–5 hours,3,3,3,4,5,2,2,4,1,2,4,5,2,Assignment ,Sometimes,2,4,4,4,5,4,42,High
20-22,Female,Tribhuvan University,BSc Nursing,3rd Year,2.5–2.99,Less than 1,60–70%,3,5-6,7–8,5–6 hours,Never,Yes,More than 8 hours,3,4,3,4,3,2,2,4,3,3,4,5,3,Office hours clash with college time,Often,4,2,4,4,3,3,37,High
20-22,Female,Tribhuvan University,BBS,4th Year,2.0–2.49,1–2,71–80%,2,5-6,5–6,More than 6 hours,5–6 days/week,Yes,More than 8 hours,3,4,2,1,2,4,4,1,5,4,1,2,5,Assignment ,Never,4,3,2,2,1,2,16,Low
23-25,Male,Tribhuvan University,BE/B.Tech,3rd Year,3.0–3.49,3–4,71–80%,3,3-4,7–8,1–2 hours,1–2 days/week,No,3–5 hours,4,3,3,5,3,3,4,4,2,2,4,2,2,Unsure about future after graduation,Rarely,4,3,3,2,4,4,34,Moderate
Above 25,Male,Tribhuvan University,BSc CSIT,3rd Year,3.5–4.0,5–6,Above 90%,4,More than 6,Less than 5,1–2 hours,3–4 days/week,Yes,6–8 hours,4,2,3,3,3,2,3,2,2,3,3,3,3,Stress,Often,3,3,4,3,4,3,31,Moderate
20-22,Female,Tribhuvan University,BDS,3rd Year,2.5–2.99,3–4,60–70%,5,More than 6,5–6,More than 6 hours,1–2 days/week,Yes,More than 8 hours,4,3,5,5,5,1,1,5,1,1,5,4,2,Assignments because multiple deadlines occur at the same time,Very Often,4,3,5,5,5,5,49,High
Above 25,Female,Pokhara University,BE/B.Tech,4th Year,3.0–3.49,1–2,81–90%,3,5-6,5–6,3–4 hours,3–4 days/week,No,6–8 hours,3,2,4,3,5,2,1,3,1,2,3,5,4,Assignment ,Very Often,5,3,4,5,5,4,41,High
17-19,Male,Kathmandu University,MBBS,1st Year,Not Available Yet,5–6,60–70%,4,3-4,5–6,3–4 hours,1–2 days/week,Yes,More than 8 hours,4,1,4,4,5,1,1,5,1,3,4,5,3,Lack of discipline and too much screen time,Often,4,4,5,5,5,3,45,High
20-22,Female,Tribhuvan University,BE/B.Tech,1st Year,3.5–4.0,3–4,Above 90%,1,1-2,5–6,1–2 hours,5–6 days/week,Yes,6–8 hours,3,4,1,2,2,4,4,1,5,5,1,2,3,"Exams, because the whole year's result depends on the final board exam",Sometimes,3,5,2,2,1,1,15,Low
20-22,Female,Kathmandu University,BDS,2nd Year,3.0–3.49,1–2,60–70%,5,5-6,Less than 5,1–2 hours,3–4 days/week,Yes,3–5 hours,5,4,5,4,4,2,3,4,2,3,5,5,2,Too many assignments and lab reports with the same deadline,Very Often,4,3,4,3,4,3,41,High
Above 25,Female,Rajarshi Janak University,BCA,3rd Year,2.5–2.99,3–4,71–80%,4,5-6,5–6,5–6 hours,1–2 days/week,Yes,6–8 hours,3,3,4,3,3,3,2,5,3,4,3,4,2,"Exam routine keeps changing and results come very late, family expectations to get good grades",Sometimes,3,4,3,4,3,2,34,Moderate
20-22,Male,Tribhuvan University,BSc CSIT,4th Year,2.5–2.99,Less than 1,71–80%,4,3-4,5–6,Less than 1 hour,Never,No,6–8 hours,2,2,3,3,3,3,4,4,3,4,2,2,5,Future ,Sometimes,3,4,3,2,3,2,27,Moderate
23-25,Female,Tribhuvan University,BSc CSIT,2nd Year,2.5–2.99,1–2,Below 60%,4,5-6,5–6,5–6 hours,3–4 days/week,Yes,More than 8 hours,4,2,5,5,4,2,1,4,3,2,5,4,1,"Exams, tuition fees and hostel expenses",Often,4,2,4,5,3,4,43,High
20-22,Male,Tribhuvan University,BSc CSIT,3rd Year,2.5–2.99,1–2,Below 60%,3,More than 6,5–6,5–6 hours,Never,No,More than 8 hours,2,4,5,5,5,1,1,4,1,2,5,5,2,Family pressure,Very Often,4,4,5,5,5,4,48,High
20-22,Female,Tribhuvan University,BSc CSIT,2nd Year,Not Available Yet,3–4,Below 60%,2,3-4,More than 8,3–4 hours,3–4 days/week,No,6–8 hours,2,2,1,2,1,3,4,1,3,4,2,1,4,Parents compare me with relatives and toppers,Never,3,3,3,2,3,2,18,Low
20-22,Male,Tribhuvan University,BCA,3rd Year,2.5–2.99,3–4,71–80%,3,5-6,5–6,3–4 hours,Never,Yes,More than 8 hours,4,3,4,5,4,2,3,4,4,3,4,5,2,Future career concerns because I am unsure about job opportunities,Sometimes,4,4,4,3,2,3,38,High
20-22,Male,Tribhuvan University,BCA,2nd Year,3.0–3.49,1–2,60–70%,2,5-6,7–8,Less than 1 hour,5–6 days/week,No,3–5 hours,2,5,1,2,2,4,4,1,3,5,1,2,4,Unfair grading in internal marks,Never,4,4,2,2,3,1,17,Low
17-19,Female,Tribhuvan University,BSc CSIT,1st Year,Not Available Yet,3–4,71–80%,2,5-6,7–8,1–2 hours,Never,Yes,3–5 hours,4,3,3,4,3,2,2,3,2,2,1,3,2,Deadlines,Rarely,2,3,4,4,4,4,33,Moderate
23-25,Female,Tribhuvan University,BCA,1st Year,3.0–3.49,3–4,81–90%,3,5-6,7–8,5–6 hours,3–4 days/week,No,6–8 hours,2,2,5,4,4,2,2,2,1,2,4,4,3,Assignments because multiple deadlines occur at the same time,Often,3,4,4,4,5,4,40,High
Above 25,Female,Tribhuvan University,BBS,4th Year,2.5–2.99,Less than 1,81–90%,4,More than 6,7–8,5–6 hours,3–4 days/week,Yes,More than 8 hours,3,3,4,3,4,2,2,5,2,2,3,4,5,Maybe,Sometimes,4,3,4,4,4,4,39,High
20-22,Female,Pokhara University,BCA,3rd Year,3.0–3.49,1–2,60–70%,5,1-2,Less than 5,1–2 hours,Never,No,3–5 hours,3,3,4,4,4,1,1,5,3,1,4,5,1,Pressure to go abroad after graduation,Sometimes,5,2,5,5,3,5,44,High
20-22,Female,Sudurpaschim University,BSc CSIT,2nd Year,2.5–2.99,Less than 1,71–80%,4,3-4,5–6,3–4 hours,1–2 days/week,Yes,More than 8 hours,3,3,5,5,3,3,4,4,1,3,4,4,3,Career,Sometimes,5,2,3,2,5,3,38,High
23-25,Female,Other,MBBS,5th Year,3.0–3.49,1–2,60–70%,4,3-4,7–8,3–4 hours,1–2 days/week,No,6–8 hours,4,3,4,5,5,1,3,5,3,2,5,3,3,Thesis and internship report,Sometimes,3,4,5,3,3,4,42,High
20-22,Prefer not to say,Tribhuvan University,BCA,2nd Year,3.0–3.49,Less than 1,60–70%,4,3-4,Less than 5,5–6 hours,1–2 days/week,Yes,6–8 hours,2,3,3,4,3,3,3,3,4,2,4,4,2,Career,Often,4,4,3,3,2,4,33,Moderate
17-19,Female,Sudurpaschim University,BSc CSIT,1st Year,2.0–2.49,Less than 1,60–70%,3,3-4,7–8,1–2 hours,3–4 days/week,No,6–8 hours,2,3,3,3,2,3,3,3,3,2,3,3,4,Exams ,Rarely,4,2,3,3,3,4,30,Moderate
20-22,Female,Tribhuvan University,BSc Nursing,1st Year,Not Available Yet,Less than 1,71–80%,3,More than 6,7–8,Less than 1 hour,1–2 days/week,No,3–5 hours,1,4,2,3,2,4,3,2,4,3,1,1,4,Multiple assignments ,Sometimes,2,3,2,3,2,3,21,Low
20-22,Female,Agriculture and Forestry University,Agriculture,4th Year,3.5–4.0,3–4,81–90%,3,More than 6,5–6,3–4 hours,3–4 days/week,Yes,6–8 hours,3,3,2,3,1,5,5,3,3,4,2,2,4,Career,Sometimes,2,4,1,1,3,2,20,Low
20-22,Male,Tribhuvan University,BSc CSIT,4th Year,2.5–2.99,3–4,71–80%,4,1-2,5–6,3–4 hours,Never,No,3–5 hours,3,3,3,3,5,3,2,3,3,2,4,4,4,Pressure to go abroad after graduation,Sometimes,4,3,3,4,3,4,36,Moderate
17-19,Female,Tribhuvan University,MBBS,1st Year,2.5–2.99,3–4,71–80%,2,3-4,More than 8,3–4 hours,5–6 days/week,Yes,6–8 hours,3,3,1,3,1,5,5,1,4,5,2,1,5,Too many assignments and lab reports with the same deadline,Never,1,3,1,1,2,1,14,Low
20-22,Female,Purbanchal University,BSc Nursing,4th Year,2.5–2.99,1–2,71–80%,2,More than 6,7–8,1–2 hours,5–6 days/week,No,3–5 hours,3,4,3,3,2,3,3,2,3,3,2,4,2,Too many assignments and lab reports with the same deadline,Rarely,3,3,3,3,3,3,28,Moderate
20-22,Female,Tribhuvan University,BSc CSIT,2nd Year,3.5–4.0,Less than 1,Above 90%,4,3-4,More than 8,1–2 hours,3–4 days/week,No,Less than 3 hours,4,3,2,2,2,3,3,3,3,5,1,3,3,"Family expectations to get good grades, assignments because multiple deadlines occur at the same time",Sometimes,3,4,3,3,3,1,23,Low
23-25,Male,Purbanchal University,BHM,3rd Year,3.5–4.0,3–4,81–90%,1,5-6,7–8,1–2 hours,3–4 days/week,Yes,6–8 hours,2,4,1,1,1,5,4,2,4,5,2,1,5,Multiple assignments ,Never,2,5,1,2,2,1,14,Low
17-19,Female,Kathmandu University,MBBS,1st Year,3.5–4.0,5–6,Above 90%,2,3-4,5–6,3–4 hours,Never,Yes,6–8 hours,3,4,2,1,2,3,3,2,5,4,2,4,4,Too many assignments and lab reports with the same deadline,Rarely,4,5,3,3,1,2,22,Low
17-19,Female,Tribhuvan University,BBS,2nd Year,3.0–3.49,3–4,81–90%,4,More than 6,Less than 5,3–4 hours,1–2 days/week,Yes,6–8 hours,4,3,4,3,3,4,3,3,3,3,3,3,4,Pressure to go abroad after graduation,Rarely,3,3,2,3,3,3,30,Moderate
23-25,Female,Tribhuvan University,BSc CSIT,4th Year,3.0–3.49,1–2,71–80%,3,More than 6,7–8,3–4 hours,Daily,Yes,More than 8 hours,3,3,3,3,3,4,3,3,3,3,3,2,2,"Board exams, future career concerns because i am unsure about job opportunities",Rarely,4,3,2,3,3,3,28,Moderate
23-25,Female,Tribhuvan University,BSc CSIT,3rd Year,3.5–4.0,3–4,71–80%,1,1-2,5–6,Less than 1 hour,3–4 days/week,Yes,Less than 3 hours,2,3,3,1,2,4,4,2,4,4,2,2,4,Stress,Rarely,2,5,2,2,2,2,20,Low
17-19,Male,Pokhara University,BE/B.Tech,1st Year,Not Available Yet,5–6,81–90%,3,More than 6,5–6,1–2 hours,Never,Yes,6–8 hours,4,2,4,4,2,2,4,2,2,3,3,3,3,Working part time and studying at the same time,Sometimes,2,1,4,2,4,3,31,Moderate
20-22,Prefer not to say,Other,BSc Nursing,4th Year,3.5–4.0,3–4,Above 90%,5,More than 6,More than 8,5–6 hours,5–6 days/week,Yes,More than 8 hours,1,3,4,4,2,2,2,3,3,2,3,3,4,Stress,Rarely,5,4,4,4,3,4,34,Moderate
23-25,Female,Pokhara University,BHM,1st Year,Not Available Yet,5–6,Above 90%,1,More than 6,7–8,Less than 1 hour,1–2 days/week,No,3–5 hours,2,5,2,1,2,4,5,2,5,4,1,2,5,Maybe,Never,2,2,2,1,1,2,16,Low
23-25,Female,Kathmandu University,BSc Nursing,4th Year,2.0–2.49,1–2,71–80%,3,3-4,7–8,3–4 hours,1–2 days/week,No,More than 8 hours,1,3,3,2,2,2,3,3,3,3,4,3,3,Future ,Often,3,2,4,3,3,3,30,Moderate
23-25,Female,Tribhuvan University,Law(LLB),5th Year,3.0–3.49,3–4,60–70%,2,3-4,5–6,1–2 hours,3–4 days/week,Yes,6–8 hours,3,3,2,2,1,4,4,2,5,3,2,2,4,Pressure to go abroad after graduation,Never,2,4,2,2,1,3,19,Low
23-25,Male,Tribhuvan University,MBBS,4th Year,2.5–2.99,1–2,71–80%,4,1-2,5–6,3–4 hours,1–2 days/week,No,More than 8 hours,4,2,5,4,3,3,1,3,2,2,5,4,2,Assignment ,Very Often,5,3,3,5,4,4,40,High
20-22,Female,Other,MBBS,4th Year,3.5–4.0,5–6,81–90%,5,More than 6,5–6,3–4 hours,3–4 days/week,No,More than 8 hours,3,2,5,5,5,1,1,5,1,2,4,4,1,Paying semester fees while living in Kathmandu is hard,Very Often,4,2,5,5,5,4,47,High
Above 25,Female,Tribhuvan University,BCA,4th Year,Not Available Yet,1–2,71–80%,2,5-6,7–8,3–4 hours,3–4 days/week,No,6–8 hours,2,3,1,2,1,4,5,3,5,5,2,2,4,Job market is competitive and many seniors are still unemployed,Rarely,1,5,2,1,1,1,16,Low
20-22,Female,Tribhuvan University,BCA,4th Year,3.0–3.49,3–4,71–80%,2,3-4,5–6,1–2 hours,5–6 days/week,Yes,6–8 hours,4,5,2,1,2,5,3,2,4,4,2,2,4,Pressure to become a doctor/engineer like my family expects,Sometimes,5,4,1,3,2,2,19,Low
23-25,Female,Tribhuvan University,MBBS,5th Year,3.5–4.0,More than 6 hours,81–90%,4,5-6,5–6,1–2 hours,3–4 days/week,No,More than 8 hours,3,3,3,4,3,2,3,4,3,3,3,3,4,"TU exam pattern, everything depends on final exam",Sometimes,4,5,4,3,3,3,33,Moderate
17-19,Male,Tribhuvan University,BSc CSIT,1st Year,2.5–2.99,1–2,71–80%,5,5-6,5–6,1–2 hours,1–2 days/week,No,3–5 hours,2,3,3,5,5,2,2,4,2,2,5,4,4,Deadlines,Sometimes,4,4,4,4,4,4,42,High
Above 25,Male,Kathmandu University,BE/B.Tech,3rd Year,3.0–3.49,3–4,60–70%,3,1-2,5–6,Less than 1 hour,1–2 days/week,Yes,3–5 hours,4,2,4,4,3,2,1,4,3,3,3,4,2,Financial pressure ,Often,4,3,4,5,3,3,37,High
23-25,Male,Kathmandu University,BDS,4th Year,Below 2.0,1–2,81–90%,5,More than 6,5–6,1–2 hours,3–4 days/week,Yes,3–5 hours,4,2,3,4,5,2,3,5,3,2,5,4,3,Career,Often,4,2,4,3,3,4,40,High
20-22,Female,Pokhara University,BSc Nursing,1st Year,Not Available Yet,5–6,81–90%,3,More than 6,More than 8,1–2 hours,3–4 days/week,No,6–8 hours,2,5,1,1,2,4,3,1,5,3,2,1,4,Too many assignments and lab reports with the same deadline,Never,2,3,2,3,1,3,17,Low
23-25,Prefer not to say,Tribhuvan University,BSc CSIT,3rd Year,2.5–2.99,1–2,81–90%,3,5-6,7–8,3–4 hours,3–4 days/week,Yes,6–8 hours,4,2,3,3,4,2,4,3,4,3,3,3,3,Financial pressure ,Sometimes,3,3,4,2,2,3,30,Moderate
23-25,Male,Tribhuvan University,BDS,5th Year,2.5–2.99,1–2,Below 60%,3,More than 6,5–6,1–2 hours,3–4 days/week,No,3–5 hours,2,3,4,4,3,2,2,5,3,1,4,4,3,Sometimes,Often,5,2,4,4,3,5,40,High
Above 25,Female,Tribhuvan University,BIM,4th Year,3.0–3.49,Less than 1,Below 60%,2,3-4,7–8,3–4 hours,5–6 days/week,Yes,More than 8 hours,5,5,1,1,2,3,4,1,5,5,1,2,3,Working part time and studying at the same time,Sometimes,4,5,3,2,1,1,15,Low
23-25,Prefer not to say,Tribhuvan University,BE/B.Tech,4th Year,2.5–2.99,3–4,71–80%,4,3-4,5–6,5–6 hours,3–4 days/week,Yes,3–5 hours,2,3,4,3,3,3,3,3,2,2,4,4,2,Family expectations to get good grades,Sometimes,5,4,3,3,4,4,35,Moderate
Above 25,Female,Kathmandu University,MBBS,4th Year,3.5–4.0,3–4,81–90%,4,5-6,5–6,3–4 hours,3–4 days/week,Yes,3–5 hours,4,2,3,3,2,3,3,3,2,3,2,2,3,Assignment ,Sometimes,4,5,3,3,4,3,28,Moderate
Above 25,Male,Tribhuvan University,BDS,4th Year,2.5–2.99,5–6,Above 90%,1,1-2,5–6,5–6 hours,Never,Yes,More than 8 hours,2,2,2,4,2,4,3,3,2,4,2,2,3,Career,Sometimes,1,2,2,3,4,2,26,Moderate
20-22,Male,Sudurpaschim University,BCA,4th Year,3.0–3.49,1–2,81–90%,2,3-4,5–6,Less than 1 hour,1–2 days/week,No,6–8 hours,3,3,2,3,1,4,4,1,4,3,2,1,5,Multiple assignments ,Never,3,4,2,2,2,3,19,Low
23-25,Female,Rajarshi Janak University,BCA,4th Year,3.5–4.0,3–4,81–90%,1,3-4,5–6,3–4 hours,1–2 days/week,Yes,3–5 hours,2,3,2,1,1,4,5,1,5,4,2,1,4,Future career concerns because I am unsure about job opportunities,Never,3,4,2,1,1,2,14,Low
20-22,Female,Agriculture and Forestry University,Agriculture,2nd Year,3.5–4.0,3–4,71–80%,1,3-4,5–6,Less than 1 hour,1–2 days/week,No,3–5 hours,4,3,2,3,2,3,2,3,4,3,3,3,4,Job market is competitive and many seniors are still unemployed,Rarely,4,4,3,4,2,3,28,Moderate
