Timestamp,"Research Participation Consent
I have read the information provided above and voluntarily agree to participate in this research study. I understand that my responses will be anonymous and used only for academic and research purposes.",How old are you? ,What is your gender? ,  Which university are you currently studying in?  ,   What program are you currently enrolled in?  ,  Which year are you currently studying in?  ,  Current GPA/CGPA  ,"On average, how many hours do you study per day (outside class)?",What is your approximate class attendance?,"How often do you feel overwhelmed by assignments, projects, and deadlines? ","How many major exams, tests, or assessments have you completed during the current semester or year? ",How many hours of sleep do you get per night? ,"On average, how much time do you spend on social media each day?",How often do you engage in physical activity or exercise?,  Part-time Job  ,"On average, what is your total daily screen time (including study and entertainment)?",How often do financial concerns related to your education cause you stress?,"When you feel stressed, how often do you have someone you trust to talk to? ","During the last month, how often have you felt nervous or stressed because of your studies?","During the last month, how often have you felt that your academic responsibilities were becoming difficult to manage?  ","During the last month, how often have you worried about your academic performance or grades?  ","During the last month, how often have you felt confident in your ability to handle academic challenges?  ","During the last month, how often have you felt that things were going well in your academic life?  ","During the last month, how often have you felt overwhelmed by the amount of work you needed to complete?","During the last month, how often have you been able to stay calm when facing academic pressure?  ","During the last month, how often have you felt in control of your studies and responsibilities?  ","During the last month, how often have you felt frustrated because of situations beyond your control?  ","During the last month, how often have you felt that your academic problems were piling up faster than you could handle them?  ","Overall, how satisfied are you with your academic life at the moment?","In your opinion, what is the biggest source of academic stress in your life, and why? ",Have you ever thought about taking a break from your studies because of academic pressure?  ,How often do concerns about your future career or employment cause you stress?,How satisfied are you with your current academic performance?,Data_Source
7/5/2026 2:36:49,"Yes, I agree to participate.",23-25,Female,Tribhuvan University,BBS,3rd Year,2.5–2.99,Less than 1,Below 60%,4,More than 6,7–8,3–4 hours,Never,Yes,6–8 hours,5,2,5,5,5,1,1,5,2,2,5,5,1,"Working part time and studying at the same time, pressure to become a doctor/engineer like my family expects",Very Often,5,3,Synthetic
7/5/2026 5:51:23,"Yes, I agree to participate.",17-19,Prefer not to say,Other,MBBS,1st Year,Not Available Yet,3–4,60–70%,2,More than 6,5–6,1–2 hours,5–6 days/week,No,3–5 hours,2,5,3,1,2,3,3,2,5,4,1,2,4,Paying semester fees while living in Kathmandu is hard,Sometimes,1,1,Synthetic
7/5/2026 6:05:29,"Yes, I agree to participate.",20-22,Male,Agriculture and Forestry University,Agriculture,1st Year,3.0–3.49,Less than 1,71–80%,5,More than 6,7–8,3–4 hours,1–2 days/week,Yes,More than 8 hours,3,4,3,3,3,3,3,4,2,3,2,3,3,Final year project and internship,Never,4,5,Synthetic
7/5/2026 9:21:08,"Yes, I agree to participate.",20-22,Female,Tribhuvan University,BDS,3rd Year,Not Available Yet,1–2,81–90%,5,3-4,5–6,Less than 1 hour,Never,No,3–5 hours,2,3,3,3,4,1,1,5,2,2,4,4,3,"Career, tuition fees and hostel expenses",Often,4,3,Synthetic
7/5/2026 13:30:32,"Yes, I agree to participate.",20-22,Male,Tribhuvan University,BE/B.Tech,3rd Year,2.5–2.99,3–4,71–80%,1,3-4,7–8,Less than 1 hour,1–2 days/week,No,3–5 hours,3,2,2,2,1,4,3,3,4,4,1,1,4,Lack of practical classes and resources,Often,2,3,Synthetic
7/5/2026 16:48:13,"Yes, I agree to participate.",20-22,Female,Pokhara University,BSc Nursing,4th Year,3.0–3.49,3–4,81–90%,4,1-2,Less than 5,1–2 hours,1–2 days/week,No,More than 8 hours,4,1,5,3,4,2,1,4,1,3,4,4,2,Career,Sometimes,5,4,Synthetic
7/5/2026 16:57:07,"Yes, I agree to participate.",17-19,Male,Tribhuvan University,MBBS,1st Year,Not Available Yet,3–4,81–90%,1,3-4,7–8,1–2 hours,5–6 days/week,No,3–5 hours,3,4,2,2,2,5,5,1,5,5,2,1,5,Lack of discipline and too much screen time,Sometimes,2,3,Synthetic
7/5/2026 20:23:46,"Yes, I agree to participate.",20-22,Female,Tribhuvan University,BSc CSIT,3rd Year,2.5–2.99,3–4,71–80%,2,5-6,5–6,3–4 hours,Never,No,More than 8 hours,4,1,3,4,3,3,1,4,3,3,4,4,3,Balancing money and education,Often,2,1,Synthetic
7/5/2026 21:25:25,"Yes, I agree to participate.",20-22,Prefer not to say,Tribhuvan University,BBS,4th Year,3.0–3.49,1–2,60–70%,4,More than 6,5–6,3–4 hours,Never,Yes,6–8 hours,4,2,3,4,4,2,2,4,2,3,4,4,2,Tuition fees and hostel expenses,Often,5,4,Synthetic
7/5/2026 23:10:04,"Yes, I agree to participate.",20-22,Male,Tribhuvan University,BSc CSIT,2nd Year,3.5–4.0,3–4,71–80%,3,5-6,7–8,5–6 hours,Never,Yes,More than 8 hours,2,4,2,2,2,3,4,2,4,4,2,3,4,Exam routine keeps changing and results come very late,Rarely,4,5,Synthetic
7/5/2026 23:38:08,"Yes, I agree to participate.",23-25,Male,Tribhuvan University,BCA,2nd Year,3.0–3.49,Less than 1,71–80%,2,1-2,5–6,3–4 hours,5–6 days/week,No,3–5 hours,2,5,2,2,2,4,3,2,5,5,1,3,3,Frustration ,Rarely,3,4,Synthetic
7/6/2026 2:26:19,"Yes, I agree to participate.",23-25,Female,Purbanchal University,BSc Nursing,4th Year,3.0–3.49,3–4,Above 90%,3,3-4,5–6,Less than 1 hour,Never,No,3–5 hours,3,5,2,3,2,3,5,2,4,4,3,2,3,Lack of discipline and too much screen time,Sometimes,4,4,Synthetic
7/6/2026 2:31:15,"Yes, I agree to participate.",20-22,Female,Tribhuvan University,BIM,2nd Year,3.0–3.49,3–4,60–70%,5,More than 6,5–6,5–6 hours,1–2 days/week,Yes,More than 8 hours,4,2,5,5,5,1,3,5,1,1,5,3,2,Deadlines,Often,3,3,Synthetic
7/6/2026 4:06:29,"Yes, I agree to participate.",20-22,Male,Tribhuvan University,Agriculture,4th Year,3.5–4.0,1–2,81–90%,2,More than 6,7–8,Less than 1 hour,1–2 days/week,No,3–5 hours,2,4,1,2,2,5,3,3,4,4,1,2,4,Final year project and internship,Never,3,4,Synthetic
7/6/2026 5:02:08,"Yes, I agree to participate.",23-25,Female,Tribhuvan University,BCA,4th Year,2.0–2.49,Less than 1,60–70%,3,5-6,Less than 5,Less than 1 hour,1–2 days/week,Yes,3–5 hours,4,4,2,3,2,2,2,3,4,3,2,3,3,Job ,Sometimes,5,2,Synthetic
7/6/2026 5:45:36,"Yes, I agree to participate.",17-19,Female,Tribhuvan University,BCA,2nd Year,3.5–4.0,More than 6 hours,Above 90%,4,More than 6,7–8,Less than 1 hour,Never,No,More than 8 hours,4,5,2,4,3,2,3,3,2,3,3,3,3,Nothing much,Sometimes,3,5,Synthetic
7/6/2026 7:03:47,"Yes, I agree to participate.",20-22,Male,Tribhuvan University,MBBS,3rd Year,2.0–2.49,Less than 1,Below 60%,3,5-6,7–8,1–2 hours,3–4 days/week,Yes,6–8 hours,2,3,2,3,3,3,4,1,3,4,3,1,3,Job market is competitive and many seniors are still unemployed,Rarely,3,3,Synthetic
7/6/2026 11:35:05,"Yes, I agree to participate.",Above 25,Prefer not to say,Sudurpaschim University,BCA,4th Year,3.0–3.49,5–6,60–70%,3,3-4,5–6,5–6 hours,3–4 days/week,Yes,More than 8 hours,1,3,3,2,4,3,2,3,4,3,3,2,3,Semester project with weak team members,Sometimes,5,4,Synthetic
7/6/2026 15:09:49,"Yes, I agree to participate.",17-19,Male,Rajarshi Janak University,BCA,2nd Year,3.0–3.49,3–4,71–80%,2,5-6,5–6,Less than 1 hour,3–4 days/week,Yes,3–5 hours,4,4,1,2,1,3,3,1,4,5,1,2,3,Assignments because multiple deadlines occur at the same time,Never,4,4,Synthetic
7/6/2026 16:38:15,"Yes, I agree to participate.",23-25,Male,Purbanchal University,Agriculture,2nd Year,3.0–3.49,1–2,71–80%,4,3-4,Less than 5,3–4 hours,5–6 days/week,No,6–8 hours,4,3,4,3,2,2,3,3,1,1,4,4,3,Multiple assignments ,Very Often,4,3,Synthetic
7/6/2026 17:18:07,"Yes, I agree to participate.",20-22,Female,Other,MBBS,3rd Year,2.5–2.99,1–2,60–70%,1,3-4,7–8,1–2 hours,3–4 days/week,No,Less than 3 hours,2,3,2,2,2,4,5,1,4,5,1,1,3,Exam routine keeps changing and results come very late,Never,2,3,Synthetic
7/6/2026 18:27:49,"Yes, I agree to participate.",Above 25,Male,Kathmandu University,BDS,5th Year,2.5–2.99,3–4,60–70%,2,1-2,5–6,1–2 hours,3–4 days/week,No,6–8 hours,1,3,2,2,1,5,4,2,3,5,3,2,4,Board exams,Sometimes,2,3,Synthetic
7/6/2026 21:59:11,"Yes, I agree to participate.",20-22,Female,Kathmandu University,BDS,2nd Year,3.5–4.0,5–6,71–80%,4,1-2,Less than 5,5–6 hours,1–2 days/week,No,6–8 hours,4,1,4,4,5,2,1,5,2,1,5,5,1,Financial pressure ,Sometimes,2,4,Synthetic
7/6/2026 23:25:49,"Yes, I agree to participate.",23-25,Female,Rajarshi Janak University,Agriculture,4th Year,3.0–3.49,1–2,60–70%,3,3-4,5–6,5–6 hours,3–4 days/week,Yes,More than 8 hours,2,2,2,2,3,3,2,2,3,3,2,1,5,Exams ,Rarely,3,4,Synthetic
7/7/2026 0:51:51,"Yes, I agree to participate.",20-22,Male,Purbanchal University,BCA,4th Year,2.5–2.99,1–2,60–70%,2,3-4,5–6,Less than 1 hour,Never,Yes,3–5 hours,4,4,2,2,2,3,5,1,2,3,2,3,3,"Career, jobs are very limited in Nepal",Never,3,5,Synthetic
7/7/2026 4:46:48,"Yes, I agree to participate.",23-25,Female,Tribhuvan University,BCA,3rd Year,2.5–2.99,3–4,Below 60%,5,3-4,5–6,3–4 hours,3–4 days/week,Yes,6–8 hours,3,2,5,3,4,3,2,4,2,2,4,4,3,Too many assignments and lab reports with the same deadline,Often,5,4,Synthetic
7/7/2026 6:21:07,"Yes, I agree to participate.",20-22,Male,Kathmandu University,BDS,2nd Year,2.5–2.99,5–6,60–70%,3,5-6,5–6,3–4 hours,Never,No,3–5 hours,3,3,4,4,4,2,3,4,3,3,4,4,2,Project submission deadlines clashing with exams,Rarely,5,2,Synthetic
7/7/2026 7:07:17,"Yes, I agree to participate.",23-25,Female,Other,BDS,4th Year,2.5–2.99,3–4,81–90%,3,5-6,5–6,5–6 hours,1–2 days/week,Yes,6–8 hours,2,2,3,2,3,2,2,4,4,3,3,3,4,Assignments because multiple deadlines occur at the same time,Very Often,4,3,Synthetic
7/7/2026 8:44:36,"Yes, I agree to participate.",23-25,Male,Tribhuvan University,BBS,3rd Year,3.0–3.49,3–4,81–90%,3,More than 6,5–6,Less than 1 hour,3–4 days/week,Yes,3–5 hours,2,4,4,3,3,4,3,2,3,3,4,3,3,Future career,Rarely,5,4,Synthetic
7/7/2026 9:07:43,"Yes, I agree to participate.",20-22,Male,Sudurpaschim University,BBS,4th Year,2.5–2.99,Less than 1,60–70%,3,More than 6,Less than 5,1–2 hours,Never,Yes,3–5 hours,4,3,2,3,3,4,2,3,2,1,5,3,2,Assignments because multiple deadlines occur at the same time,Often,4,4,Synthetic
7/7/2026 10:44:28,"Yes, I agree to participate.",23-25,Female,Tribhuvan University,BBS,4th Year,3.0–3.49,Less than 1,60–70%,2,5-6,7–8,1–2 hours,5–6 days/week,Yes,More than 8 hours,1,5,2,1,2,4,5,2,3,3,1,2,3,Pressure to go abroad after graduation,Rarely,2,4,Synthetic
7/7/2026 13:32:19,"Yes, I agree to participate.",23-25,Female,Kathmandu University,MBBS,3rd Year,2.0–2.49,3–4,60–70%,4,3-4,5–6,5–6 hours,Never,No,More than 8 hours,3,3,4,4,5,2,1,5,3,2,5,3,2,Board exams,Very Often,4,2,Synthetic
7/7/2026 18:59:22,"Yes, I agree to participate.",20-22,Female,Other,BSc Nursing,2nd Year,3.5–4.0,More than 6 hours,81–90%,3,3-4,5–6,5–6 hours,1–2 days/week,Yes,More than 8 hours,5,2,5,5,3,2,1,5,2,3,4,5,3,"Deadlines, family expectations to get good grades",Very Often,3,4,Synthetic
7/8/2026 2:14:55,"Yes, I agree to participate.",20-22,Male,Sudurpaschim University,BCA,4th Year,3.0–3.49,1–2,71–80%,4,3-4,7–8,Less than 1 hour,3–4 days/week,No,6–8 hours,2,3,4,4,5,2,3,5,1,1,4,4,1,Financial pressure because my family struggles to pay tuition,Sometimes,5,2,Synthetic
7/8/2026 2:36:18,"Yes, I agree to participate.",Above 25,Male,Tribhuvan University,BSc CSIT,4th Year,3.0–3.49,5–6,81–90%,3,3-4,5–6,3–4 hours,Never,Yes,3–5 hours,4,1,3,5,4,3,2,5,2,3,5,5,4,Procrastination,Often,3,3,Synthetic
7/8/2026 4:52:07,"Yes, I agree to participate.",23-25,Female,Tribhuvan University,MBBS,3rd Year,2.5–2.99,3–4,60–70%,4,1-2,5–6,3–4 hours,1–2 days/week,No,More than 8 hours,5,2,5,4,3,1,1,4,1,1,4,5,1,Deadlines,Very Often,4,3,Synthetic
7/8/2026 7:43:41,"Yes, I agree to participate.",23-25,Female,Other,BDS,4th Year,3.0–3.49,3–4,60–70%,4,More than 6,5–6,5–6 hours,3–4 days/week,Yes,More than 8 hours,3,1,5,3,4,4,2,4,2,1,4,5,3,Pressure to go abroad after graduation,Sometimes,4,4,Synthetic
7/8/2026 9:38:23,"Yes, I agree to participate.",20-22,Male,Tribhuvan University,BBS,3rd Year,3.5–4.0,5–6,60–70%,1,3-4,More than 8,5–6 hours,3–4 days/week,No,More than 8 hours,3,5,1,1,1,4,3,1,4,4,1,1,5,Frustration ,Rarely,3,5,Synthetic
7/8/2026 10:53:20,"Yes, I agree to participate.",20-22,Male,Tribhuvan University,MBBS,1st Year,Not Available Yet,3–4,60–70%,4,5-6,5–6,3–4 hours,Never,Yes,6–8 hours,2,4,2,3,2,4,3,3,2,3,4,3,4,Money,Sometimes,3,3,Synthetic
7/8/2026 12:17:45,"Yes, I agree to participate.",23-25,Male,Tribhuvan University,BSc CSIT,4th Year,Not Available Yet,3–4,60–70%,3,3-4,7–8,3–4 hours,3–4 days/week,Yes,3–5 hours,4,3,4,5,3,1,1,4,1,2,4,4,2,Career,Sometimes,4,3,Synthetic
7/8/2026 16:57:44,"Yes, I agree to participate.",17-19,Male,Tribhuvan University,Agriculture,1st Year,Not Available Yet,1–2,71–80%,5,3-4,5–6,5–6 hours,Never,No,More than 8 hours,2,3,4,4,3,2,2,4,1,2,5,4,3,Unsure ,Often,5,3,Synthetic
7/8/2026 18:36:24,"Yes, I agree to participate.",17-19,Male,Tribhuvan University,BSc CSIT,1st Year,3.0–3.49,3–4,Above 90%,4,1-2,5–6,5–6 hours,Never,Yes,More than 8 hours,4,3,2,4,3,3,3,3,2,3,3,3,3,Unsure about future after graduation,Sometimes,3,2,Synthetic
7/8/2026 21:23:13,"Yes, I agree to participate.",20-22,Male,Purbanchal University,Law(LLB),3rd Year,3.0–3.49,3–4,71–80%,3,3-4,7–8,1–2 hours,Never,Yes,3–5 hours,3,2,1,3,3,2,4,4,4,2,4,3,3,Maybe,Sometimes,3,4,Synthetic
7/8/2026 21:39:00,"Yes, I agree to participate.",20-22,Female,Kathmandu University,BDS,5th Year,3.5–4.0,3–4,71–80%,1,5-6,7–8,1–2 hours,1–2 days/week,No,More than 8 hours,3,5,1,3,1,3,4,2,5,4,1,2,5,Assignment ,Never,3,5,Synthetic
7/8/2026 21:45:50,"Yes, I agree to participate.",Above 25,Female,Tribhuvan University,BSc CSIT,2nd Year,2.5–2.99,1–2,Below 60%,5,More than 6,7–8,3–4 hours,1–2 days/week,Yes,6–8 hours,5,3,4,5,5,2,2,4,1,1,5,5,2,Financial pressure because my family struggles to pay tuition,Often,4,4,Synthetic
7/8/2026 21:54:49,"Yes, I agree to participate.",23-25,Female,Kathmandu University,BSc Nursing,3rd Year,3.0–3.49,1–2,81–90%,4,3-4,7–8,More than 6 hours,3–4 days/week,No,6–8 hours,3,1,5,5,4,2,3,4,1,2,4,5,2,"Too many assignments and lab reports with the same deadline, financial pressure because my family struggles to pay tuition",Often,4,3,Synthetic
7/9/2026 2:50:10,"Yes, I agree to participate.",20-22,Female,Tribhuvan University,BSc Nursing,2nd Year,3.0–3.49,Less than 1,71–80%,2,1-2,7–8,3–4 hours,5–6 days/week,No,6–8 hours,3,4,2,2,2,4,4,2,3,5,2,2,4,Lack of practical classes and resources,Sometimes,4,5,Synthetic
7/9/2026 4:17:23,"Yes, I agree to participate.",20-22,Prefer not to say,Tribhuvan University,BCA,4th Year,3.0–3.49,1–2,71–80%,3,5-6,Less than 5,3–4 hours,1–2 days/week,No,6–8 hours,4,1,4,5,5,3,2,3,3,2,5,4,2,Not able to focus because of phone,Often,5,3,Synthetic
7/9/2026 5:15:03,"Yes, I agree to participate.",Above 25,Female,Pokhara University,BCA,4th Year,3.5–4.0,3–4,71–80%,1,3-4,5–6,1–2 hours,1–2 days/week,Yes,6–8 hours,3,5,3,3,2,5,5,3,4,3,1,3,4,"Career, jobs are very limited in Nepal",Rarely,4,4,Synthetic
7/9/2026 5:34:28,"Yes, I agree to participate.",Above 25,Male,Tribhuvan University,BE/B.Tech,4th Year,3.0–3.49,1–2,81–90%,3,3-4,7–8,1–2 hours,1–2 days/week,Yes,6–8 hours,4,3,3,3,3,4,4,2,3,4,3,2,4,Job market is competitive and many seniors are still unemployed,Sometimes,5,3,Synthetic
7/9/2026 5:37:43,"Yes, I agree to participate.",23-25,Male,Tribhuvan University,BSc CSIT,4th Year,2.5–2.99,Less than 1,71–80%,5,5-6,5–6,5–6 hours,Never,No,6–8 hours,4,2,5,5,5,2,1,5,1,1,5,4,2,Time management,Sometimes,3,3,Synthetic
7/9/2026 5:43:03,"Yes, I agree to participate.",20-22,Male,Tribhuvan University,BE/B.Tech,2nd Year,3.5–4.0,5–6,60–70%,5,5-6,Less than 5,5–6 hours,Never,No,More than 8 hours,3,4,5,4,4,2,1,4,1,1,5,5,2,Lack of discipline and too much screen time,Very Often,4,4,Synthetic
7/9/2026 6:13:03,"Yes, I agree to participate.",Above 25,Male,Tribhuvan University,BSc CSIT,3rd Year,3.0–3.49,3–4,71–80%,3,3-4,Less than 5,1–2 hours,1–2 days/week,Yes,6–8 hours,3,1,3,3,3,4,3,2,3,3,4,3,4,"Deadlines, parents compare me with relatives and toppers",Sometimes,2,4,Synthetic
7/9/2026 6:26:10,"Yes, I agree to participate.",23-25,Female,Agriculture and Forestry University,Agriculture,4th Year,2.5–2.99,3–4,60–70%,5,1-2,Less than 5,More than 6 hours,1–2 days/week,Yes,More than 8 hours,5,3,4,5,4,2,2,4,1,1,5,5,2,Pressure to go abroad after graduation,Very Often,4,3,Synthetic
7/9/2026 6:50:33,"Yes, I agree to participate.",17-19,Female,Tribhuvan University,BIM,3rd Year,3.0–3.49,1–2,71–80%,3,1-2,7–8,1–2 hours,5–6 days/week,No,6–8 hours,1,2,3,2,1,3,2,2,3,4,2,2,5,Nothing much,Rarely,2,3,Synthetic
7/9/2026 7:32:17,"Yes, I agree to participate.",20-22,Female,Purbanchal University,BSc Nursing,4th Year,3.0–3.49,3–4,81–90%,2,5-6,More than 8,1–2 hours,1–2 days/week,No,Less than 3 hours,2,4,2,1,1,3,4,2,5,4,1,1,4,Too many assignments and lab reports with the same deadline,Rarely,4,5,Synthetic
7/9/2026 12:22:17,"Yes, I agree to participate.",20-22,Female,Kathmandu University,BSc Nursing,4th Year,2.5–2.99,Less than 1,81–90%,3,5-6,More than 8,1–2 hours,3–4 days/week,No,3–5 hours,2,3,1,1,1,4,4,1,4,5,2,1,3,Lack of practical classes and resources,Never,4,4,Synthetic
7/9/2026 13:13:46,"Yes, I agree to participate.",23-25,Female,Tribhuvan University,BCA,1st Year,Not Available Yet,3–4,60–70%,4,3-4,Less than 5,1–2 hours,5–6 days/week,No,3–5 hours,3,2,5,5,4,2,2,5,2,1,4,4,2,Future career concerns because I am unsure about job opportunities,Sometimes,5,2,Synthetic
7/9/2026 16:17:49,"Yes, I agree to participate.",23-25,Female,Sudurpaschim University,BSc CSIT,2nd Year,3.5–4.0,1–2,71–80%,2,3-4,7–8,3–4 hours,3–4 days/week,Yes,More than 8 hours,4,3,3,2,1,4,3,3,4,4,2,2,3,Balancing money and education,Rarely,3,5,Synthetic
7/9/2026 16:53:14,"Yes, I agree to participate.",20-22,Female,Tribhuvan University,BSc CSIT,1st Year,Not Available Yet,5–6,Above 90%,2,5-6,More than 8,Less than 1 hour,3–4 days/week,Yes,Less than 3 hours,5,4,3,2,2,4,3,2,4,4,3,2,3,Project submission deadlines clashing with exams,Sometimes,3,4,Synthetic
7/9/2026 17:06:15,"Yes, I agree to participate.",Above 25,Male,Other,BDS,4th Year,3.5–4.0,5–6,71–80%,2,5-6,More than 8,3–4 hours,3–4 days/week,No,6–8 hours,1,3,2,2,1,5,4,1,4,5,1,2,4,Frequent internal exams and practicals,Never,4,4,Synthetic
7/9/2026 17:10:20,"Yes, I agree to participate.",20-22,Male,Tribhuvan University,Agriculture,4th Year,2.5–2.99,1–2,60–70%,4,3-4,Less than 5,1–2 hours,1–2 days/week,Yes,6–8 hours,4,1,4,3,2,3,2,3,2,2,4,3,4,Too many assignments and lab reports with the same deadline,Often,4,3,Synthetic
7/9/2026 18:09:04,"Yes, I agree to participate.",23-25,Female,Pokhara University,BSc Nursing,4th Year,3.0–3.49,3–4,81–90%,3,5-6,More than 8,More than 6 hours,1–2 days/week,Yes,More than 8 hours,4,2,4,4,3,3,2,3,2,2,3,3,2,"Pressure to go abroad after graduation, project submission deadlines clashing with exams",Often,2,3,Synthetic
7/9/2026 20:56:27,"Yes, I agree to participate.",20-22,Female,Pokhara University,BCA,1st Year,3.5–4.0,3–4,Above 90%,2,More than 6,5–6,Less than 1 hour,Daily,Yes,Less than 3 hours,4,3,1,2,1,5,5,2,3,4,2,1,3,"TU exam pattern, everything depends on final exam",Very Often,3,4,Synthetic
7/9/2026 22:08:55,"Yes, I agree to participate.",17-19,Female,Kathmandu University,MBBS,2nd Year,3.0–3.49,1–2,71–80%,3,5-6,More than 8,3–4 hours,Never,No,6–8 hours,3,4,2,1,3,3,3,2,3,4,2,3,4,Unsure ,Rarely,1,5,Synthetic
7/10/2026 2:13:36,"Yes, I agree to participate.",20-22,Male,Purbanchal University,BSc Nursing,2nd Year,3.5–4.0,5–6,81–90%,2,3-4,More than 8,5–6 hours,1–2 days/week,No,3–5 hours,1,3,3,3,1,4,4,3,5,3,3,1,4,Financial pressure ,Never,2,4,Synthetic
7/10/2026 2:26:47,"Yes, I agree to participate.",23-25,Female,Kathmandu University,MBBS,4th Year,2.0–2.49,3–4,60–70%,4,5-6,Less than 5,3–4 hours,Never,No,3–5 hours,2,4,4,2,3,3,2,4,3,4,3,4,3,Thesis and internship report,Often,3,3,Synthetic
7/10/2026 2:57:52,"Yes, I agree to participate.",20-22,Female,Agriculture and Forestry University,Agriculture,3rd Year,3.5–4.0,1–2,60–70%,4,3-4,Less than 5,More than 6 hours,3–4 days/week,Yes,More than 8 hours,5,4,3,5,4,2,2,4,1,3,4,3,1,Not able to focus because of phone,Sometimes,4,4,Synthetic
7/10/2026 3:59:33,"Yes, I agree to participate.",20-22,Female,Tribhuvan University,BCA,2nd Year,3.0–3.49,1–2,71–80%,2,1-2,5–6,3–4 hours,1–2 days/week,Yes,3–5 hours,3,3,3,2,4,3,4,2,3,4,2,2,4,Working part time and studying at the same time,Rarely,3,3,Synthetic
7/10/2026 5:11:59,"Yes, I agree to participate.",23-25,Female,Purbanchal University,BCA,3rd Year,3.0–3.49,1–2,81–90%,2,3-4,7–8,1–2 hours,1–2 days/week,No,6–8 hours,3,4,1,2,2,4,5,2,5,4,1,1,5,Maybe,Never,3,5,Synthetic
7/10/2026 6:32:52,"Yes, I agree to participate.",23-25,Female,Purbanchal University,BCA,3rd Year,3.5–4.0,Less than 1,71–80%,2,3-4,5–6,Less than 1 hour,5–6 days/week,Yes,3–5 hours,1,1,1,1,2,4,5,2,5,5,1,2,3,"Result delays and session delays in university, unsure about future after graduation",Never,1,4,Synthetic
7/10/2026 6:39:36,"Yes, I agree to participate.",20-22,Female,Tribhuvan University,BSc Nursing,2nd Year,3.0–3.49,1–2,71–80%,2,More than 6,7–8,1–2 hours,3–4 days/week,Yes,6–8 hours,1,4,1,1,2,5,3,2,5,3,1,2,4,"Exams, strict attendance requirement",Never,3,5,Synthetic
7/10/2026 9:01:49,"Yes, I agree to participate.",23-25,Male,Purbanchal University,BCA,4th Year,2.0–2.49,1–2,71–80%,5,5-6,5–6,3–4 hours,1–2 days/week,Yes,3–5 hours,4,3,5,5,5,2,1,4,2,1,5,4,3,Money,Often,5,3,Synthetic
7/10/2026 11:18:34,"Yes, I agree to participate.",20-22,Male,Sudurpaschim University,BCA,2nd Year,2.5–2.99,1–2,60–70%,4,More than 6,7–8,5–6 hours,1–2 days/week,No,More than 8 hours,3,2,4,4,3,2,3,4,2,3,3,1,4,Capstone projects.,Sometimes,4,3,Synthetic
7/10/2026 15:52:16,"Yes, I agree to participate.",23-25,Female,Kathmandu University,BSc Nursing,1st Year,2.0–2.49,3–4,60–70%,4,5-6,5–6,5–6 hours,3–4 days/week,Yes,More than 8 hours,2,2,3,3,3,2,2,4,1,3,4,5,3,Strict attendance requirement,Often,3,1,Synthetic
7/10/2026 16:11:52,"Yes, I agree to participate.",23-25,Prefer not to say,Purbanchal University,BE/B.Tech,4th Year,3.5–4.0,1–2,81–90%,3,5-6,Less than 5,3–4 hours,1–2 days/week,No,6–8 hours,3,2,3,3,3,2,4,3,3,3,2,3,3,Unfair grading in internal marks,Sometimes,2,5,Synthetic
7/10/2026 18:15:59,"Yes, I agree to participate.",23-25,Female,Tribhuvan University,MBBS,3rd Year,2.0–2.49,3–4,60–70%,4,More than 6,7–8,3–4 hours,1–2 days/week,No,3–5 hours,3,2,4,4,4,2,3,5,3,1,4,4,1,Unsure about future after graduation,Very Often,5,3,Synthetic
7/10/2026 22:49:31,"Yes, I agree to participate.",23-25,Male,Tribhuvan University,BHM,2nd Year,3.5–4.0,5–6,Above 90%,2,3-4,7–8,Less than 1 hour,5–6 days/week,No,6–8 hours,2,5,1,2,2,5,4,1,5,4,1,2,5,"Balancing money and education, deadlines",Rarely,2,5,Synthetic
7/10/2026 23:26:08,"Yes, I agree to participate.",23-25,Female,Tribhuvan University,BHM,4th Year,2.0–2.49,5–6,81–90%,3,5-6,More than 8,More than 6 hours,3–4 days/week,Yes,More than 8 hours,4,2,4,3,4,2,2,5,1,2,3,4,1,Project submission deadlines clashing with exams,Often,5,3,Synthetic
7/10/2026 23:43:03,"Yes, I agree to participate.",20-22,Female,Rajarshi Janak University,BCA,2nd Year,3.5–4.0,5–6,Above 90%,1,More than 6,5–6,Less than 1 hour,3–4 days/week,Yes,3–5 hours,3,3,1,3,2,5,5,1,5,4,1,2,4,Lack of practical classes and resources,Rarely,3,4,Synthetic
7/11/2026 1:45:50,"Yes, I agree to participate.",23-25,Female,Rajarshi Janak University,BBS,4th Year,Not Available Yet,Less than 1,60–70%,3,1-2,5–6,3–4 hours,Never,Yes,6–8 hours,4,3,3,3,3,5,3,4,5,4,2,3,3,Job ,Sometimes,4,3,Synthetic
7/11/2026 4:31:57,"Yes, I agree to participate.",23-25,Female,Tribhuvan University,BSc CSIT,4th Year,2.0–2.49,3–4,60–70%,5,More than 6,7–8,5–6 hours,5–6 days/week,No,More than 8 hours,3,3,5,3,4,2,2,4,2,2,5,5,3,Financial ,Often,4,2,Synthetic
7/11/2026 4:51:08,"Yes, I agree to participate.",20-22,Male,Agriculture and Forestry University,Agriculture,4th Year,3.5–4.0,3–4,Above 90%,3,5-6,5–6,1–2 hours,3–4 days/week,Yes,6–8 hours,4,3,3,3,3,4,4,3,3,1,2,2,4,Too many assignments and lab reports with the same deadline,Sometimes,5,5,Synthetic
7/11/2026 6:22:19,"Yes, I agree to participate.",20-22,Male,Kathmandu University,BE/B.Tech,3rd Year,3.0–3.49,Less than 1,71–80%,3,5-6,5–6,3–4 hours,3–4 days/week,Yes,6–8 hours,3,3,3,3,4,2,2,3,2,4,3,3,3,Procrastination,Very Often,2,4,Synthetic
7/11/2026 7:22:14,"Yes, I agree to participate.",20-22,Female,Tribhuvan University,Agriculture,2nd Year,3.5–4.0,1–2,81–90%,1,3-4,Less than 5,3–4 hours,3–4 days/week,Yes,More than 8 hours,2,5,2,2,1,4,5,2,4,5,2,1,4,Too many assignments and lab reports with the same deadline,Rarely,4,5,Synthetic
7/11/2026 8:46:26,"Yes, I agree to participate.",17-19,Prefer not to say,Sudurpaschim University,BCA,2nd Year,2.0–2.49,3–4,60–70%,4,3-4,Less than 5,More than 6 hours,1–2 days/week,No,More than 8 hours,4,3,5,4,4,2,1,4,1,2,5,4,3,Lack of discipline and too much screen time,Sometimes,4,3,Synthetic
7/11/2026 10:04:21,"Yes, I agree to participate.",Above 25,Male,Sudurpaschim University,BCA,3rd Year,2.0–2.49,Less than 1,60–70%,4,3-4,5–6,5–6 hours,1–2 days/week,No,More than 8 hours,4,5,4,5,4,2,3,3,2,2,4,4,2,Assignments because multiple deadlines occur at the same time,Very Often,4,1,Synthetic
7/11/2026 10:33:09,"Yes, I agree to participate.",23-25,Male,Kathmandu University,BDS,5th Year,3.5–4.0,3–4,Above 90%,1,More than 6,5–6,3–4 hours,Never,No,6–8 hours,2,3,1,1,1,4,4,2,3,5,2,1,4,Future ,Rarely,2,4,Synthetic
7/11/2026 12:20:47,"Yes, I agree to participate.",23-25,Male,Sudurpaschim University,BSc CSIT,3rd Year,2.0–2.49,Less than 1,60–70%,4,3-4,5–6,5–6 hours,1–2 days/week,No,6–8 hours,4,3,5,5,5,1,1,5,1,1,5,5,1,Project submission deadlines clashing with exams,Very Often,5,2,Synthetic
7/11/2026 12:51:43,"Yes, I agree to participate.",17-19,Female,Tribhuvan University,BCA,2nd Year,2.5–2.99,1–2,71–80%,1,3-4,More than 8,Less than 1 hour,3–4 days/week,No,3–5 hours,3,4,3,2,2,3,3,2,5,5,1,2,4,Assignment ,Never,4,4,Synthetic
7/11/2026 13:12:43,"Yes, I agree to participate.",23-25,Male,Purbanchal University,BE/B.Tech,3rd Year,Below 2.0,1–2,Below 60%,4,More than 6,7–8,3–4 hours,1–2 days/week,No,6–8 hours,4,2,4,4,3,2,2,3,3,1,5,5,1,"Career, jobs are very limited in Nepal",Often,5,2,Synthetic
7/11/2026 14:26:54,"Yes, I agree to participate.",20-22,Female,Kathmandu University,BE/B.Tech,4th Year,3.0–3.49,3–4,71–80%,3,3-4,5–6,1–2 hours,3–4 days/week,Yes,6–8 hours,4,3,3,3,2,2,3,4,3,4,2,4,5,Not able to focus because of phone,Rarely,5,3,Synthetic
7/11/2026 15:48:34,"Yes, I agree to participate.",23-25,Male,Tribhuvan University,BSc CSIT,4th Year,2.5–2.99,1–2,60–70%,2,3-4,7–8,Less than 1 hour,3–4 days/week,Yes,Less than 3 hours,4,4,1,1,2,4,5,2,3,4,2,3,3,Outdated syllabus and theory heavy teaching,Rarely,2,4,Synthetic
7/11/2026 18:22:09,"Yes, I agree to participate.",20-22,Female,Tribhuvan University,Agriculture,2nd Year,3.0–3.49,3–4,71–80%,2,3-4,More than 8,Less than 1 hour,3–4 days/week,Yes,6–8 hours,2,4,2,1,1,4,5,2,4,4,3,2,5,Unsure ,Never,5,5,Synthetic
7/11/2026 18:31:19,"Yes, I agree to participate.",Above 25,Male,Tribhuvan University,BCA,4th Year,2.5–2.99,1–2,60–70%,4,More than 6,5–6,3–4 hours,Daily,No,6–8 hours,5,1,3,4,4,3,3,4,3,3,3,3,2,Lack of practical classes and resources,Sometimes,3,4,Synthetic
7/11/2026 18:42:28,"Yes, I agree to participate.",23-25,Female,Tribhuvan University,BE/B.Tech,4th Year,3.5–4.0,3–4,71–80%,5,3-4,5–6,3–4 hours,1–2 days/week,Yes,More than 8 hours,4,2,5,5,5,1,1,5,2,1,5,4,2,Result delays and session delays in university,Very Often,5,4,Synthetic
7/11/2026 18:43:14,"Yes, I agree to participate.",23-25,Male,Kathmandu University,BDS,4th Year,2.5–2.99,3–4,81–90%,3,5-6,5–6,Less than 1 hour,Never,No,3–5 hours,4,3,3,3,4,3,2,2,1,2,3,3,4,Board exams,Often,3,2,Synthetic
7/11/2026 19:29:52,"Yes, I agree to participate.",23-25,Female,Pokhara University,BE/B.Tech,1st Year,2.5–2.99,1–2,60–70%,2,5-6,More than 8,1–2 hours,Never,Yes,3–5 hours,3,1,2,4,3,2,4,3,4,3,3,4,3,Office hours clash with college time,Often,3,4,Synthetic
7/11/2026 19:59:34,"Yes, I agree to participate.",Above 25,Female,Madhyapaschim University,BCA,4th Year,3.5–4.0,1–2,71–80%,3,1-2,5–6,5–6 hours,Never,Yes,More than 8 hours,3,3,3,2,4,3,2,4,2,3,3,4,1,Balancing money and education,Sometimes,4,4,Synthetic
7/11/2026 20:13:11,"Yes, I agree to participate.",20-22,Male,Purbanchal University,BHM,1st Year,Not Available Yet,1–2,60–70%,4,3-4,Less than 5,Less than 1 hour,3–4 days/week,No,3–5 hours,4,4,5,3,4,3,1,4,3,1,5,4,3,Money,Very Often,3,3,Synthetic
7/11/2026 20:39:20,"Yes, I agree to participate.",20-22,Male,Sudurpaschim University,BCA,4th Year,3.0–3.49,3–4,81–90%,3,More than 6,5–6,3–4 hours,1–2 days/week,No,More than 8 hours,3,4,2,3,3,3,2,3,3,4,3,3,2,Too many assignments and lab reports with the same deadline,Rarely,5,4,Synthetic
7/12/2026 2:32:11,"Yes, I agree to participate.",20-22,Female,Tribhuvan University,BHM,3rd Year,2.0–2.49,3–4,71–80%,5,1-2,5–6,More than 6 hours,Never,No,More than 8 hours,4,2,5,5,4,1,1,5,1,2,5,5,1,Result delays and session delays in university,Often,4,3,Synthetic
7/12/2026 6:09:53,"Yes, I agree to participate.",23-25,Prefer not to say,Tribhuvan University,BSc CSIT,4th Year,2.5–2.99,Less than 1,71–80%,1,3-4,7–8,3–4 hours,3–4 days/week,Yes,More than 8 hours,2,3,1,2,2,4,4,2,3,3,2,2,4,Family expectations to get good grades,Never,5,3,Synthetic
7/12/2026 6:46:49,"Yes, I agree to participate.",23-25,Male,Tribhuvan University,BSc CSIT,4th Year,3.5–4.0,1–2,Above 90%,2,3-4,More than 8,1–2 hours,1–2 days/week,No,6–8 hours,2,3,1,2,2,5,3,3,4,4,2,1,5,Assignment ,Rarely,3,5,Synthetic
7/12/2026 7:43:28,"Yes, I agree to participate.",Above 25,Female,Pokhara University,BHM,4th Year,3.0–3.49,5–6,81–90%,4,5-6,Less than 5,5–6 hours,Never,No,More than 8 hours,4,3,4,5,4,3,3,3,4,2,4,3,2,Project submission deadlines clashing with exams,Sometimes,4,4,Synthetic
7/12/2026 10:18:25,"Yes, I agree to participate.",20-22,Male,Kathmandu University,BDS,2nd Year,3.5–4.0,5–6,71–80%,2,3-4,7–8,3–4 hours,3–4 days/week,No,6–8 hours,2,3,3,3,4,3,3,4,3,3,4,2,2,Assignment ,Rarely,5,4,Synthetic
7/12/2026 11:23:59,"Yes, I agree to participate.",23-25,Female,Tribhuvan University,BBS,4th Year,2.5–2.99,3–4,81–90%,5,3-4,5–6,1–2 hours,5–6 days/week,No,More than 8 hours,3,3,4,3,4,2,1,4,3,2,4,4,2,Not able to focus because of phone,Often,3,3,Synthetic
7/12/2026 12:09:56,"Yes, I agree to participate.",23-25,Male,Sudurpaschim University,BCA,4th Year,2.5–2.99,Less than 1,Below 60%,2,3-4,7–8,1–2 hours,1–2 days/week,Yes,3–5 hours,3,3,1,1,1,4,5,2,4,4,2,1,5,Career,Never,3,2,Synthetic
7/12/2026 12:29:51,"Yes, I agree to participate.",Above 25,Female,Tribhuvan University,Law(LLB),2nd Year,2.5–2.99,1–2,Above 90%,4,1-2,5–6,5–6 hours,1–2 days/week,Yes,More than 8 hours,3,3,2,3,3,2,3,4,4,3,3,3,3,Unsure ,Often,4,4,Synthetic
7/12/2026 13:19:08,"Yes, I agree to participate.",20-22,Prefer not to say,Other,MBBS,2nd Year,2.5–2.99,5–6,60–70%,5,5-6,5–6,5–6 hours,Never,No,3–5 hours,3,2,4,5,5,1,3,5,1,2,5,5,2,"Deadlines, strict attendance requirement",Often,5,3,Synthetic
7/12/2026 13:28:44,"Yes, I agree to participate.",Above 25,Female,Agriculture and Forestry University,Agriculture,4th Year,3.0–3.49,1–2,60–70%,4,3-4,Less than 5,Less than 1 hour,1–2 days/week,Yes,Less than 3 hours,5,2,5,5,5,1,1,5,1,2,4,4,2,Capstone projects.,Often,5,2,Synthetic
7/12/2026 23:23:32,"Yes, I agree to participate.",23-25,Female,Madhyapaschim University,BCA,4th Year,3.0–3.49,3–4,81–90%,3,More than 6,7–8,Less than 1 hour,1–2 days/week,Yes,6–8 hours,3,2,2,4,3,2,3,3,2,2,4,3,4,"Multiple assignments, board exams",Rarely,3,4,Synthetic
7/13/2026 0:14:43,"Yes, I agree to participate.",20-22,Female,Pokhara University,BE/B.Tech,3rd Year,3.5–4.0,5–6,71–80%,2,5-6,More than 8,5–6 hours,Never,Yes,More than 8 hours,4,3,3,4,4,3,3,4,3,3,3,3,5,Exams ,Sometimes,3,5,Synthetic
7/13/2026 2:08:00,"Yes, I agree to participate.",23-25,Female,Tribhuvan University,BIM,4th Year,2.5–2.99,1–2,Below 60%,3,5-6,7–8,1–2 hours,3–4 days/week,Yes,6–8 hours,4,4,2,2,3,4,4,2,4,3,3,3,2,"Deadlines, unfair grading in internal marks",Never,3,4,Synthetic
7/13/2026 4:59:43,"Yes, I agree to participate.",20-22,Female,Tribhuvan University,BCA,4th Year,3.5–4.0,1–2,81–90%,3,More than 6,5–6,5–6 hours,3–4 days/week,Yes,6–8 hours,3,2,3,5,3,2,3,3,2,2,2,4,2,Final year project and internship,Sometimes,3,3,Synthetic
7/13/2026 9:22:21,"Yes, I agree to participate.",17-19,Female,Kathmandu University,Law(LLB),1st Year,Not Available Yet,3–4,60–70%,2,3-4,5–6,1–2 hours,1–2 days/week,No,3–5 hours,1,3,1,2,1,5,5,2,4,3,1,1,5,Outdated syllabus and theory heavy teaching,Sometimes,3,3,Synthetic
7/13/2026 10:20:53,"Yes, I agree to participate.",17-19,Male,Kathmandu University,MBBS,3rd Year,Not Available Yet,3–4,Below 60%,4,More than 6,5–6,3–4 hours,Never,Yes,3–5 hours,4,2,4,3,3,2,3,3,4,3,3,3,1,Tuition fees and hostel expenses,Often,3,2,Synthetic
7/13/2026 10:24:02,"Yes, I agree to participate.",20-22,Female,Tribhuvan University,Law(LLB),3rd Year,2.0–2.49,Less than 1,71–80%,4,3-4,More than 8,5–6 hours,3–4 days/week,Yes,More than 8 hours,3,3,3,3,3,3,3,4,3,3,2,4,3,Assignments because multiple deadlines occur at the same time,Sometimes,3,2,Synthetic
7/13/2026 14:45:45,"Yes, I agree to participate.",17-19,Female,Pokhara University,BE/B.Tech,2nd Year,3.0–3.49,Less than 1,71–80%,4,5-6,7–8,Less than 1 hour,1–2 days/week,No,Less than 3 hours,5,2,4,5,4,2,2,4,2,2,3,3,3,Too many assignments and lab reports with the same deadline,Often,3,5,Synthetic
7/13/2026 18:28:01,"Yes, I agree to participate.",Above 25,Male,Tribhuvan University,BCA,4th Year,3.0–3.49,3–4,71–80%,3,1-2,Less than 5,3–4 hours,5–6 days/week,No,More than 8 hours,4,3,5,3,4,4,3,4,2,2,4,4,1,Outdated syllabus and theory heavy teaching,Often,2,2,Synthetic
7/13/2026 21:43:54,"Yes, I agree to participate.",20-22,Prefer not to say,Other,BDS,2nd Year,2.0–2.49,1–2,Above 90%,5,3-4,More than 8,1–2 hours,Never,No,Less than 3 hours,2,3,4,4,3,2,3,5,3,3,3,4,4,"Exams, because the whole year's result depends on the final board exam",Often,5,4,Synthetic
7/14/2026 0:08:22,"Yes, I agree to participate.",Above 25,Female,Kathmandu University,MBBS,3rd Year,2.5–2.99,1–2,60–70%,3,More than 6,Less than 5,3–4 hours,Never,Yes,More than 8 hours,3,4,1,2,1,4,2,1,4,3,2,3,4,Board exams,Rarely,3,4,Synthetic
7/14/2026 1:42:59,"Yes, I agree to participate.",23-25,Prefer not to say,Kathmandu University,BE/B.Tech,3rd Year,2.0–2.49,3–4,81–90%,3,More than 6,Less than 5,5–6 hours,1–2 days/week,Yes,More than 8 hours,2,3,3,2,3,3,4,4,3,3,3,3,5,"Career, jobs are very limited in Nepal",Sometimes,3,4,Synthetic
7/14/2026 2:05:12,"Yes, I agree to participate.",23-25,Female,Rajarshi Janak University,BSc CSIT,1st Year,3.0–3.49,1–2,81–90%,2,1-2,7–8,1–2 hours,1–2 days/week,Yes,6–8 hours,4,4,2,2,2,2,3,3,3,3,3,2,5,Outdated syllabus and theory heavy teaching,Rarely,4,4,Synthetic
7/14/2026 3:06:23,"Yes, I agree to participate.",Above 25,Female,Tribhuvan University,BCA,4th Year,3.5–4.0,5–6,81–90%,2,3-4,5–6,3–4 hours,3–4 days/week,Yes,More than 8 hours,5,4,1,2,1,5,4,1,5,5,1,2,5,Exams ,Never,2,5,Synthetic
7/14/2026 7:12:40,"Yes, I agree to participate.",23-25,Female,Agriculture and Forestry University,Agriculture,3rd Year,3.0–3.49,3–4,60–70%,5,3-4,Less than 5,1–2 hours,Never,Yes,6–8 hours,4,1,5,5,4,3,2,5,2,1,3,5,2,Future career concerns because I am unsure about job opportunities,Often,4,4,Synthetic
7/14/2026 11:19:11,"Yes, I agree to participate.",17-19,Female,Pokhara University,BCA,1st Year,Not Available Yet,3–4,Above 90%,5,5-6,5–6,3–4 hours,1–2 days/week,No,6–8 hours,4,2,4,5,5,2,2,4,1,1,4,5,1,Assignment ,Very Often,4,4,Synthetic
7/14/2026 19:05:07,"Yes, I agree to participate.",20-22,Male,Tribhuvan University,BSc CSIT,2nd Year,2.5–2.99,1–2,60–70%,3,3-4,Less than 5,5–6 hours,3–4 days/week,Yes,6–8 hours,2,3,2,2,3,3,4,4,3,4,3,2,4,Family expectations to get good grades,Rarely,4,3,Synthetic
7/14/2026 21:24:54,"Yes, I agree to participate.",20-22,Male,Tribhuvan University,MBBS,2nd Year,3.0–3.49,3–4,71–80%,4,5-6,Less than 5,1–2 hours,1–2 days/week,No,6–8 hours,4,2,5,3,3,2,2,5,3,1,3,4,3,Financial pressure because my family struggles to pay tuition,Sometimes,4,3,Synthetic
7/14/2026 22:23:57,"Yes, I agree to participate.",17-19,Female,Purbanchal University,BSc Nursing,1st Year,2.5–2.99,3–4,60–70%,4,3-4,7–8,5–6 hours,1–2 days/week,No,More than 8 hours,5,1,3,5,5,3,3,4,3,4,4,3,3,Financial pressure ,Sometimes,3,3,Synthetic
7/15/2026 2:15:25,"Yes, I agree to participate.",20-22,Female,Kathmandu University,BSc Nursing,4th Year,3.0–3.49,1–2,71–80%,3,More than 6,5–6,1–2 hours,Never,Yes,3–5 hours,3,1,4,3,2,2,4,4,3,3,3,3,3,Strict attendance requirement,Sometimes,4,3,Synthetic
7/15/2026 2:44:16,"Yes, I agree to participate.",17-19,Male,Purbanchal University,BCA,4th Year,2.5–2.99,1–2,Below 60%,3,3-4,7–8,1–2 hours,1–2 days/week,Yes,6–8 hours,3,3,4,3,3,2,4,4,3,3,2,3,2,Job ,Sometimes,2,4,Synthetic
7/15/2026 4:48:50,"Yes, I agree to participate.",20-22,Female,Tribhuvan University,BSc CSIT,4th Year,2.5–2.99,Less than 1,71–80%,3,3-4,5–6,1–2 hours,Never,No,6–8 hours,1,3,3,1,2,4,4,2,3,3,1,2,3,Yes,Sometimes,2,4,Synthetic
7/15/2026 6:54:35,"Yes, I agree to participate.",20-22,Male,Agriculture and Forestry University,Agriculture,3rd Year,2.0–2.49,3–4,71–80%,2,5-6,7–8,1–2 hours,5–6 days/week,Yes,3–5 hours,3,3,1,1,2,3,4,2,4,5,1,2,3,Assignments because multiple deadlines occur at the same time,Rarely,3,3,Synthetic
7/15/2026 7:31:56,"Yes, I agree to participate.",23-25,Female,Sudurpaschim University,BCA,4th Year,3.0–3.49,Less than 1,60–70%,3,More than 6,7–8,3–4 hours,5–6 days/week,Yes,6–8 hours,1,4,2,1,1,5,4,2,5,5,1,1,5,Future career concerns because I am unsure about job opportunities,Rarely,3,3,Synthetic
7/15/2026 9:08:59,"Yes, I agree to participate.",23-25,Female,Agriculture and Forestry University,Agriculture,4th Year,2.0–2.49,1–2,71–80%,3,1-2,5–6,1–2 hours,1–2 days/week,Yes,6–8 hours,4,3,4,5,3,3,3,3,1,2,4,3,1,Outdated syllabus and theory heavy teaching,Sometimes,4,1,Synthetic
7/15/2026 11:31:17,"Yes, I agree to participate.",17-19,Female,Tribhuvan University,BCA,1st Year,Not Available Yet,3–4,71–80%,4,3-4,Less than 5,1–2 hours,3–4 days/week,No,3–5 hours,4,4,4,5,3,3,2,4,3,1,4,3,2,Deadlines,Very Often,5,3,Synthetic
7/15/2026 11:45:57,"Yes, I agree to participate.",20-22,Male,Agriculture and Forestry University,Agriculture,2nd Year,2.5–2.99,1–2,60–70%,3,More than 6,7–8,5–6 hours,1–2 days/week,No,6–8 hours,3,3,4,4,4,3,2,3,1,2,3,2,2,"TU exam pattern, everything depends on final exam",Often,5,4,Synthetic
7/15/2026 14:21:44,"Yes, I agree to participate.",Above 25,Female,Tribhuvan University,Law(LLB),4th Year,3.0–3.49,5–6,81–90%,4,3-4,7–8,1–2 hours,1–2 days/week,Yes,6–8 hours,5,2,3,4,4,3,2,4,1,2,5,4,2,Unsure ,Very Often,5,4,Synthetic
7/15/2026 18:38:47,"Yes, I agree to participate.",20-22,Male,Tribhuvan University,BCA,3rd Year,2.5–2.99,3–4,81–90%,1,3-4,7–8,5–6 hours,5–6 days/week,Yes,6–8 hours,3,2,1,1,1,5,3,3,4,4,3,1,3,Job ,Sometimes,2,4,Synthetic
7/15/2026 19:59:46,"Yes, I agree to participate.",23-25,Female,Tribhuvan University,BSc CSIT,4th Year,3.5–4.0,5–6,Above 90%,4,3-4,7–8,3–4 hours,1–2 days/week,Yes,6–8 hours,5,1,4,3,4,3,2,3,1,2,5,3,1,"Career, jobs are very limited in Nepal",Often,5,3,Synthetic
7/15/2026 21:46:13,"Yes, I agree to participate.",23-25,Female,Kathmandu University,BSc Nursing,4th Year,2.5–2.99,1–2,60–70%,4,5-6,5–6,More than 6 hours,1–2 days/week,No,6–8 hours,5,2,5,4,5,1,1,5,1,1,5,4,1,"Career, jobs are very limited in Nepal",Often,5,2,Synthetic
7/15/2026 23:18:21,"Yes, I agree to participate.",17-19,Female,Pokhara University,MBBS,4th Year,2.5–2.99,5–6,71–80%,3,3-4,5–6,3–4 hours,5–6 days/week,Yes,More than 8 hours,2,5,4,3,3,4,4,4,2,2,3,4,2,Not able to focus because of phone,Sometimes,3,3,Synthetic
7/15/2026 23:44:24,"Yes, I agree to participate.",Above 25,Female,Agriculture and Forestry University,Agriculture,4th Year,3.0–3.49,Less than 1,71–80%,3,1-2,5–6,Less than 1 hour,1–2 days/week,No,3–5 hours,4,4,3,2,3,4,3,3,4,3,2,3,3,Family pressure,Rarely,3,5,Synthetic
7/16/2026 0:05:02,"Yes, I agree to participate.",20-22,Prefer not to say,Tribhuvan University,MBBS,2nd Year,3.5–4.0,5–6,Above 90%,4,3-4,5–6,5–6 hours,3–4 days/week,No,More than 8 hours,4,3,4,4,5,1,1,3,2,2,5,4,2,"Future career concerns because I am unsure about job opportunities, internal assessments and assignments piling up together",Often,4,3,Synthetic
7/16/2026 6:11:23,"Yes, I agree to participate.",20-22,Female,Tribhuvan University,BSc CSIT,4th Year,3.5–4.0,3–4,71–80%,3,3-4,7–8,1–2 hours,5–6 days/week,No,6–8 hours,2,3,2,1,1,5,4,2,5,5,1,2,4,Parents compare me with relatives and toppers,Rarely,3,4,Synthetic
7/16/2026 6:22:08,"Yes, I agree to participate.",23-25,Male,Tribhuvan University,BHM,4th Year,2.5–2.99,Less than 1,60–70%,3,3-4,5–6,Less than 1 hour,1–2 days/week,Yes,Less than 3 hours,3,1,3,2,4,3,3,3,3,3,4,3,3,"Balancing part-time job and classes, I don't get enough time to study",Sometimes,4,3,Synthetic
7/16/2026 9:22:25,"Yes, I agree to participate.",23-25,Prefer not to say,Tribhuvan University,BCA,2nd Year,2.5–2.99,1–2,60–70%,5,1-2,7–8,3–4 hours,Never,No,6–8 hours,2,3,5,3,4,1,2,5,2,1,4,5,1,Project submission deadlines clashing with exams,Often,5,3,Synthetic
7/16/2026 9:22:39,"Yes, I agree to participate.",23-25,Male,Tribhuvan University,BSc CSIT,4th Year,2.0–2.49,Less than 1,71–80%,3,3-4,Less than 5,5–6 hours,3–4 days/week,Yes,6–8 hours,3,2,5,3,4,3,3,4,2,3,3,3,2,Job ,Sometimes,4,3,Synthetic
7/16/2026 10:25:07,"Yes, I agree to participate.",20-22,Male,Madhyapaschim University,BCA,1st Year,2.5–2.99,Less than 1,60–70%,4,1-2,5–6,1–2 hours,Never,No,6–8 hours,2,4,5,4,4,1,1,5,2,2,5,5,1,"Deadlines, future career concerns because i am unsure about job opportunities",Sometimes,5,2,Synthetic
7/16/2026 10:34:37,"Yes, I agree to participate.",Above 25,Female,Kathmandu University,BDS,4th Year,3.5–4.0,5–6,81–90%,1,5-6,More than 8,5–6 hours,3–4 days/week,No,6–8 hours,2,4,1,1,1,4,5,2,5,4,1,2,4,Too many assignments and lab reports with the same deadline,Rarely,3,5,Synthetic
7/16/2026 11:49:31,"Yes, I agree to participate.",20-22,Male,Rajarshi Janak University,BCA,4th Year,3.0–3.49,3–4,71–80%,1,More than 6,7–8,1–2 hours,5–6 days/week,Yes,Less than 3 hours,4,2,2,1,3,3,4,1,3,3,3,1,4,Lack of practical classes and resources,Never,2,4,Synthetic
7/16/2026 12:03:40,"Yes, I agree to participate.",20-22,Male,Pokhara University,BHM,4th Year,2.5–2.99,Less than 1,71–80%,3,5-6,7–8,3–4 hours,1–2 days/week,No,More than 8 hours,2,3,3,3,4,3,4,3,3,3,3,2,4,Time management,Sometimes,2,4,Synthetic
7/16/2026 14:18:32,"Yes, I agree to participate.",20-22,Male,Tribhuvan University,MBBS,4th Year,3.5–4.0,3–4,71–80%,1,3-4,5–6,1–2 hours,1–2 days/week,No,6–8 hours,2,3,2,3,2,3,3,1,5,3,1,2,4,Exams ,Sometimes,3,4,Synthetic
7/16/2026 16:59:05,"Yes, I agree to participate.",23-25,Female,Tribhuvan University,BCA,4th Year,2.5–2.99,3–4,71–80%,2,More than 6,5–6,More than 6 hours,1–2 days/week,Yes,More than 8 hours,2,3,4,4,4,2,5,4,3,3,3,2,2,Job ,Often,4,3,Synthetic
7/16/2026 19:47:17,"Yes, I agree to participate.",20-22,Female,Pokhara University,BHM,3rd Year,3.0–3.49,3–4,71–80%,4,5-6,7–8,1–2 hours,Never,No,6–8 hours,3,3,4,4,5,2,2,5,2,3,4,4,3,Pressure to go abroad after graduation,Often,3,3,Synthetic
7/16/2026 19:58:41,"Yes, I agree to participate.",17-19,Male,Tribhuvan University,Law(LLB),2nd Year,3.5–4.0,3–4,81–90%,2,1-2,More than 8,5–6 hours,3–4 days/week,No,6–8 hours,3,5,3,1,2,5,3,1,5,5,1,2,3,Money,Never,3,3,Synthetic
7/16/2026 20:56:52,"Yes, I agree to participate.",20-22,Male,Sudurpaschim University,BCA,3rd Year,3.0–3.49,3–4,81–90%,1,3-4,7–8,1–2 hours,5–6 days/week,Yes,More than 8 hours,2,4,2,1,3,5,3,1,5,4,1,1,5,"Pressure to become a doctor/engineer like my family expects, exam routine keeps changing and results come very late",Never,3,5,Synthetic
7/16/2026 23:18:01,"Yes, I agree to participate.",20-22,Female,Sudurpaschim University,BBS,2nd Year,3.0–3.49,3–4,71–80%,2,More than 6,7–8,1–2 hours,1–2 days/week,Yes,3–5 hours,3,4,3,3,3,3,4,1,3,3,3,3,4,"Exams, because the whole year's result depends on the final board exam, office hours clash with college time",Sometimes,4,4,Synthetic
7/17/2026 0:49:01,"Yes, I agree to participate.",23-25,Prefer not to say,Tribhuvan University,Law(LLB),4th Year,Not Available Yet,5–6,81–90%,5,1-2,5–6,3–4 hours,1–2 days/week,No,3–5 hours,4,3,5,4,5,1,1,5,2,3,4,4,3,Multiple assignments ,Sometimes,4,2,Synthetic
7/17/2026 4:17:25,"Yes, I agree to participate.",17-19,Female,Sudurpaschim University,BSc CSIT,2nd Year,3.5–4.0,1–2,71–80%,3,3-4,7–8,Less than 1 hour,Never,No,6–8 hours,4,2,1,2,1,4,3,2,5,5,1,3,3,Exams ,Sometimes,1,5,Synthetic
7/17/2026 5:56:42,"Yes, I agree to participate.",17-19,Female,Madhyapaschim University,BCA,1st Year,Not Available Yet,3–4,60–70%,4,More than 6,5–6,3–4 hours,1–2 days/week,Yes,6–8 hours,4,3,3,2,3,2,2,4,2,1,3,4,2,Procrastination,Rarely,3,3,Synthetic
7/17/2026 6:42:29,"Yes, I agree to participate.",Above 25,Male,Other,BDS,5th Year,3.5–4.0,3–4,81–90%,5,3-4,5–6,5–6 hours,Never,No,More than 8 hours,4,3,3,4,5,2,2,4,2,1,3,4,3,Internal assessments and assignments piling up together,Sometimes,5,3,Synthetic
7/17/2026 9:04:10,"Yes, I agree to participate.",20-22,Prefer not to say,Tribhuvan University,BSc CSIT,3rd Year,3.0–3.49,3–4,Above 90%,3,5-6,5–6,3–4 hours,Never,Yes,6–8 hours,4,3,4,3,4,3,3,4,2,2,4,4,3,Result delays and session delays in university,Often,4,2,Synthetic
7/17/2026 12:00:20,"Yes, I agree to participate.",20-22,Prefer not to say,Tribhuvan University,BSc CSIT,2nd Year,3.5–4.0,1–2,Above 90%,2,5-6,7–8,Less than 1 hour,3–4 days/week,No,3–5 hours,3,4,2,1,3,3,4,1,3,3,3,1,3,Assignments because multiple deadlines occur at the same time,Sometimes,2,3,Synthetic
7/17/2026 13:42:09,"Yes, I agree to participate.",20-22,Male,Tribhuvan University,BIM,2nd Year,2.5–2.99,1–2,Below 60%,3,More than 6,Less than 5,Less than 1 hour,3–4 days/week,No,Less than 3 hours,2,3,3,3,3,3,3,4,3,3,2,2,4,Frustration ,Sometimes,4,2,Synthetic
7/17/2026 20:47:01,"Yes, I agree to participate.",20-22,Male,Tribhuvan University,BDS,2nd Year,Not Available Yet,3–4,71–80%,5,3-4,Less than 5,5–6 hours,3–4 days/week,No,More than 8 hours,5,1,5,5,4,2,1,5,2,1,4,5,1,Outdated syllabus and theory heavy teaching,Very Often,4,2,Synthetic
7/18/2026 1:57:54,"Yes, I agree to participate.",20-22,Male,Sudurpaschim University,BCA,2nd Year,3.0–3.49,3–4,71–80%,2,3-4,7–8,3–4 hours,3–4 days/week,No,6–8 hours,3,3,2,2,3,5,4,3,4,3,2,2,3,Sometimes,Rarely,2,4,Synthetic
7/18/2026 2:37:39,"Yes, I agree to participate.",23-25,Female,Kathmandu University,BSc Nursing,3rd Year,2.0–2.49,1–2,Above 90%,3,More than 6,7–8,3–4 hours,Never,No,More than 8 hours,4,1,5,4,4,2,3,4,2,3,5,4,2,"Career, jobs are very limited in Nepal",Often,3,1,Synthetic
7/18/2026 4:49:54,"Yes, I agree to participate.",20-22,Male,Tribhuvan University,BCA,2nd Year,2.5–2.99,1–2,81–90%,3,5-6,5–6,5–6 hours,1–2 days/week,Yes,More than 8 hours,4,1,3,2,4,3,4,3,3,4,4,2,3,Board exams,Never,4,3,Synthetic
7/18/2026 11:20:15,"Yes, I agree to participate.",23-25,Female,Other,MBBS,3rd Year,2.0–2.49,3–4,71–80%,4,3-4,More than 8,Less than 1 hour,1–2 days/week,Yes,Less than 3 hours,3,4,3,3,2,3,3,3,3,3,4,3,2,"Exams, because the whole year's result depends on the final board exam",Often,2,1,Synthetic
7/18/2026 12:43:38,"Yes, I agree to participate.",20-22,Female,Tribhuvan University,BBS,4th Year,3.0–3.49,1–2,60–70%,5,3-4,5–6,More than 6 hours,Never,No,More than 8 hours,5,4,5,5,5,1,2,5,3,2,5,5,2,Pressure to go abroad after graduation,Very Often,5,4,Synthetic
7/18/2026 13:32:51,"Yes, I agree to participate.",Above 25,Female,Tribhuvan University,BSc CSIT,2nd Year,3.5–4.0,3–4,Above 90%,3,3-4,5–6,3–4 hours,1–2 days/week,Yes,6–8 hours,3,4,3,3,4,3,2,4,3,1,3,3,4,"TU exam pattern, everything depends on final exam",Often,3,4,Synthetic
7/18/2026 18:26:04,"Yes, I agree to participate.",20-22,Female,Tribhuvan University,BSc Nursing,4th Year,2.5–2.99,Less than 1,Below 60%,3,1-2,5–6,Less than 1 hour,1–2 days/week,No,6–8 hours,2,3,4,3,3,3,2,2,1,2,4,2,2,Family expectations to get good grades,Often,4,4,Synthetic
7/18/2026 18:33:49,"Yes, I agree to participate.",20-22,Female,Tribhuvan University,BSc CSIT,4th Year,2.5–2.99,Less than 1,60–70%,4,More than 6,5–6,5–6 hours,Never,Yes,More than 8 hours,4,2,5,4,4,2,2,5,2,3,4,5,2,Future ,Very Often,5,3,Synthetic
7/18/2026 18:40:23,"Yes, I agree to participate.",23-25,Prefer not to say,Other,BDS,2nd Year,3.0–3.49,5–6,Above 90%,2,1-2,More than 8,3–4 hours,Never,Yes,6–8 hours,3,2,2,1,2,5,4,2,5,4,1,1,5,Deadlines,Never,1,5,Synthetic
7/18/2026 22:12:31,"Yes, I agree to participate.",20-22,Female,Other,BSc Nursing,2nd Year,3.0–3.49,3–4,71–80%,3,5-6,Less than 5,5–6 hours,Never,No,3–5 hours,4,3,3,4,4,1,3,4,2,2,3,2,1,Project submission deadlines clashing with exams,Rarely,4,3,Synthetic
7/18/2026 22:39:36,"Yes, I agree to participate.",23-25,Male,Tribhuvan University,BCA,4th Year,Not Available Yet,1–2,60–70%,4,3-4,Less than 5,5–6 hours,3–4 days/week,No,More than 8 hours,3,2,3,3,4,3,2,4,2,2,5,3,3,Too many assignments and lab reports with the same deadline,Sometimes,5,2,Synthetic
7/19/2026 4:20:57,"Yes, I agree to participate.",23-25,Male,Kathmandu University,BE/B.Tech,4th Year,3.5–4.0,3–4,81–90%,2,3-4,More than 8,3–4 hours,1–2 days/week,Yes,More than 8 hours,1,2,2,3,2,4,5,2,4,4,3,3,3,Family expectations to get good grades,Never,4,5,Synthetic
7/19/2026 4:55:55,"Yes, I agree to participate.",23-25,Male,Tribhuvan University,BSc CSIT,3rd Year,3.0–3.49,3–4,Above 90%,3,5-6,5–6,More than 6 hours,1–2 days/week,No,More than 8 hours,3,4,1,2,2,4,5,2,3,3,3,1,4,Multiple assignments ,Never,2,4,Synthetic
7/19/2026 5:30:43,"Yes, I agree to participate.",20-22,Female,Tribhuvan University,Law(LLB),3rd Year,3.0–3.49,1–2,71–80%,5,3-4,5–6,1–2 hours,3–4 days/week,Yes,3–5 hours,5,3,5,4,4,1,1,5,1,2,5,5,3,Not able to focus because of phone,Very Often,4,3,Synthetic
7/19/2026 6:49:15,"Yes, I agree to participate.",20-22,Male,Tribhuvan University,BHM,3rd Year,Not Available Yet,3–4,71–80%,1,1-2,7–8,Less than 1 hour,3–4 days/week,No,6–8 hours,1,4,2,1,1,5,4,2,4,4,1,1,4,"Assignment, unfair grading in internal marks",Never,1,4,Synthetic
7/19/2026 10:03:02,"Yes, I agree to participate.",23-25,Prefer not to say,Other,BSc Nursing,4th Year,3.5–4.0,5–6,71–80%,2,3-4,7–8,5–6 hours,3–4 days/week,No,More than 8 hours,2,4,3,3,3,4,3,3,4,3,4,2,3,Exam routine keeps changing and results come very late,Rarely,4,4,Synthetic
7/19/2026 12:26:04,"Yes, I agree to participate.",Above 25,Prefer not to say,Sudurpaschim University,BSc CSIT,4th Year,3.5–4.0,Less than 1,81–90%,4,1-2,5–6,5–6 hours,1–2 days/week,No,6–8 hours,3,1,4,4,3,3,2,3,2,2,3,4,3,Future career concerns because I am unsure about job opportunities,Sometimes,5,3,Synthetic
7/19/2026 14:45:28,"Yes, I agree to participate.",23-25,Male,Pokhara University,BIM,3rd Year,3.5–4.0,3–4,71–80%,2,3-4,More than 8,Less than 1 hour,Daily,Yes,3–5 hours,5,4,2,2,1,5,4,2,4,4,3,2,3,Too many assignments and lab reports with the same deadline,Sometimes,3,4,Synthetic
7/19/2026 15:57:52,"Yes, I agree to participate.",23-25,Female,Other,BDS,4th Year,3.5–4.0,5–6,Above 90%,2,More than 6,5–6,1–2 hours,3–4 days/week,No,6–8 hours,2,3,3,3,4,4,3,2,3,4,2,2,4,Financial pressure because my family struggles to pay tuition,Never,3,3,Synthetic
7/19/2026 16:08:31,"Yes, I agree to participate.",23-25,Female,Tribhuvan University,MBBS,4th Year,3.5–4.0,5–6,Above 90%,2,3-4,7–8,3–4 hours,1–2 days/week,No,6–8 hours,3,4,2,2,2,4,3,1,3,3,2,3,4,Nothing much,Never,4,4,Synthetic
7/19/2026 19:03:28,"Yes, I agree to participate.",17-19,Male,Tribhuvan University,MBBS,1st Year,Not Available Yet,5–6,60–70%,3,1-2,5–6,1–2 hours,3–4 days/week,Yes,6–8 hours,2,4,2,3,2,3,4,2,3,4,4,3,3,Project submission deadlines clashing with exams,Rarely,2,3,Synthetic
7/19/2026 19:35:34,"Yes, I agree to participate.",17-19,Female,Tribhuvan University,BSc CSIT,3rd Year,3.5–4.0,3–4,81–90%,3,5-6,5–6,1–2 hours,3–4 days/week,No,3–5 hours,2,1,3,3,4,4,3,3,4,5,1,2,3,Internal assessments and assignments piling up together,Very Often,3,4,Synthetic
7/19/2026 19:38:47,"Yes, I agree to participate.",20-22,Prefer not to say,Purbanchal University,BHM,3rd Year,3.0–3.49,Less than 1,71–80%,3,5-6,Less than 5,1–2 hours,Never,Yes,3–5 hours,2,3,3,1,1,4,5,2,4,4,2,2,4,Assignment ,Never,3,5,Synthetic
7/19/2026 21:59:06,"Yes, I agree to participate.",17-19,Female,Tribhuvan University,BSc Nursing,1st Year,Not Available Yet,3–4,81–90%,3,5-6,5–6,5–6 hours,1–2 days/week,Yes,6–8 hours,3,3,4,5,4,1,2,3,1,1,4,4,3,Family expectations to get good grades,Often,4,1,Synthetic
7/20/2026 2:23:16,"Yes, I agree to participate.",23-25,Male,Kathmandu University,MBBS,4th Year,2.5–2.99,3–4,Above 90%,4,1-2,Less than 5,1–2 hours,1–2 days/week,Yes,3–5 hours,5,2,4,5,5,2,2,4,2,2,4,4,2,Result delays and session delays in university,Often,5,4,Synthetic
7/20/2026 11:11:22,"Yes, I agree to participate.",17-19,Female,Tribhuvan University,BSc CSIT,1st Year,Not Available Yet,Less than 1,71–80%,5,3-4,5–6,1–2 hours,3–4 days/week,No,6–8 hours,5,1,4,3,3,3,3,4,2,2,4,4,1,Deadlines,Sometimes,4,5,Synthetic
7/20/2026 11:26:51,"Yes, I agree to participate.",23-25,Female,Kathmandu University,BSc Nursing,4th Year,3.0–3.49,3–4,81–90%,3,3-4,7–8,Less than 1 hour,1–2 days/week,Yes,6–8 hours,2,4,2,3,4,2,4,3,3,4,3,3,3,Yes,Sometimes,5,3,Synthetic
7/20/2026 13:08:39,"Yes, I agree to participate.",23-25,Female,Tribhuvan University,BBS,2nd Year,Not Available Yet,1–2,81–90%,2,1-2,7–8,3–4 hours,Never,No,3–5 hours,3,5,2,3,3,4,3,2,3,4,3,2,3,Result delays and session delays in university,Never,3,3,Synthetic
7/20/2026 17:14:57,"Yes, I agree to participate.",Above 25,Female,Tribhuvan University,BDS,5th Year,3.0–3.49,3–4,81–90%,2,1-2,7–8,3–4 hours,Never,No,More than 8 hours,3,4,3,2,2,4,5,2,4,3,2,3,5,Assignments because multiple deadlines occur at the same time,Sometimes,2,4,Synthetic
7/20/2026 17:57:50,"Yes, I agree to participate.",17-19,Male,Agriculture and Forestry University,Agriculture,2nd Year,3.5–4.0,1–2,81–90%,1,5-6,7–8,3–4 hours,5–6 days/week,Yes,6–8 hours,4,4,2,1,2,5,3,1,4,5,2,2,5,Family pressure,Rarely,3,4,Synthetic
7/20/2026 19:03:52,"Yes, I agree to participate.",23-25,Male,Tribhuvan University,BDS,4th Year,3.0–3.49,3–4,71–80%,2,3-4,7–8,Less than 1 hour,1–2 days/week,No,3–5 hours,5,4,2,2,3,4,3,3,3,4,2,3,3,Family pressure,Sometimes,4,3,Synthetic
7/20/2026 22:41:58,"Yes, I agree to participate.",20-22,Female,Pokhara University,BCA,4th Year,2.0–2.49,1–2,60–70%,3,More than 6,5–6,3–4 hours,Never,No,6–8 hours,4,2,4,4,4,1,1,4,1,2,5,5,2,"Time management, future",Often,5,1,Synthetic
7/20/2026 22:54:48,"Yes, I agree to participate.",20-22,Female,Tribhuvan University,BSc Nursing,1st Year,3.5–4.0,5–6,Above 90%,3,More than 6,5–6,3–4 hours,3–4 days/week,No,More than 8 hours,2,3,2,3,3,4,4,2,3,3,4,3,4,Outdated syllabus and theory heavy teaching,Sometimes,4,4,Synthetic
7/21/2026 0:01:24,"Yes, I agree to participate.",Above 25,Female,Rajarshi Janak University,BSc CSIT,4th Year,3.5–4.0,1–2,81–90%,1,More than 6,7–8,1–2 hours,5–6 days/week,No,3–5 hours,2,5,2,1,1,3,4,2,4,5,1,2,4,Assignment ,Rarely,1,5,Synthetic
7/21/2026 1:15:27,"Yes, I agree to participate.",23-25,Male,Tribhuvan University,BSc CSIT,4th Year,3.0–3.49,3–4,Above 90%,3,3-4,Less than 5,1–2 hours,3–4 days/week,No,6–8 hours,5,2,4,4,4,2,1,4,3,2,4,4,1,"Career, jobs are very limited in Nepal, exams",Very Often,4,4,Synthetic
7/21/2026 1:21:00,"Yes, I agree to participate.",Above 25,Female,Tribhuvan University,BCA,4th Year,2.5–2.99,Less than 1,71–80%,2,More than 6,5–6,3–4 hours,3–4 days/week,Yes,6–8 hours,3,3,1,2,1,3,3,3,4,4,2,2,5,Yes,Sometimes,2,3,Synthetic
7/21/2026 3:52:46,"Yes, I agree to participate.",23-25,Prefer not to say,Purbanchal University,BCA,4th Year,3.0–3.49,1–2,Below 60%,3,More than 6,Less than 5,3–4 hours,Never,Yes,More than 8 hours,3,4,5,4,4,3,1,5,3,1,4,4,2,Family pressure,Sometimes,4,2,Synthetic
7/21/2026 6:29:19,"Yes, I agree to participate.",23-25,Male,Kathmandu University,BDS,4th Year,3.5–4.0,1–2,71–80%,1,3-4,7–8,1–2 hours,3–4 days/week,No,Less than 3 hours,1,4,1,1,1,5,4,1,5,5,2,1,4,Internal assessments and assignments piling up together,Never,3,5,Synthetic
7/21/2026 7:55:16,"Yes, I agree to participate.",23-25,Female,Kathmandu University,Law(LLB),4th Year,2.5–2.99,3–4,81–90%,1,5-6,More than 8,Less than 1 hour,1–2 days/week,Yes,6–8 hours,3,3,1,2,2,4,4,2,4,3,2,2,3,"Exams, because the whole year's result depends on the final board exam",Rarely,3,3,Synthetic
7/21/2026 10:11:31,"Yes, I agree to participate.",23-25,Female,Other,BDS,4th Year,3.0–3.49,1–2,71–80%,4,5-6,Less than 5,5–6 hours,1–2 days/week,Yes,More than 8 hours,4,3,4,5,5,2,2,5,1,2,4,4,3,Family pressure,Often,4,4,Synthetic
7/21/2026 10:39:27,"Yes, I agree to participate.",20-22,Male,Purbanchal University,BCA,1st Year,3.5–4.0,1–2,81–90%,2,3-4,7–8,5–6 hours,1–2 days/week,Yes,More than 8 hours,2,3,2,2,2,5,5,1,5,3,2,2,5,Exams ,Never,3,5,Synthetic
7/21/2026 11:57:09,"Yes, I agree to participate.",23-25,Female,Tribhuvan University,BCA,4th Year,3.0–3.49,3–4,Below 60%,5,3-4,5–6,5–6 hours,1–2 days/week,No,More than 8 hours,3,1,5,5,5,1,2,4,1,1,5,4,3,Too many assignments and lab reports with the same deadline,Often,4,4,Synthetic
7/21/2026 13:31:17,"Yes, I agree to participate.",20-22,Male,Kathmandu University,MBBS,2nd Year,3.5–4.0,5–6,81–90%,1,3-4,7–8,5–6 hours,1–2 days/week,No,More than 8 hours,1,4,3,2,2,4,5,2,3,4,2,1,5,Board exams,Rarely,1,5,Synthetic
7/21/2026 14:11:05,"Yes, I agree to participate.",17-19,Female,Kathmandu University,BDS,1st Year,2.5–2.99,Less than 1,71–80%,2,More than 6,7–8,1–2 hours,5–6 days/week,No,6–8 hours,3,3,3,2,2,3,3,3,3,3,3,3,3,Frequent internal exams and practicals,Sometimes,3,3,Synthetic
7/21/2026 15:31:05,"Yes, I agree to participate.",17-19,Prefer not to say,Tribhuvan University,BSc CSIT,1st Year,3.5–4.0,5–6,Above 90%,2,5-6,More than 8,3–4 hours,Never,No,6–8 hours,2,4,2,2,2,4,3,2,4,5,1,2,4,"Exams, career, jobs are very limited in nepal",Rarely,2,5,Synthetic
7/21/2026 19:28:32,"Yes, I agree to participate.",23-25,Male,Tribhuvan University,BSc CSIT,4th Year,3.0–3.49,Less than 1,71–80%,2,5-6,7–8,3–4 hours,3–4 days/week,Yes,3–5 hours,2,3,2,1,1,4,5,2,3,3,4,3,3,Tuition fees and hostel expenses,Rarely,5,3,Synthetic
7/21/2026 20:20:25,"Yes, I agree to participate.",17-19,Female,Pokhara University,BCA,1st Year,Not Available Yet,3–4,71–80%,3,More than 6,Less than 5,1–2 hours,Never,No,3–5 hours,3,3,3,4,3,3,3,3,2,2,3,2,4,Assignment ,Sometimes,3,2,Synthetic
7/21/2026 21:52:17,"Yes, I agree to participate.",23-25,Male,Other,BDS,4th Year,2.5–2.99,5–6,60–70%,5,3-4,5–6,Less than 1 hour,1–2 days/week,No,6–8 hours,5,4,5,5,5,1,2,4,2,1,4,4,2,Project submission deadlines clashing with exams,Very Often,5,2,Synthetic
7/21/2026 22:08:03,"Yes, I agree to participate.",20-22,Female,Other,BSc Nursing,2nd Year,3.5–4.0,1–2,81–90%,3,More than 6,5–6,Less than 1 hour,Never,No,3–5 hours,2,3,1,2,2,4,3,2,5,4,2,3,3,Unsure ,Sometimes,3,4,Synthetic
7/21/2026 23:13:15,"Yes, I agree to participate.",23-25,Male,Tribhuvan University,Law(LLB),4th Year,3.5–4.0,1–2,71–80%,1,1-2,More than 8,1–2 hours,Never,Yes,3–5 hours,2,4,2,1,1,3,4,1,4,5,2,1,5,Stress,Rarely,1,4,Synthetic
7/22/2026 1:28:24,"Yes, I agree to participate.",20-22,Male,Kathmandu University,MBBS,1st Year,Not Available Yet,3–4,Above 90%,3,5-6,More than 8,1–2 hours,1–2 days/week,No,6–8 hours,2,4,2,1,3,4,4,2,5,4,3,2,4,Deadlines,Sometimes,2,4,Synthetic
7/22/2026 1:38:55,"Yes, I agree to participate.",23-25,Male,Tribhuvan University,BDS,4th Year,3.0–3.49,3–4,71–80%,3,More than 6,Less than 5,3–4 hours,Never,Yes,More than 8 hours,3,4,3,3,3,3,5,4,3,3,2,3,3,"TU exam pattern, everything depends on final exam",Often,4,4,Synthetic
7/22/2026 2:19:52,"Yes, I agree to participate.",20-22,Male,Tribhuvan University,BCA,1st Year,3.5–4.0,5–6,Above 90%,3,More than 6,Less than 5,3–4 hours,1–2 days/week,No,6–8 hours,3,1,3,3,3,4,5,2,2,3,4,2,4,Future career concerns because I am unsure about job opportunities,Sometimes,3,5,Synthetic
7/22/2026 5:45:45,"Yes, I agree to participate.",17-19,Female,Tribhuvan University,BIM,1st Year,Not Available Yet,Less than 1,71–80%,4,1-2,Less than 5,3–4 hours,3–4 days/week,Yes,6–8 hours,4,1,4,5,4,2,3,3,3,2,4,3,1,Paying semester fees while living in Kathmandu is hard,Often,4,3,Synthetic
7/22/2026 6:38:22,"Yes, I agree to participate.",Above 25,Female,Kathmandu University,BSc Nursing,4th Year,2.0–2.49,1–2,81–90%,3,More than 6,5–6,1–2 hours,Never,No,3–5 hours,3,3,3,3,3,2,2,3,4,4,3,3,4,Lack of discipline and too much screen time,Rarely,4,3,Synthetic
7/22/2026 7:43:42,"Yes, I agree to participate.",23-25,Female,Rajarshi Janak University,BCA,4th Year,3.5–4.0,3–4,Above 90%,3,3-4,5–6,5–6 hours,1–2 days/week,No,More than 8 hours,3,4,5,3,4,2,3,5,3,2,4,3,2,Financial pressure ,Very Often,5,2,Synthetic
7/22/2026 8:21:21,"Yes, I agree to participate.",23-25,Female,Tribhuvan University,BSc CSIT,4th Year,3.0–3.49,3–4,Below 60%,3,3-4,5–6,Less than 1 hour,3–4 days/week,Yes,3–5 hours,3,1,3,2,4,3,4,2,3,3,3,3,3,Project submission deadlines clashing with exams,Sometimes,1,4,Synthetic
7/22/2026 11:54:05,"Yes, I agree to participate.",20-22,Male,Tribhuvan University,BIM,3rd Year,3.0–3.49,5–6,60–70%,5,More than 6,5–6,3–4 hours,1–2 days/week,Yes,More than 8 hours,3,3,4,4,4,1,2,4,1,2,4,5,3,Multiple assignments ,Often,4,4,Synthetic
7/22/2026 12:51:42,"Yes, I agree to participate.",Above 25,Male,Purbanchal University,BHM,4th Year,3.5–4.0,Less than 1,81–90%,2,More than 6,Less than 5,1–2 hours,3–4 days/week,No,6–8 hours,4,3,3,3,4,3,3,4,4,4,3,4,2,Lack of discipline and too much screen time,Often,4,4,Synthetic
7/22/2026 13:18:24,"Yes, I agree to participate.",23-25,Prefer not to say,Tribhuvan University,BSc Nursing,4th Year,3.5–4.0,1–2,71–80%,2,More than 6,7–8,1–2 hours,1–2 days/week,Yes,6–8 hours,1,4,2,1,1,5,5,2,5,5,2,1,4,Job ,Rarely,2,5,Synthetic
7/22/2026 14:44:02,"Yes, I agree to participate.",17-19,Female,Purbanchal University,BCA,2nd Year,3.5–4.0,3–4,60–70%,4,3-4,5–6,3–4 hours,3–4 days/week,Yes,More than 8 hours,5,3,4,4,4,3,2,4,3,3,4,4,1,Nothing much,Often,3,3,Synthetic
7/22/2026 15:36:40,"Yes, I agree to participate.",17-19,Female,Tribhuvan University,BSc CSIT,1st Year,Not Available Yet,1–2,Below 60%,3,3-4,5–6,1–2 hours,3–4 days/week,No,6–8 hours,4,4,3,4,5,1,3,3,2,3,4,3,2,Family expectations to get good grades,Sometimes,3,3,Synthetic
7/22/2026 15:39:07,"Yes, I agree to participate.",23-25,Prefer not to say,Tribhuvan University,BCA,4th Year,2.0–2.49,Less than 1,71–80%,4,5-6,5–6,3–4 hours,3–4 days/week,No,6–8 hours,5,4,4,4,4,2,3,4,2,2,4,3,2,Financial pressure because my family struggles to pay tuition,Often,3,2,Synthetic
7/22/2026 18:11:32,"Yes, I agree to participate.",Above 25,Female,Tribhuvan University,MBBS,5th Year,3.0–3.49,3–4,81–90%,1,3-4,7–8,3–4 hours,3–4 days/week,No,6–8 hours,1,3,3,2,2,5,4,3,3,4,2,2,4,Semester project with weak team members,Often,3,4,Synthetic
7/22/2026 18:52:07,"Yes, I agree to participate.",20-22,Male,Sudurpaschim University,BSc CSIT,3rd Year,2.5–2.99,Less than 1,71–80%,3,5-6,More than 8,3–4 hours,3–4 days/week,No,6–8 hours,1,5,1,1,1,4,5,2,4,4,1,2,4,Future ,Rarely,1,5,Synthetic
7/22/2026 20:23:22,"Yes, I agree to participate.",20-22,Female,Kathmandu University,BSc Nursing,4th Year,3.5–4.0,3–4,81–90%,2,5-6,7–8,3–4 hours,3–4 days/week,No,6–8 hours,3,5,3,2,2,4,4,2,5,4,2,2,3,Exam routine keeps changing and results come very late,Never,3,5,Synthetic
7/22/2026 21:15:18,"Yes, I agree to participate.",23-25,Female,Tribhuvan University,BSc CSIT,3rd Year,2.0–2.49,3–4,81–90%,3,3-4,5–6,1–2 hours,1–2 days/week,Yes,6–8 hours,4,3,3,3,4,2,3,3,3,3,5,3,3,Too many assignments and lab reports with the same deadline,Sometimes,2,2,Synthetic
7/22/2026 22:36:21,"Yes, I agree to participate.",23-25,Male,Pokhara University,BE/B.Tech,3rd Year,Below 2.0,Less than 1,60–70%,4,1-2,7–8,More than 6 hours,5–6 days/week,Yes,More than 8 hours,3,5,3,3,5,2,3,4,2,1,4,3,2,Internal assessments and assignments piling up together,Sometimes,3,2,Synthetic
7/22/2026 23:49:36,"Yes, I agree to participate.",23-25,Male,Agriculture and Forestry University,Agriculture,4th Year,2.5–2.99,1–2,60–70%,5,3-4,7–8,5–6 hours,1–2 days/week,No,More than 8 hours,4,1,4,5,5,1,1,4,2,1,5,4,2,Frustration ,Often,5,3,Synthetic
7/22/2026 23:55:44,"Yes, I agree to participate.",20-22,Male,Tribhuvan University,BSc CSIT,2nd Year,3.0–3.49,1–2,81–90%,3,5-6,7–8,3–4 hours,3–4 days/week,Yes,6–8 hours,4,3,3,3,3,4,3,3,4,3,5,3,3,Exam routine keeps changing and results come very late,Sometimes,5,3,Synthetic
7/23/2026 3:16:39,"Yes, I agree to participate.",Above 25,Female,Purbanchal University,BCA,3rd Year,3.0–3.49,1–2,60–70%,3,5-6,Less than 5,3–4 hours,1–2 days/week,Yes,3–5 hours,2,4,3,3,4,4,3,3,4,4,3,3,3,Unfair grading in internal marks,Sometimes,2,5,Synthetic
7/23/2026 3:31:55,"Yes, I agree to participate.",Above 25,Female,Pokhara University,BSc Nursing,3rd Year,3.0–3.49,1–2,60–70%,2,More than 6,7–8,5–6 hours,1–2 days/week,Yes,6–8 hours,3,2,2,2,3,3,3,3,3,4,3,2,4,"Future career concerns because I am unsure about job opportunities, paying semester fees while living in kathmandu is hard",Often,1,5,Synthetic
7/23/2026 4:12:32,"Yes, I agree to participate.",20-22,Male,Agriculture and Forestry University,Agriculture,4th Year,3.5–4.0,1–2,60–70%,4,1-2,5–6,3–4 hours,Never,No,3–5 hours,3,3,3,5,3,2,3,2,3,4,4,4,3,Final year project and internship,Often,2,3,Synthetic
7/23/2026 4:21:06,"Yes, I agree to participate.",20-22,Male,Madhyapaschim University,BCA,4th Year,3.5–4.0,1–2,71–80%,2,5-6,7–8,3–4 hours,1–2 days/week,Yes,6–8 hours,3,2,2,2,3,4,4,2,5,3,2,2,5,Time management,Rarely,3,4,Synthetic
7/23/2026 4:58:43,"Yes, I agree to participate.",23-25,Female,Tribhuvan University,BIM,4th Year,2.5–2.99,Less than 1,Below 60%,3,More than 6,5–6,3–4 hours,1–2 days/week,Yes,More than 8 hours,4,3,2,4,2,3,4,3,2,3,3,4,3,"Balancing part-time job and classes, I don't get enough time to study",Sometimes,4,5,Synthetic
7/23/2026 5:49:39,"Yes, I agree to participate.",20-22,Prefer not to say,Purbanchal University,BCA,2nd Year,3.0–3.49,3–4,71–80%,5,5-6,5–6,3–4 hours,1–2 days/week,No,6–8 hours,4,2,4,5,4,3,1,4,4,2,4,5,2,"Unsure about future after graduation, money",Very Often,5,3,Synthetic
7/23/2026 7:13:53,"Yes, I agree to participate.",23-25,Male,Purbanchal University,BCA,4th Year,3.5–4.0,3–4,Above 90%,1,More than 6,5–6,3–4 hours,1–2 days/week,Yes,6–8 hours,3,5,1,2,2,4,5,2,5,5,2,1,3,Career,Never,3,5,Synthetic
7/23/2026 12:53:52,"Yes, I agree to participate.",23-25,Female,Sudurpaschim University,BCA,3rd Year,2.0–2.49,Less than 1,Above 90%,3,More than 6,5–6,5–6 hours,1–2 days/week,Yes,More than 8 hours,2,3,3,3,3,3,3,3,3,4,3,3,4,Exams ,Rarely,4,4,Synthetic
7/23/2026 14:56:18,"Yes, I agree to participate.",20-22,Female,Tribhuvan University,BDS,1st Year,Not Available Yet,1–2,71–80%,4,5-6,5–6,Less than 1 hour,Never,Yes,3–5 hours,3,2,4,3,4,1,1,4,3,1,5,3,3,Pressure to become a doctor/engineer like my family expects,Sometimes,3,2,Synthetic
7/23/2026 21:03:16,"Yes, I agree to participate.",20-22,Female,Kathmandu University,BSc Nursing,4th Year,3.5–4.0,5–6,71–80%,4,1-2,Less than 5,More than 6 hours,Never,No,More than 8 hours,4,1,5,5,5,1,2,5,2,2,5,4,2,"Job market is competitive and many seniors are still unemployed, lack of discipline and too much screen time",Very Often,4,1,Synthetic
7/24/2026 0:06:50,"Yes, I agree to participate.",20-22,Male,Kathmandu University,MBBS,3rd Year,3.5–4.0,Less than 1,71–80%,4,3-4,7–8,1–2 hours,1–2 days/week,Yes,3–5 hours,3,4,2,1,1,3,4,1,3,5,2,1,4,"Time management, future career concerns because i am unsure about job opportunities",Rarely,2,4,Synthetic
7/24/2026 2:26:40,"Yes, I agree to participate.",23-25,Female,Tribhuvan University,BSc CSIT,3rd Year,3.0–3.49,1–2,81–90%,4,5-6,5–6,1–2 hours,Never,No,3–5 hours,4,4,5,4,4,2,1,4,1,1,4,4,3,Outdated syllabus and theory heavy teaching,Often,5,3,Synthetic
7/24/2026 4:36:32,"Yes, I agree to participate.",17-19,Prefer not to say,Kathmandu University,MBBS,1st Year,3.0–3.49,1–2,60–70%,5,More than 6,Less than 5,5–6 hours,1–2 days/week,Yes,More than 8 hours,5,2,4,5,4,1,2,5,1,2,4,4,3,Tuition fees and hostel expenses,Very Often,5,3,Synthetic
7/24/2026 5:06:35,"Yes, I agree to participate.",20-22,Female,Tribhuvan University,BSc CSIT,4th Year,Not Available Yet,1–2,71–80%,3,3-4,7–8,Less than 1 hour,3–4 days/week,Yes,3–5 hours,1,4,3,2,2,5,2,1,3,5,1,2,5,"Exams, because the whole year's result depends on the final board exam",Rarely,3,3,Synthetic
7/24/2026 7:58:21,"Yes, I agree to participate.",20-22,Female,Purbanchal University,BSc Nursing,2nd Year,2.5–2.99,1–2,Below 60%,5,More than 6,5–6,3–4 hours,Never,No,More than 8 hours,3,3,5,3,4,1,2,4,2,1,4,5,2,Study management,Very Often,2,1,Synthetic
7/24/2026 15:33:12,"Yes, I agree to participate.",23-25,Male,Purbanchal University,BSc Nursing,2nd Year,2.0–2.49,Less than 1,60–70%,4,1-2,7–8,1–2 hours,1–2 days/week,No,6–8 hours,4,2,4,3,5,2,3,2,2,2,4,4,3,Too many assignments and lab reports with the same deadline,Often,5,1,Synthetic
7/24/2026 16:38:47,"Yes, I agree to participate.",23-25,Female,Tribhuvan University,BIM,3rd Year,2.5–2.99,5–6,71–80%,3,More than 6,Less than 5,3–4 hours,1–2 days/week,Yes,6–8 hours,3,3,4,3,4,3,3,3,4,3,4,3,3,Deadlines,Sometimes,2,3,Synthetic
7/24/2026 17:14:02,"Yes, I agree to participate.",17-19,Female,Tribhuvan University,BSc Nursing,1st Year,3.0–3.49,3–4,71–80%,3,3-4,Less than 5,3–4 hours,Never,No,6–8 hours,3,2,2,2,1,5,3,2,4,3,1,1,3,Multiple assignments ,Rarely,3,4,Synthetic
7/24/2026 19:05:20,"Yes, I agree to participate.",17-19,Female,Purbanchal University,BCA,1st Year,2.5–2.99,1–2,Below 60%,5,1-2,Less than 5,3–4 hours,3–4 days/week,Yes,6–8 hours,4,2,4,3,3,2,2,4,3,2,3,4,2,Deadlines,Rarely,3,3,Synthetic
7/24/2026 19:17:42,"Yes, I agree to participate.",Above 25,Male,Tribhuvan University,MBBS,4th Year,3.5–4.0,3–4,81–90%,1,5-6,5–6,1–2 hours,3–4 days/week,No,3–5 hours,1,4,1,1,2,4,4,2,4,3,1,2,3,"Exams, because the whole year's result depends on the final board exam",Never,1,5,Synthetic
7/24/2026 19:27:44,"Yes, I agree to participate.",Above 25,Female,Kathmandu University,MBBS,1st Year,Not Available Yet,More than 6 hours,81–90%,2,1-2,5–6,3–4 hours,1–2 days/week,No,More than 8 hours,3,4,2,1,1,4,4,2,5,5,2,2,5,Balancing money and education,Never,3,4,Synthetic
7/24/2026 21:44:04,"Yes, I agree to participate.",20-22,Female,Sudurpaschim University,BCA,2nd Year,3.5–4.0,3–4,71–80%,3,5-6,5–6,Less than 1 hour,3–4 days/week,Yes,3–5 hours,2,2,3,3,3,3,3,4,3,2,2,3,5,Financial pressure ,Sometimes,3,5,Synthetic
7/24/2026 22:02:21,"Yes, I agree to participate.",20-22,Female,Tribhuvan University,Agriculture,4th Year,3.0–3.49,3–4,81–90%,2,3-4,7–8,3–4 hours,5–6 days/week,Yes,6–8 hours,2,4,3,3,3,3,3,3,3,4,2,2,2,Board exams,Sometimes,3,3,Synthetic
7/25/2026 0:01:16,"Yes, I agree to participate.",Above 25,Prefer not to say,Kathmandu University,BDS,5th Year,Not Available Yet,5–6,81–90%,1,More than 6,5–6,3–4 hours,5–6 days/week,No,6–8 hours,2,3,1,1,1,4,3,2,5,4,2,1,4,Time management,Never,3,3,Synthetic
7/25/2026 7:51:33,"Yes, I agree to participate.",23-25,Prefer not to say,Pokhara University,BHM,4th Year,3.0–3.49,5–6,60–70%,3,1-2,7–8,3–4 hours,5–6 days/week,Yes,More than 8 hours,3,4,3,3,4,2,2,4,2,3,3,3,2,Procrastination,Sometimes,5,2,Synthetic
7/25/2026 11:09:33,"Yes, I agree to participate.",23-25,Male,Tribhuvan University,BDS,3rd Year,2.5–2.99,1–2,60–70%,2,More than 6,5–6,1–2 hours,1–2 days/week,No,6–8 hours,2,5,2,3,3,4,3,2,2,2,3,2,3,Time management,Rarely,5,4,Synthetic
7/25/2026 11:16:15,"Yes, I agree to participate.",17-19,Male,Purbanchal University,Law(LLB),1st Year,Not Available Yet,5–6,71–80%,5,More than 6,5–6,1–2 hours,3–4 days/week,Yes,More than 8 hours,2,3,3,4,4,1,3,3,2,3,3,3,2,"Procrastination, family expectations to get good grades",Sometimes,3,2,Synthetic
7/25/2026 13:45:26,"Yes, I agree to participate.",20-22,Female,Kathmandu University,MBBS,3rd Year,3.5–4.0,5–6,71–80%,5,1-2,5–6,3–4 hours,Never,No,More than 8 hours,2,3,5,5,5,1,1,4,1,1,5,5,4,Time management,Very Often,3,3,Synthetic
7/25/2026 14:34:23,"Yes, I agree to participate.",23-25,Female,Agriculture and Forestry University,Agriculture,3rd Year,2.5–2.99,3–4,60–70%,5,3-4,Less than 5,5–6 hours,5–6 days/week,No,6–8 hours,3,3,4,5,5,3,1,3,3,2,3,4,3,Maybe,Very Often,3,1,Synthetic
7/25/2026 16:12:29,"Yes, I agree to participate.",Above 25,Female,Tribhuvan University,BBS,4th Year,3.0–3.49,Less than 1,Above 90%,4,3-4,Less than 5,3–4 hours,1–2 days/week,Yes,6–8 hours,3,1,4,5,3,3,2,4,2,2,4,4,3,Exams ,Very Often,4,3,Synthetic
7/25/2026 17:14:29,"Yes, I agree to participate.",23-25,Female,Tribhuvan University,MBBS,2nd Year,3.0–3.49,3–4,71–80%,5,More than 6,5–6,5–6 hours,3–4 days/week,No,More than 8 hours,4,3,3,5,3,4,3,4,1,1,4,4,2,Multiple assignments ,Rarely,2,3,Synthetic
7/25/2026 17:44:26,"Yes, I agree to participate.",20-22,Male,Tribhuvan University,BSc CSIT,3rd Year,3.0–3.49,1–2,60–70%,1,3-4,Less than 5,1–2 hours,3–4 days/week,No,6–8 hours,3,5,1,2,2,4,5,2,5,5,2,1,5,Balancing money and education,Never,4,4,Synthetic
7/25/2026 21:16:48,"Yes, I agree to participate.",17-19,Female,Tribhuvan University,BSc CSIT,1st Year,3.5–4.0,3–4,81–90%,3,More than 6,5–6,3–4 hours,5–6 days/week,No,6–8 hours,1,3,2,3,3,4,3,2,4,4,2,2,3,Exams ,Rarely,5,5,Synthetic
7/25/2026 23:02:39,"Yes, I agree to participate.",20-22,Female,Tribhuvan University,BCA,3rd Year,3.0–3.49,3–4,Below 60%,5,More than 6,Less than 5,3–4 hours,3–4 days/week,Yes,More than 8 hours,2,2,3,3,4,4,3,3,3,3,3,3,3,Deadlines,Sometimes,4,4,Synthetic
7/25/2026 23:42:37,"Yes, I agree to participate.",17-19,Female,Tribhuvan University,BDS,1st Year,Not Available Yet,1–2,71–80%,3,5-6,7–8,Less than 1 hour,Never,No,Less than 3 hours,2,3,3,2,3,2,4,3,2,4,2,4,2,Not able to focus because of phone,Sometimes,3,3,Synthetic
7/26/2026 0:42:47,"Yes, I agree to participate.",23-25,Prefer not to say,Other,MBBS,5th Year,3.0–3.49,3–4,60–70%,3,3-4,Less than 5,5–6 hours,5–6 days/week,Yes,More than 8 hours,4,3,4,5,4,2,4,4,1,2,4,3,1,Future career concerns because I am unsure about job opportunities,Often,5,3,Synthetic
7/26/2026 1:44:14,"Yes, I agree to participate.",20-22,Prefer not to say,Rajarshi Janak University,BBS,3rd Year,3.0–3.49,Less than 1,71–80%,2,3-4,More than 8,Less than 1 hour,3–4 days/week,No,3–5 hours,2,4,2,1,2,5,5,3,4,5,1,1,4,Balancing money and education,Sometimes,4,5,Synthetic
7/26/2026 3:14:23,"Yes, I agree to participate.",20-22,Prefer not to say,Agriculture and Forestry University,Agriculture,4th Year,3.0–3.49,Less than 1,71–80%,3,3-4,Less than 5,3–4 hours,1–2 days/week,Yes,More than 8 hours,5,1,5,5,4,2,1,5,1,1,3,4,2,Semester project with weak team members,Often,5,3,Synthetic
7/26/2026 4:51:12,"Yes, I agree to participate.",20-22,Male,Kathmandu University,BDS,3rd Year,3.0–3.49,3–4,60–70%,3,3-4,5–6,3–4 hours,Never,No,More than 8 hours,4,3,3,3,3,2,3,3,4,3,3,4,2,Frustration ,Sometimes,2,4,Synthetic
7/26/2026 12:43:22,"Yes, I agree to participate.",23-25,Male,Tribhuvan University,BCA,1st Year,3.5–4.0,More than 6 hours,81–90%,1,More than 6,7–8,Less than 1 hour,3–4 days/week,Yes,3–5 hours,4,4,1,1,2,5,4,1,4,4,1,2,5,Maybe,Rarely,4,5,Synthetic
7/26/2026 15:08:04,"Yes, I agree to participate.",23-25,Male,Rajarshi Janak University,Agriculture,4th Year,2.5–2.99,1–2,71–80%,2,1-2,7–8,1–2 hours,1–2 days/week,No,3–5 hours,3,3,1,2,2,3,4,3,5,3,2,1,4,Final year project and internship,Never,5,3,Synthetic
7/26/2026 15:18:36,"Yes, I agree to participate.",Above 25,Prefer not to say,Pokhara University,BSc Nursing,3rd Year,3.5–4.0,3–4,71–80%,2,3-4,5–6,3–4 hours,1–2 days/week,No,6–8 hours,2,4,1,1,1,5,4,1,4,5,1,1,3,Board exams,Never,2,5,Synthetic
7/26/2026 16:00:30,"Yes, I agree to participate.",23-25,Prefer not to say,Agriculture and Forestry University,Agriculture,4th Year,3.5–4.0,1–2,81–90%,2,3-4,Less than 5,3–4 hours,Never,Yes,3–5 hours,3,4,3,2,4,4,4,1,3,4,4,2,3,Lack of practical classes and resources,Sometimes,4,4,Synthetic
7/26/2026 16:36:50,"Yes, I agree to participate.",17-19,Male,Tribhuvan University,Agriculture,1st Year,Not Available Yet,5–6,71–80%,3,3-4,5–6,More than 6 hours,1–2 days/week,No,More than 8 hours,3,2,4,2,3,2,1,4,3,1,3,4,3,Ok,Often,4,3,Synthetic
7/26/2026 16:40:52,"Yes, I agree to participate.",20-22,Male,Tribhuvan University,BHM,2nd Year,3.5–4.0,1–2,Below 60%,2,1-2,5–6,1–2 hours,1–2 days/week,Yes,6–8 hours,5,3,3,4,3,2,4,3,5,3,3,3,3,Assignment ,Sometimes,3,4,Synthetic
7/26/2026 21:39:22,"Yes, I agree to participate.",20-22,Female,Purbanchal University,BE/B.Tech,4th Year,3.5–4.0,1–2,71–80%,2,3-4,5–6,3–4 hours,1–2 days/week,Yes,More than 8 hours,4,4,2,2,3,3,3,2,3,2,3,2,3,Thesis and internship report,Rarely,3,4,Synthetic
7/26/2026 21:50:49,"Yes, I agree to participate.",23-25,Female,Kathmandu University,MBBS,4th Year,3.5–4.0,3–4,Above 90%,1,More than 6,7–8,3–4 hours,3–4 days/week,No,More than 8 hours,1,3,2,2,2,5,5,2,5,5,1,2,4,Lack of discipline and too much screen time,Rarely,2,5,Synthetic
7/26/2026 22:48:57,"Yes, I agree to participate.",Above 25,Male,Kathmandu University,MBBS,1st Year,3.0–3.49,Less than 1,71–80%,2,1-2,More than 8,3–4 hours,Never,No,6–8 hours,3,4,3,3,2,4,3,2,2,2,3,2,4,Multiple assignments ,Sometimes,2,3,Synthetic
7/27/2026 0:11:19,"Yes, I agree to participate.",23-25,Female,Tribhuvan University,Agriculture,4th Year,2.0–2.49,3–4,71–80%,1,1-2,7–8,3–4 hours,5–6 days/week,Yes,6–8 hours,4,3,3,3,3,3,4,1,5,3,1,3,3,Family pressure,Rarely,4,4,Synthetic
7/27/2026 1:02:48,"Yes, I agree to participate.",23-25,Female,Kathmandu University,BSc Nursing,4th Year,2.5–2.99,1–2,60–70%,1,3-4,5–6,5–6 hours,Never,No,6–8 hours,2,5,2,4,2,3,3,1,4,3,2,2,4,"Multiple assignments, career, jobs are very limited in nepal",Rarely,4,5,Synthetic
7/27/2026 1:26:07,"Yes, I agree to participate.",20-22,Prefer not to say,Pokhara University,BE/B.Tech,3rd Year,2.5–2.99,Less than 1,81–90%,4,5-6,5–6,5–6 hours,1–2 days/week,Yes,6–8 hours,3,5,4,5,4,3,3,4,1,3,3,4,2,Parents compare me with relatives and toppers,Often,4,3,Synthetic
7/27/2026 3:28:13,"Yes, I agree to participate.",20-22,Male,Tribhuvan University,MBBS,1st Year,3.0–3.49,3–4,71–80%,2,More than 6,More than 8,1–2 hours,Never,No,More than 8 hours,2,5,3,2,4,2,4,3,3,4,3,2,5,Project submission deadlines clashing with exams,Often,3,4,Synthetic
7/27/2026 3:57:59,"Yes, I agree to participate.",23-25,Female,Tribhuvan University,BCA,2nd Year,3.0–3.49,1–2,Above 90%,3,3-4,5–6,3–4 hours,3–4 days/week,Yes,6–8 hours,5,4,2,2,2,5,4,2,4,3,3,3,3,"TU exam pattern, everything depends on final exam",Rarely,4,5,Synthetic
7/27/2026 4:52:13,"Yes, I agree to participate.",23-25,Male,Pokhara University,BCA,4th Year,3.0–3.49,5–6,81–90%,2,More than 6,5–6,5–6 hours,3–4 days/week,Yes,6–8 hours,3,3,2,2,2,4,4,1,4,4,2,2,4,Not able to focus because of phone,Rarely,2,4,Synthetic
7/27/2026 8:44:23,"Yes, I agree to participate.",Above 25,Female,Agriculture and Forestry University,Agriculture,4th Year,3.5–4.0,3–4,81–90%,1,1-2,7–8,3–4 hours,1–2 days/week,Yes,3–5 hours,3,4,2,2,1,5,2,1,4,4,2,3,3,"Future career concerns because I am unsure about job opportunities, assignment",Sometimes,3,4,Synthetic
7/27/2026 11:49:34,"Yes, I agree to participate.",17-19,Female,Other,BDS,2nd Year,3.0–3.49,3–4,81–90%,4,3-4,5–6,5–6 hours,Never,No,More than 8 hours,4,3,4,4,4,2,2,5,2,3,5,5,1,Pressure to go abroad after graduation,Often,5,4,Synthetic
7/27/2026 12:00:15,"Yes, I agree to participate.",17-19,Female,Tribhuvan University,BSc CSIT,3rd Year,3.5–4.0,3–4,81–90%,2,3-4,5–6,1–2 hours,1–2 days/week,Yes,3–5 hours,3,3,2,3,1,3,4,1,5,5,2,1,4,Not able to focus because of phone,Rarely,2,5,Synthetic
7/27/2026 13:26:35,"Yes, I agree to participate.",23-25,Male,Purbanchal University,BCA,2nd Year,2.5–2.99,1–2,71–80%,2,More than 6,Less than 5,3–4 hours,1–2 days/week,Yes,6–8 hours,5,1,2,4,2,3,3,2,4,3,2,4,1,Internal assessments and assignments piling up together,Sometimes,5,3,Synthetic
7/27/2026 14:43:41,"Yes, I agree to participate.",20-22,Female,Pokhara University,BHM,2nd Year,3.5–4.0,1–2,Above 90%,2,More than 6,5–6,1–2 hours,Never,Yes,More than 8 hours,2,1,5,4,2,1,3,4,2,5,3,3,3,Deadlines,Rarely,4,4,Synthetic
7/27/2026 16:08:55,"Yes, I agree to participate.",23-25,Female,Kathmandu University,BSc Nursing,4th Year,2.5–2.99,1–2,60–70%,4,5-6,5–6,3–4 hours,1–2 days/week,No,More than 8 hours,5,3,4,5,4,1,2,5,2,2,5,3,2,Internal assessments and assignments piling up together,Sometimes,5,3,Synthetic
7/27/2026 20:26:47,"Yes, I agree to participate.",23-25,Female,Tribhuvan University,BSc CSIT,3rd Year,3.5–4.0,3–4,81–90%,3,3-4,5–6,3–4 hours,1–2 days/week,No,6–8 hours,3,2,2,3,2,4,3,3,3,3,2,2,3,Unsure about future after graduation,Rarely,3,4,Synthetic
7/27/2026 21:49:49,"Yes, I agree to participate.",23-25,Female,Madhyapaschim University,BCA,4th Year,3.0–3.49,5–6,71–80%,4,3-4,Less than 5,5–6 hours,1–2 days/week,No,More than 8 hours,2,2,4,4,4,2,2,4,2,2,3,2,2,"Parents compare me with relatives and toppers, unsure about future after graduation",Sometimes,5,4,Synthetic
7/28/2026 1:18:46,"Yes, I agree to participate.",Above 25,Female,Tribhuvan University,BHM,3rd Year,3.0–3.49,3–4,71–80%,3,1-2,5–6,5–6 hours,3–4 days/week,Yes,More than 8 hours,3,5,3,3,3,5,3,3,3,3,3,3,3,Future ,Rarely,1,5,Synthetic
7/28/2026 3:37:12,"Yes, I agree to participate.",23-25,Female,Tribhuvan University,BSc Nursing,3rd Year,3.5–4.0,5–6,81–90%,2,5-6,7–8,3–4 hours,3–4 days/week,No,More than 8 hours,1,5,1,1,2,4,3,2,3,5,2,3,4,Study management,Rarely,3,4,Synthetic
7/28/2026 4:08:56,"Yes, I agree to participate.",23-25,Female,Tribhuvan University,BCA,3rd Year,2.5–2.99,3–4,Below 60%,4,More than 6,5–6,5–6 hours,1–2 days/week,Yes,6–8 hours,4,2,4,3,3,2,2,3,4,3,3,5,3,Financial pressure ,Often,3,3,Synthetic
7/28/2026 5:49:14,"Yes, I agree to participate.",17-19,Female,Kathmandu University,Law(LLB),1st Year,Not Available Yet,Less than 1,60–70%,3,1-2,7–8,3–4 hours,3–4 days/week,Yes,More than 8 hours,4,5,1,1,2,3,5,1,5,4,2,1,4,Time management,Rarely,2,4,Synthetic
7/28/2026 6:30:03,"Yes, I agree to participate.",23-25,Female,Tribhuvan University,BSc CSIT,4th Year,2.5–2.99,3–4,60–70%,3,3-4,5–6,1–2 hours,1–2 days/week,Yes,Less than 3 hours,4,5,3,3,4,1,2,4,2,2,5,3,4,Unsure ,Often,5,2,Synthetic
7/28/2026 8:49:35,"Yes, I agree to participate.",17-19,Female,Kathmandu University,Law(LLB),1st Year,Not Available Yet,1–2,71–80%,4,5-6,7–8,5–6 hours,Never,No,More than 8 hours,4,1,5,5,4,3,2,5,1,1,5,5,1,Assignment ,Very Often,4,3,Synthetic
7/28/2026 9:05:02,"Yes, I agree to participate.",Above 25,Female,Kathmandu University,MBBS,5th Year,3.5–4.0,3–4,71–80%,3,More than 6,7–8,Less than 1 hour,5–6 days/week,No,6–8 hours,2,4,3,1,3,5,4,2,5,5,2,2,4,Ok,Never,5,4,Synthetic
7/28/2026 11:00:20,"Yes, I agree to participate.",23-25,Male,Other,BDS,4th Year,3.0–3.49,3–4,81–90%,3,3-4,7–8,Less than 1 hour,Never,Yes,More than 8 hours,2,4,3,2,3,4,3,3,3,2,3,3,4,Yes,Sometimes,3,4,Synthetic
7/28/2026 11:48:24,"Yes, I agree to participate.",20-22,Male,Sudurpaschim University,BCA,2nd Year,3.5–4.0,5–6,81–90%,2,5-6,7–8,3–4 hours,3–4 days/week,No,More than 8 hours,2,3,2,3,3,4,4,1,4,4,3,2,3,Tuition fees and hostel expenses,Rarely,2,5,Synthetic
7/28/2026 12:42:07,"Yes, I agree to participate.",Above 25,Male,Tribhuvan University,BCA,2nd Year,2.5–2.99,Less than 1,81–90%,3,5-6,5–6,3–4 hours,1–2 days/week,No,6–8 hours,3,3,2,2,2,3,4,1,4,4,2,1,4,"Result delays and session delays in university, career",Sometimes,1,4,Synthetic
7/28/2026 13:33:52,"Yes, I agree to participate.",17-19,Prefer not to say,Sudurpaschim University,BCA,1st Year,Not Available Yet,Less than 1,71–80%,1,3-4,7–8,Less than 1 hour,3–4 days/week,Yes,Less than 3 hours,3,3,2,2,2,4,5,2,3,5,1,1,5,Working part time and studying at the same time,Never,3,4,Synthetic
7/28/2026 15:34:58,"Yes, I agree to participate.",23-25,Female,Tribhuvan University,Law(LLB),4th Year,2.5–2.99,1–2,71–80%,3,More than 6,7–8,3–4 hours,5–6 days/week,Yes,3–5 hours,2,4,3,2,2,3,3,3,4,2,2,1,3,Money,Sometimes,2,5,Synthetic
7/28/2026 16:08:42,"Yes, I agree to participate.",17-19,Male,Tribhuvan University,BIM,1st Year,Not Available Yet,5–6,81–90%,3,1-2,5–6,1–2 hours,Never,No,3–5 hours,4,2,4,5,4,1,1,4,2,2,4,5,2,Internal assessments and assignments piling up together,Often,4,3,Synthetic
7/28/2026 16:09:41,"Yes, I agree to participate.",Above 25,Female,Kathmandu University,MBBS,5th Year,3.5–4.0,5–6,60–70%,3,More than 6,More than 8,Less than 1 hour,5–6 days/week,No,6–8 hours,3,2,3,3,3,4,4,3,4,2,4,2,2,Study management,Rarely,4,4,Synthetic
7/28/2026 17:11:24,"Yes, I agree to participate.",20-22,Male,Purbanchal University,BCA,3rd Year,3.0–3.49,1–2,Above 90%,5,1-2,5–6,5–6 hours,Never,Yes,More than 8 hours,4,2,3,4,5,3,1,5,3,2,5,5,3,Study management,Often,4,2,Synthetic
7/28/2026 17:13:48,"Yes, I agree to participate.",23-25,Male,Tribhuvan University,Law(LLB),5th Year,3.0–3.49,Less than 1,81–90%,5,3-4,Less than 5,1–2 hours,Never,Yes,6–8 hours,5,1,4,4,4,1,2,5,3,2,5,5,3,Time management,Sometimes,4,3,Synthetic
7/28/2026 19:04:51,"Yes, I agree to participate.",20-22,Female,Pokhara University,BSc Nursing,2nd Year,3.0–3.49,Less than 1,Above 90%,3,3-4,5–6,1–2 hours,1–2 days/week,No,Less than 3 hours,1,3,2,3,3,4,3,3,3,2,3,3,4,Exams ,Rarely,2,4,Synthetic
7/28/2026 21:12:08,"Yes, I agree to participate.",17-19,Female,Pokhara University,BCA,1st Year,Not Available Yet,1–2,71–80%,2,More than 6,Less than 5,3–4 hours,5–6 days/week,No,6–8 hours,2,3,2,1,2,4,3,2,4,3,3,2,3,Nothing much,Sometimes,2,4,Synthetic
7/29/2026 1:52:21,"Yes, I agree to participate.",20-22,Male,Tribhuvan University,MBBS,2nd Year,3.5–4.0,3–4,71–80%,1,More than 6,More than 8,3–4 hours,1–2 days/week,No,More than 8 hours,2,4,1,2,1,5,5,1,5,4,1,2,5,Unsure ,Never,3,5,Synthetic
7/29/2026 1:56:29,"Yes, I agree to participate.",23-25,Female,Other,MBBS,5th Year,3.5–4.0,3–4,71–80%,2,1-2,7–8,3–4 hours,3–4 days/week,Yes,6–8 hours,2,2,1,2,2,4,4,1,4,3,1,1,4,Too many assignments and lab reports with the same deadline,Rarely,2,5,Synthetic
7/29/2026 2:52:01,"Yes, I agree to participate.",17-19,Male,Tribhuvan University,BCA,2nd Year,2.5–2.99,Less than 1,71–80%,5,More than 6,5–6,3–4 hours,3–4 days/week,Yes,6–8 hours,4,3,4,5,5,2,2,5,3,2,4,4,1,Ok,Very Often,3,3,Synthetic
7/29/2026 5:10:10,"Yes, I agree to participate.",23-25,Male,Tribhuvan University,BSc CSIT,3rd Year,3.0–3.49,Less than 1,60–70%,3,More than 6,Less than 5,Less than 1 hour,Never,No,3–5 hours,3,2,2,3,3,2,3,3,3,2,3,3,4,"Career, jobs are very limited in Nepal",Very Often,3,4,Synthetic
7/29/2026 5:17:03,"Yes, I agree to participate.",20-22,Female,Tribhuvan University,Law(LLB),2nd Year,3.0–3.49,5–6,81–90%,4,5-6,Less than 5,5–6 hours,Never,Yes,6–8 hours,4,3,3,4,4,2,4,5,2,4,5,2,3,Family expectations to get good grades,Sometimes,3,4,Synthetic
7/29/2026 5:56:55,"Yes, I agree to participate.",20-22,Female,Kathmandu University,Law(LLB),3rd Year,2.0–2.49,1–2,60–70%,4,5-6,5–6,5–6 hours,Never,Yes,6–8 hours,3,3,3,5,4,3,3,4,2,3,5,4,3,Balancing money and education,Often,3,3,Synthetic
7/29/2026 6:08:33,"Yes, I agree to participate.",20-22,Female,Kathmandu University,BSc Nursing,3rd Year,3.0–3.49,3–4,71–80%,2,5-6,Less than 5,1–2 hours,3–4 days/week,No,6–8 hours,2,4,2,2,2,4,4,3,3,4,3,2,5,Frequent internal exams and practicals,Rarely,2,5,Synthetic
7/29/2026 6:43:00,"Yes, I agree to participate.",20-22,Female,Tribhuvan University,BBS,3rd Year,2.5–2.99,3–4,Below 60%,4,3-4,Less than 5,3–4 hours,5–6 days/week,Yes,More than 8 hours,4,2,3,3,3,2,3,3,3,3,4,3,3,"Exams, because the whole year's result depends on the final board exam",Never,3,2,Synthetic
7/29/2026 8:31:54,"Yes, I agree to participate.",23-25,Female,Pokhara University,BHM,4th Year,3.0–3.49,5–6,81–90%,4,1-2,5–6,3–4 hours,3–4 days/week,Yes,More than 8 hours,5,3,3,3,3,3,2,3,4,3,3,3,2,"Balancing part-time job and classes, I don't get enough time to study",Sometimes,4,2,Synthetic
7/29/2026 11:15:50,"Yes, I agree to participate.",17-19,Male,Tribhuvan University,BCA,1st Year,Not Available Yet,3–4,Above 90%,3,5-6,5–6,5–6 hours,1–2 days/week,Yes,More than 8 hours,4,3,5,5,4,2,1,5,2,2,5,4,1,Time management,Sometimes,3,1,Synthetic
7/29/2026 14:42:10,"Yes, I agree to participate.",23-25,Male,Tribhuvan University,BBS,3rd Year,3.0–3.49,5–6,71–80%,3,3-4,7–8,5–6 hours,3–4 days/week,Yes,More than 8 hours,3,2,3,3,5,2,2,5,2,2,2,3,2,Internal assessments and assignments piling up together,Often,3,2,Synthetic
7/29/2026 15:53:43,"Yes, I agree to participate.",20-22,Female,Kathmandu University,BE/B.Tech,2nd Year,3.5–4.0,1–2,60–70%,2,More than 6,Less than 5,3–4 hours,3–4 days/week,Yes,3–5 hours,4,3,2,2,2,3,3,2,2,4,2,3,4,Office hours clash with college time,Often,3,4,Synthetic
7/29/2026 18:00:27,"Yes, I agree to participate.",23-25,Male,Tribhuvan University,BBS,4th Year,3.5–4.0,3–4,71–80%,3,3-4,7–8,5–6 hours,Never,Yes,More than 8 hours,2,4,4,3,2,3,3,2,3,4,2,5,3,Too many assignments and lab reports with the same deadline,Often,3,3,Synthetic
7/29/2026 18:39:18,"Yes, I agree to participate.",20-22,Male,Tribhuvan University,MBBS,3rd Year,3.5–4.0,5–6,71–80%,3,More than 6,More than 8,1–2 hours,1–2 days/week,No,3–5 hours,2,4,2,2,2,5,5,2,3,4,2,2,3,Career,Rarely,3,5,Synthetic
7/29/2026 19:17:36,"Yes, I agree to participate.",Above 25,Female,Kathmandu University,MBBS,4th Year,2.5–2.99,3–4,60–70%,4,5-6,More than 8,3–4 hours,1–2 days/week,No,3–5 hours,1,3,4,4,4,2,3,3,2,3,4,5,3,Exam routine keeps changing and results come very late,Rarely,4,2,Synthetic
7/29/2026 20:14:29,"Yes, I agree to participate.",20-22,Male,Agriculture and Forestry University,Agriculture,4th Year,2.5–2.99,Less than 1,60–70%,2,5-6,5–6,3–4 hours,3–4 days/week,Yes,More than 8 hours,3,5,2,1,1,5,4,3,4,5,3,1,5,Lack of practical classes and resources,Rarely,1,4,Synthetic
7/29/2026 22:52:27,"Yes, I agree to participate.",17-19,Female,Pokhara University,BCA,1st Year,3.0–3.49,1–2,71–80%,3,5-6,Less than 5,1–2 hours,3–4 days/week,No,3–5 hours,2,4,3,3,3,1,3,4,3,3,3,4,3,Lack of discipline and too much screen time,Often,4,4,Synthetic
7/30/2026 0:41:37,"Yes, I agree to participate.",20-22,Female,Kathmandu University,BSc Nursing,2nd Year,2.5–2.99,Less than 1,60–70%,3,3-4,5–6,5–6 hours,3–4 days/week,No,More than 8 hours,2,3,2,2,2,3,4,2,3,5,3,1,4,Internal assessments and assignments piling up together,Sometimes,3,3,Synthetic
7/30/2026 1:20:35,"Yes, I agree to participate.",23-25,Female,Kathmandu University,BDS,4th Year,2.5–2.99,3–4,Below 60%,4,More than 6,7–8,3–4 hours,1–2 days/week,Yes,6–8 hours,4,3,4,3,3,2,2,4,3,3,3,3,2,Final year project and internship,Sometimes,4,3,Synthetic
7/30/2026 4:58:42,"Yes, I agree to participate.",Above 25,Female,Other,BDS,5th Year,3.5–4.0,1–2,71–80%,2,More than 6,5–6,3–4 hours,3–4 days/week,Yes,6–8 hours,2,4,1,1,2,5,4,2,4,4,3,2,3,Tuition fees and hostel expenses,Rarely,4,4,Synthetic
7/30/2026 6:23:06,"Yes, I agree to participate.",23-25,Female,Tribhuvan University,BIM,4th Year,3.5–4.0,3–4,60–70%,3,3-4,7–8,More than 6 hours,1–2 days/week,No,More than 8 hours,3,4,4,4,4,2,1,4,2,2,5,4,2,Frustration ,Rarely,4,4,Synthetic
7/30/2026 8:28:12,"Yes, I agree to participate.",20-22,Female,Kathmandu University,BSc Nursing,2nd Year,3.0–3.49,3–4,71–80%,2,More than 6,5–6,3–4 hours,3–4 days/week,No,6–8 hours,3,2,2,2,2,4,4,3,5,4,2,3,4,Multiple assignments ,Rarely,4,3,Synthetic
7/30/2026 8:42:58,"Yes, I agree to participate.",20-22,Male,Kathmandu University,BDS,3rd Year,3.0–3.49,3–4,60–70%,4,3-4,5–6,3–4 hours,3–4 days/week,No,3–5 hours,2,4,4,4,5,2,2,4,2,1,5,4,3,Assignment ,Often,2,4,Synthetic
7/30/2026 14:28:01,"Yes, I agree to participate.",Above 25,Female,Tribhuvan University,BSc CSIT,4th Year,3.5–4.0,3–4,71–80%,3,3-4,5–6,Less than 1 hour,3–4 days/week,Yes,3–5 hours,2,5,2,2,1,4,4,1,5,3,1,2,4,Multiple assignments ,Never,3,4,Synthetic
7/30/2026 20:32:48,"Yes, I agree to participate.",23-25,Male,Tribhuvan University,Law(LLB),5th Year,2.5–2.99,3–4,81–90%,3,1-2,7–8,3–4 hours,3–4 days/week,No,6–8 hours,4,4,5,5,4,3,2,5,2,2,4,5,1,Money,Very Often,5,2,Synthetic
7/31/2026 0:21:06,"Yes, I agree to participate.",20-22,Male,Tribhuvan University,BSc CSIT,2nd Year,2.0–2.49,1–2,71–80%,5,More than 6,Less than 5,5–6 hours,5–6 days/week,No,More than 8 hours,3,3,4,4,5,2,2,5,2,2,4,5,3,Assignment ,Very Often,4,1,Synthetic
7/31/2026 3:03:20,"Yes, I agree to participate.",20-22,Male,Tribhuvan University,BSc CSIT,3rd Year,2.0–2.49,1–2,Below 60%,5,3-4,5–6,1–2 hours,1–2 days/week,Yes,More than 8 hours,4,1,4,5,5,3,2,4,2,3,3,5,3,Assignments because multiple deadlines occur at the same time,Often,5,3,Synthetic
7/31/2026 4:16:16,"Yes, I agree to participate.",20-22,Male,Rajarshi Janak University,BCA,2nd Year,Below 2.0,1–2,Below 60%,5,1-2,5–6,1–2 hours,Never,Yes,3–5 hours,3,4,5,4,3,4,2,4,3,2,4,4,3,"Multiple assignments, future career",Often,4,2,Synthetic
7/31/2026 6:42:16,"Yes, I agree to participate.",20-22,Male,Purbanchal University,Agriculture,2nd Year,2.0–2.49,1–2,60–70%,4,1-2,5–6,3–4 hours,1–2 days/week,No,3–5 hours,2,2,3,3,2,3,3,3,3,2,4,5,3,Deadlines,Sometimes,3,3,Synthetic
7/31/2026 6:48:25,"Yes, I agree to participate.",23-25,Female,Kathmandu University,MBBS,2nd Year,2.5–2.99,3–4,81–90%,3,3-4,Less than 5,1–2 hours,3–4 days/week,No,3–5 hours,3,2,3,3,3,3,2,2,3,5,2,2,5,"Tuition fees and hostel expenses, result delays and session delays in university",Sometimes,3,2,Synthetic
7/31/2026 7:57:52,"Yes, I agree to participate.",23-25,Male,Other,BSc Nursing,2nd Year,3.5–4.0,3–4,81–90%,4,3-4,More than 8,1–2 hours,3–4 days/week,No,6–8 hours,3,3,3,3,3,3,2,4,3,3,3,3,3,Multiple assignments ,Rarely,3,3,Synthetic
7/31/2026 8:52:27,"Yes, I agree to participate.",17-19,Male,Tribhuvan University,BSc CSIT,1st Year,3.5–4.0,1–2,81–90%,3,5-6,7–8,Less than 1 hour,3–4 days/week,Yes,3–5 hours,2,5,1,2,1,5,5,1,5,4,1,1,5,Board exams,Rarely,1,4,Synthetic
7/31/2026 10:05:43,"Yes, I agree to participate.",17-19,Female,Tribhuvan University,BE/B.Tech,1st Year,Not Available Yet,5–6,71–80%,5,5-6,5–6,1–2 hours,3–4 days/week,No,6–8 hours,4,2,4,4,4,2,3,5,3,4,5,5,3,Exam routine keeps changing and results come very late,Sometimes,3,3,Synthetic
7/31/2026 11:47:20,"Yes, I agree to participate.",23-25,Female,Agriculture and Forestry University,Agriculture,4th Year,3.0–3.49,Less than 1,81–90%,2,3-4,7–8,5–6 hours,1–2 days/week,Yes,6–8 hours,2,4,2,2,1,3,4,2,4,4,2,1,3,Final year project and internship,Rarely,3,4,Synthetic
7/31/2026 15:06:43,"Yes, I agree to participate.",Above 25,Female,Tribhuvan University,BE/B.Tech,3rd Year,3.5–4.0,Less than 1,71–80%,1,5-6,More than 8,1–2 hours,1–2 days/week,Yes,Less than 3 hours,1,4,2,2,1,5,4,2,5,4,1,2,5,Time management,Rarely,2,5,Synthetic
7/31/2026 19:18:16,"Yes, I agree to participate.",20-22,Female,Tribhuvan University,BSc CSIT,2nd Year,3.5–4.0,1–2,71–80%,2,1-2,5–6,Less than 1 hour,5–6 days/week,No,3–5 hours,3,4,1,2,1,4,4,2,5,5,2,2,3,Money,Never,3,5,Synthetic
7/31/2026 20:54:00,"Yes, I agree to participate.",20-22,Female,Tribhuvan University,BBS,3rd Year,2.0–2.49,Less than 1,71–80%,3,3-4,5–6,5–6 hours,1–2 days/week,No,More than 8 hours,3,5,3,3,2,3,2,2,4,4,3,4,3,Paying semester fees while living in Kathmandu is hard,Rarely,2,2,Synthetic
7/31/2026 22:32:58,"Yes, I agree to participate.",23-25,Female,Tribhuvan University,MBBS,3rd Year,3.0–3.49,Less than 1,71–80%,4,1-2,7–8,5–6 hours,Never,Yes,3–5 hours,4,3,5,5,4,1,2,4,1,1,5,4,3,Future career concerns because I am unsure about job opportunities,Very Often,5,3,Synthetic
8/1/2026 0:41:44,"Yes, I agree to participate.",20-22,Male,Agriculture and Forestry University,Agriculture,2nd Year,3.0–3.49,3–4,71–80%,4,1-2,5–6,3–4 hours,3–4 days/week,Yes,More than 8 hours,4,2,4,3,4,2,2,2,1,3,3,2,3,Paying semester fees while living in Kathmandu is hard,Rarely,4,3,Synthetic
8/1/2026 0:55:51,"Yes, I agree to participate.",Above 25,Prefer not to say,Pokhara University,BSc Nursing,4th Year,2.0–2.49,Less than 1,81–90%,4,More than 6,5–6,1–2 hours,1–2 days/week,No,3–5 hours,4,3,3,4,5,2,2,4,1,2,5,5,1,Frequent internal exams and practicals,Very Often,5,1,Synthetic
8/1/2026 1:33:20,"Yes, I agree to participate.",20-22,Male,Tribhuvan University,BHM,2nd Year,3.5–4.0,1–2,Above 90%,2,3-4,7–8,Less than 1 hour,Daily,Yes,3–5 hours,3,4,2,1,1,5,5,1,5,5,1,1,3,Deadlines,Never,1,5,Synthetic
8/1/2026 4:42:46,"Yes, I agree to participate.",17-19,Female,Tribhuvan University,BIM,3rd Year,3.5–4.0,3–4,81–90%,3,1-2,7–8,3–4 hours,3–4 days/week,Yes,6–8 hours,3,4,4,2,3,3,3,2,4,4,3,3,3,Office hours clash with college time,Rarely,4,5,Synthetic
8/1/2026 4:49:15,"Yes, I agree to participate.",Above 25,Male,Kathmandu University,Law(LLB),4th Year,3.0–3.49,Less than 1,Below 60%,2,1-2,Less than 5,3–4 hours,3–4 days/week,Yes,6–8 hours,3,2,4,4,3,3,3,4,2,4,4,3,2,Not able to focus because of phone,Rarely,5,3,Synthetic
8/1/2026 5:42:04,"Yes, I agree to participate.",17-19,Female,Tribhuvan University,BSc CSIT,1st Year,3.5–4.0,3–4,71–80%,2,5-6,7–8,3–4 hours,1–2 days/week,Yes,More than 8 hours,3,5,1,1,1,5,4,2,3,5,1,2,4,Unsure ,Never,4,4,Synthetic
8/1/2026 7:19:36,"Yes, I agree to participate.",23-25,Male,Rajarshi Janak University,BBS,4th Year,3.5–4.0,1–2,81–90%,1,More than 6,5–6,5–6 hours,3–4 days/week,Yes,More than 8 hours,2,4,2,3,3,3,3,3,4,3,2,1,3,Deadlines,Sometimes,3,5,Synthetic
8/1/2026 7:55:54,"Yes, I agree to participate.",23-25,Male,Tribhuvan University,BCA,4th Year,3.0–3.49,Less than 1,60–70%,2,5-6,5–6,5–6 hours,Never,Yes,6–8 hours,3,4,2,2,2,4,3,1,5,5,3,1,4,"Career, jobs are very limited in Nepal",Never,4,3,Synthetic
8/1/2026 9:07:35,"Yes, I agree to participate.",20-22,Male,Tribhuvan University,BHM,3rd Year,2.0–2.49,Less than 1,60–70%,4,1-2,Less than 5,5–6 hours,Never,Yes,6–8 hours,5,4,4,5,4,2,2,5,1,1,5,5,2,Financial pressure because my family struggles to pay tuition,Often,3,1,Synthetic
8/1/2026 9:24:59,"Yes, I agree to participate.",17-19,Female,Tribhuvan University,BCA,2nd Year,2.0–2.49,Less than 1,Below 60%,4,5-6,7–8,1–2 hours,1–2 days/week,Yes,6–8 hours,5,2,5,5,4,2,1,5,1,2,5,5,2,Project submission deadlines clashing with exams,Often,5,1,Synthetic
8/1/2026 10:54:15,"Yes, I agree to participate.",23-25,Female,Purbanchal University,BSc Nursing,4th Year,2.0–2.49,1–2,71–80%,4,3-4,5–6,3–4 hours,3–4 days/week,No,6–8 hours,2,1,3,3,4,1,2,4,4,3,4,4,3,Future career,Rarely,5,3,Synthetic
8/1/2026 12:44:19,"Yes, I agree to participate.",23-25,Prefer not to say,Kathmandu University,MBBS,3rd Year,Not Available Yet,More than 6 hours,81–90%,2,5-6,5–6,3–4 hours,3–4 days/week,Yes,6–8 hours,5,3,2,2,1,4,4,1,4,4,1,1,3,"Balancing part-time job and classes, I don't get enough time to study",Rarely,3,2,Synthetic
8/1/2026 16:35:44,"Yes, I agree to participate.",20-22,Male,Tribhuvan University,BBS,2nd Year,3.0–3.49,5–6,71–80%,2,More than 6,More than 8,5–6 hours,1–2 days/week,No,More than 8 hours,1,4,2,1,2,5,3,2,4,4,2,3,4,"TU exam pattern, everything depends on final exam",Rarely,2,4,Synthetic
8/1/2026 22:17:21,"Yes, I agree to participate.",23-25,Prefer not to say,Other,MBBS,4th Year,3.0–3.49,3–4,81–90%,2,3-4,7–8,Less than 1 hour,Daily,No,Less than 3 hours,1,5,1,2,1,4,5,2,5,5,1,2,3,Semester project with weak team members,Never,3,4,Synthetic
8/2/2026 0:22:27,"Yes, I agree to participate.",23-25,Female,Pokhara University,BHM,4th Year,2.5–2.99,1–2,60–70%,4,3-4,7–8,1–2 hours,1–2 days/week,No,3–5 hours,4,3,2,3,3,3,3,3,4,4,3,2,3,"Procrastination, future",Sometimes,4,3,Synthetic
8/2/2026 1:53:44,"Yes, I agree to participate.",23-25,Female,Pokhara University,BHM,3rd Year,2.5–2.99,Less than 1,71–80%,2,1-2,5–6,3–4 hours,Never,Yes,6–8 hours,1,3,2,3,3,3,4,1,4,4,1,2,4,Future career,Sometimes,4,4,Synthetic
8/2/2026 3:17:29,"Yes, I agree to participate.",20-22,Female,Tribhuvan University,BSc Nursing,3rd Year,3.5–4.0,Less than 1,81–90%,2,More than 6,7–8,1–2 hours,3–4 days/week,No,6–8 hours,2,4,1,3,2,3,4,3,3,4,2,2,5,Ok,Sometimes,2,5,Synthetic
8/2/2026 5:26:44,"Yes, I agree to participate.",17-19,Female,Tribhuvan University,BSc Nursing,2nd Year,3.5–4.0,3–4,81–90%,3,3-4,5–6,1–2 hours,Daily,No,Less than 3 hours,3,4,2,2,2,5,3,2,4,5,1,2,4,Pressure to go abroad after graduation,Rarely,3,5,Synthetic
8/2/2026 6:10:50,"Yes, I agree to participate.",23-25,Female,Pokhara University,BHM,4th Year,3.5–4.0,5–6,71–80%,4,1-2,5–6,3–4 hours,5–6 days/week,Yes,6–8 hours,4,1,5,4,5,1,2,4,3,2,4,4,2,Working part time and studying at the same time,Rarely,2,3,Synthetic
8/2/2026 9:40:01,"Yes, I agree to participate.",23-25,Female,Madhyapaschim University,BCA,4th Year,2.5–2.99,1–2,81–90%,4,5-6,5–6,Less than 1 hour,Never,Yes,3–5 hours,5,2,5,5,4,2,3,4,4,1,4,3,2,Ok,Often,4,2,Synthetic
8/2/2026 10:25:21,"Yes, I agree to participate.",20-22,Male,Tribhuvan University,BDS,2nd Year,Not Available Yet,3–4,71–80%,3,3-4,5–6,1–2 hours,1–2 days/week,No,More than 8 hours,3,4,4,3,3,4,3,3,3,1,3,3,4,Board exams,Sometimes,2,2,Synthetic
8/2/2026 11:22:42,"Yes, I agree to participate.",20-22,Male,Tribhuvan University,BSc CSIT,1st Year,3.0–3.49,Less than 1,81–90%,2,1-2,More than 8,5–6 hours,3–4 days/week,No,More than 8 hours,3,4,1,2,2,3,4,4,4,5,1,1,4,Job market is competitive and many seniors are still unemployed,Rarely,1,4,Synthetic
8/2/2026 11:37:15,"Yes, I agree to participate.",20-22,Female,Tribhuvan University,BDS,4th Year,3.0–3.49,5–6,60–70%,5,5-6,Less than 5,3–4 hours,1–2 days/week,Yes,6–8 hours,3,2,4,4,4,3,2,5,1,2,5,4,2,Deadlines,Sometimes,3,5,Synthetic
8/2/2026 13:35:04,"Yes, I agree to participate.",23-25,Male,Purbanchal University,BCA,4th Year,2.0–2.49,1–2,81–90%,1,5-6,5–6,Less than 1 hour,3–4 days/week,Yes,Less than 3 hours,3,5,2,2,2,5,5,1,4,3,1,2,2,Working part time and studying at the same time,Rarely,2,3,Synthetic
8/2/2026 14:16:48,"Yes, I agree to participate.",20-22,Male,Sudurpaschim University,BSc CSIT,3rd Year,2.5–2.99,Less than 1,71–80%,3,3-4,5–6,1–2 hours,Never,Yes,6–8 hours,3,4,2,2,2,4,4,3,4,5,2,1,4,Pressure to go abroad after graduation,Rarely,2,4,Synthetic
8/2/2026 16:15:02,"Yes, I agree to participate.",23-25,Female,Other,BDS,3rd Year,3.5–4.0,1–2,Above 90%,2,More than 6,7–8,3–4 hours,3–4 days/week,No,More than 8 hours,3,3,3,2,2,2,3,3,4,3,3,3,4,Future ,Never,3,3,Synthetic
8/2/2026 16:53:57,"Yes, I agree to participate.",20-22,Male,Tribhuvan University,BSc CSIT,2nd Year,3.0–3.49,Less than 1,71–80%,3,1-2,More than 8,Less than 1 hour,3–4 days/week,No,3–5 hours,1,5,3,3,2,4,4,3,2,4,2,2,3,Maybe,Never,3,4,Synthetic
8/2/2026 21:18:57,"Yes, I agree to participate.",20-22,Female,Pokhara University,BE/B.Tech,4th Year,2.5–2.99,1–2,71–80%,3,3-4,5–6,3–4 hours,3–4 days/week,Yes,6–8 hours,2,2,2,4,2,3,2,2,2,4,2,3,5,"Exams, because the whole year's result depends on the final board exam",Rarely,2,3,Synthetic
8/2/2026 23:15:38,"Yes, I agree to participate.",23-25,Male,Tribhuvan University,BE/B.Tech,4th Year,3.5–4.0,3–4,81–90%,4,More than 6,Less than 5,5–6 hours,3–4 days/week,Yes,More than 8 hours,4,3,2,3,2,3,3,4,3,3,3,3,3,Unfair grading in internal marks,Sometimes,5,5,Synthetic
8/3/2026 3:20:09,"Yes, I agree to participate.",17-19,Male,Tribhuvan University,BCA,1st Year,3.5–4.0,5–6,71–80%,4,5-6,5–6,3–4 hours,Never,Yes,More than 8 hours,5,3,4,3,3,1,2,4,2,2,5,4,2,Unsure about future after graduation,Often,4,3,Synthetic
8/3/2026 3:51:47,"Yes, I agree to participate.",20-22,Female,Tribhuvan University,Agriculture,1st Year,Not Available Yet,Less than 1,81–90%,3,1-2,More than 8,3–4 hours,1–2 days/week,Yes,6–8 hours,2,3,4,2,4,3,5,2,4,4,3,3,3,Multiple assignments ,Often,3,2,Synthetic
8/3/2026 4:40:42,"Yes, I agree to participate.",20-22,Male,Pokhara University,BHM,4th Year,Below 2.0,1–2,60–70%,1,1-2,7–8,3–4 hours,Never,Yes,3–5 hours,1,3,3,4,3,3,2,4,2,1,3,5,2,Financial ,Very Often,2,2,Synthetic
8/3/2026 5:48:55,"Yes, I agree to participate.",20-22,Male,Rajarshi Janak University,Agriculture,1st Year,3.0–3.49,1–2,81–90%,2,3-4,7–8,3–4 hours,Never,No,6–8 hours,2,4,2,2,1,5,3,2,4,5,1,2,5,Assignments because multiple deadlines occur at the same time,Rarely,4,4,Synthetic
8/3/2026 8:02:47,"Yes, I agree to participate.",23-25,Male,Agriculture and Forestry University,Agriculture,4th Year,2.5–2.99,3–4,Below 60%,5,5-6,5–6,5–6 hours,Never,Yes,More than 8 hours,4,2,4,5,5,2,2,4,1,2,3,4,3,Pressure to go abroad after graduation,Very Often,5,3,Synthetic
8/3/2026 10:17:44,"Yes, I agree to participate.",Above 25,Male,Tribhuvan University,BSc CSIT,4th Year,2.5–2.99,Less than 1,81–90%,1,1-2,7–8,1–2 hours,Daily,Yes,6–8 hours,1,4,1,1,2,5,5,1,3,4,2,2,4,Job ,Never,2,4,Synthetic
8/3/2026 10:36:00,"Yes, I agree to participate.",23-25,Male,Tribhuvan University,Agriculture,4th Year,3.5–4.0,3–4,60–70%,3,5-6,5–6,1–2 hours,Never,Yes,6–8 hours,3,3,3,3,2,4,4,3,4,1,2,2,2,"Project submission deadlines clashing with exams, outdated syllabus and theory heavy teaching",Often,3,5,Synthetic
8/3/2026 10:41:03,"Yes, I agree to participate.",Above 25,Female,Kathmandu University,MBBS,3rd Year,3.0–3.49,3–4,71–80%,2,1-2,5–6,5–6 hours,3–4 days/week,No,6–8 hours,2,5,3,3,3,3,4,3,3,3,1,2,3,Pressure to go abroad after graduation,Sometimes,3,4,Synthetic
8/3/2026 11:01:37,"Yes, I agree to participate.",20-22,Male,Tribhuvan University,BSc CSIT,3rd Year,2.5–2.99,Less than 1,Below 60%,2,5-6,5–6,1–2 hours,5–6 days/week,Yes,3–5 hours,4,5,2,1,1,5,4,3,5,4,1,2,5,Unfair grading in internal marks,Never,2,3,Synthetic
8/3/2026 12:45:54,"Yes, I agree to participate.",Above 25,Male,Kathmandu University,BDS,4th Year,3.0–3.49,5–6,71–80%,3,More than 6,7–8,3–4 hours,1–2 days/week,No,More than 8 hours,2,4,3,3,2,2,3,5,3,3,3,4,5,Board exams,Very Often,4,4,Synthetic
8/3/2026 17:28:46,"Yes, I agree to participate.",20-22,Female,Kathmandu University,MBBS,3rd Year,3.5–4.0,More than 6 hours,81–90%,2,1-2,7–8,1–2 hours,5–6 days/week,Yes,6–8 hours,4,4,2,1,2,3,5,2,5,4,1,2,4,"Balancing part-time job and classes, I don't get enough time to study",Sometimes,2,5,Synthetic
8/3/2026 18:33:57,"Yes, I agree to participate.",17-19,Male,Other,BDS,2nd Year,3.0–3.49,3–4,71–80%,1,1-2,More than 8,3–4 hours,5–6 days/week,No,6–8 hours,1,5,2,1,2,3,5,1,4,5,1,1,4,Not able to focus because of phone,Never,2,4,Synthetic
8/3/2026 19:06:31,"Yes, I agree to participate.",23-25,Male,Purbanchal University,BCA,4th Year,2.0–2.49,1–2,Below 60%,2,1-2,7–8,3–4 hours,3–4 days/week,No,More than 8 hours,2,4,2,2,2,5,5,1,5,5,1,3,4,"Career, jobs are very limited in Nepal",Never,4,4,Synthetic
8/3/2026 23:11:14,"Yes, I agree to participate.",20-22,Female,Tribhuvan University,BBS,4th Year,2.0–2.49,Less than 1,60–70%,5,3-4,Less than 5,3–4 hours,1–2 days/week,No,3–5 hours,3,2,4,5,5,2,1,5,3,2,5,5,1,Family pressure,Very Often,4,4,Synthetic
8/3/2026 23:29:40,"Yes, I agree to participate.",23-25,Female,Tribhuvan University,BSc CSIT,4th Year,3.5–4.0,3–4,Above 90%,1,1-2,More than 8,3–4 hours,1–2 days/week,Yes,6–8 hours,5,2,3,2,2,3,4,2,4,3,1,3,5,"Career, jobs are very limited in Nepal",Sometimes,2,5,Synthetic
8/4/2026 0:30:58,"Yes, I agree to participate.",23-25,Male,Tribhuvan University,MBBS,3rd Year,2.5–2.99,1–2,71–80%,3,3-4,5–6,3–4 hours,5–6 days/week,No,More than 8 hours,1,5,2,2,1,4,4,1,5,5,2,1,4,Result delays and session delays in university,Rarely,3,5,Synthetic
8/4/2026 1:09:24,"Yes, I agree to participate.",20-22,Male,Tribhuvan University,BSc Nursing,2nd Year,3.5–4.0,5–6,60–70%,3,3-4,5–6,3–4 hours,1–2 days/week,No,6–8 hours,4,2,5,3,4,2,3,4,2,1,5,4,2,Deadlines,Very Often,2,4,Synthetic
8/4/2026 1:28:49,"Yes, I agree to participate.",20-22,Female,Tribhuvan University,BSc CSIT,3rd Year,3.5–4.0,3–4,Above 90%,2,3-4,5–6,3–4 hours,Never,Yes,More than 8 hours,3,3,1,1,2,5,4,2,4,5,3,2,4,Assignment ,Never,3,4,Synthetic
8/4/2026 3:17:26,"Yes, I agree to participate.",23-25,Female,Tribhuvan University,Law(LLB),5th Year,3.5–4.0,3–4,81–90%,4,1-2,7–8,5–6 hours,Never,No,More than 8 hours,3,4,5,5,4,1,3,4,2,1,5,5,3,"Future, assignments because multiple deadlines occur at the same time",Sometimes,3,3,Synthetic
8/4/2026 4:02:11,"Yes, I agree to participate.",17-19,Prefer not to say,Pokhara University,BHM,1st Year,Not Available Yet,1–2,60–70%,4,More than 6,7–8,3–4 hours,5–6 days/week,Yes,More than 8 hours,4,4,2,2,3,4,4,3,3,3,2,1,2,Financial pressure because my family struggles to pay tuition,Rarely,3,3,Synthetic
8/4/2026 7:10:28,"Yes, I agree to participate.",Above 25,Female,Purbanchal University,BCA,4th Year,Not Available Yet,Less than 1,60–70%,2,More than 6,7–8,3–4 hours,1–2 days/week,No,6–8 hours,2,4,3,3,2,3,5,1,3,4,3,2,3,"Internal assessments and assignments piling up together, unsure about future after graduation",Rarely,3,3,Synthetic
8/4/2026 14:28:53,"Yes, I agree to participate.",23-25,Female,Other,MBBS,4th Year,3.5–4.0,3–4,Above 90%,2,3-4,5–6,3–4 hours,1–2 days/week,Yes,6–8 hours,3,3,2,2,1,3,3,2,4,4,2,1,5,"Balancing money and education, future",Sometimes,5,4,Synthetic
8/4/2026 14:35:46,"Yes, I agree to participate.",20-22,Prefer not to say,Pokhara University,BHM,4th Year,2.5–2.99,3–4,60–70%,5,3-4,5–6,3–4 hours,5–6 days/week,No,More than 8 hours,5,4,5,4,4,1,2,4,2,2,5,4,1,Frustration ,Often,4,4,Synthetic
8/4/2026 18:59:44,"Yes, I agree to participate.",23-25,Female,Madhyapaschim University,BCA,4th Year,3.5–4.0,3–4,71–80%,1,1-2,5–6,3–4 hours,Daily,Yes,6–8 hours,3,2,2,2,2,5,5,1,5,5,1,2,3,Not able to focus because of phone,Never,5,3,Synthetic
8/4/2026 22:20:29,"Yes, I agree to participate.",20-22,Female,Tribhuvan University,BBS,3rd Year,3.5–4.0,3–4,81–90%,4,3-4,5–6,Less than 1 hour,1–2 days/week,Yes,6–8 hours,4,4,3,3,3,3,4,3,2,3,3,1,3,Project submission deadlines clashing with exams,Often,3,4,Synthetic
8/4/2026 23:03:11,"Yes, I agree to participate.",23-25,Male,Sudurpaschim University,BSc CSIT,3rd Year,3.0–3.49,5–6,60–70%,2,3-4,Less than 5,3–4 hours,Never,Yes,More than 8 hours,3,2,4,3,3,1,2,4,2,1,3,3,1,Money,Sometimes,3,4,Synthetic
8/5/2026 2:14:10,"Yes, I agree to participate.",20-22,Male,Kathmandu University,BDS,3rd Year,3.5–4.0,More than 6 hours,Above 90%,4,3-4,5–6,More than 6 hours,3–4 days/week,No,More than 8 hours,4,2,5,4,5,1,1,5,1,2,4,5,1,Lack of discipline and too much screen time,Often,2,3,Synthetic
8/5/2026 2:57:19,"Yes, I agree to participate.",20-22,Male,Tribhuvan University,MBBS,4th Year,3.5–4.0,5–6,71–80%,3,5-6,5–6,3–4 hours,1–2 days/week,No,6–8 hours,3,2,4,4,3,2,3,2,3,3,4,3,3,Future career concerns because I am unsure about job opportunities,Often,3,3,Synthetic
8/5/2026 3:05:18,"Yes, I agree to participate.",20-22,Female,Tribhuvan University,BSc CSIT,4th Year,3.0–3.49,3–4,Above 90%,2,5-6,More than 8,3–4 hours,3–4 days/week,Yes,6–8 hours,3,5,1,1,2,5,4,1,4,5,1,2,4,Tuition fees and hostel expenses,Rarely,2,4,Synthetic
8/5/2026 5:28:54,"Yes, I agree to participate.",20-22,Female,Other,BSc Nursing,2nd Year,3.0–3.49,Less than 1,71–80%,2,3-4,7–8,3–4 hours,Never,No,3–5 hours,5,5,3,2,3,3,3,2,3,3,2,3,3,Frustration ,Sometimes,3,4,Synthetic
8/5/2026 7:25:46,"Yes, I agree to participate.",23-25,Male,Tribhuvan University,Law(LLB),2nd Year,2.5–2.99,1–2,81–90%,4,5-6,5–6,3–4 hours,1–2 days/week,No,More than 8 hours,2,2,4,4,4,2,3,3,3,3,4,3,2,"Deadlines, unfair grading in internal marks",Sometimes,4,3,Synthetic
8/5/2026 11:28:12,"Yes, I agree to participate.",20-22,Female,Kathmandu University,MBBS,3rd Year,3.0–3.49,5–6,71–80%,5,5-6,Less than 5,5–6 hours,1–2 days/week,No,6–8 hours,5,2,4,5,5,1,3,5,2,2,4,4,1,Board exams,Very Often,4,2,Synthetic
8/5/2026 14:11:12,"Yes, I agree to participate.",17-19,Female,Sudurpaschim University,BCA,2nd Year,3.5–4.0,3–4,71–80%,3,3-4,5–6,Less than 1 hour,1–2 days/week,Yes,Less than 3 hours,3,2,3,3,3,3,2,4,3,1,3,3,4,Career,Rarely,4,5,Synthetic
8/5/2026 15:15:11,"Yes, I agree to participate.",20-22,Female,Other,BDS,2nd Year,2.5–2.99,3–4,60–70%,5,3-4,Less than 5,5–6 hours,1–2 days/week,No,6–8 hours,4,1,5,4,5,2,1,4,2,1,5,5,1,Frequent internal exams and practicals,Often,5,3,Synthetic
8/5/2026 19:29:48,"Yes, I agree to participate.",20-22,Female,Tribhuvan University,Law(LLB),4th Year,3.5–4.0,3–4,Above 90%,2,3-4,5–6,3–4 hours,3–4 days/week,No,6–8 hours,3,3,2,2,1,4,3,3,4,4,2,2,3,Not able to focus because of phone,Rarely,4,4,Synthetic
8/5/2026 21:50:13,"Yes, I agree to participate.",23-25,Female,Other,MBBS,4th Year,3.0–3.49,1–2,Above 90%,3,More than 6,5–6,5–6 hours,1–2 days/week,No,More than 8 hours,2,5,2,2,1,4,3,3,3,4,2,1,4,Unfair grading in internal marks,Rarely,3,4,Synthetic
8/6/2026 2:10:34,"Yes, I agree to participate.",20-22,Female,Tribhuvan University,BCA,3rd Year,2.0–2.49,5–6,71–80%,4,3-4,Less than 5,More than 6 hours,Never,No,More than 8 hours,4,2,4,4,4,1,2,5,2,2,5,4,2,Yes,Very Often,5,1,Synthetic
8/6/2026 2:20:57,"Yes, I agree to participate.",20-22,Female,Tribhuvan University,BSc CSIT,3rd Year,2.0–2.49,Less than 1,60–70%,4,3-4,Less than 5,1–2 hours,Never,Yes,3–5 hours,4,2,4,4,4,3,2,5,1,2,4,4,3,Future career concerns because I am unsure about job opportunities,Sometimes,5,3,Synthetic
8/6/2026 2:42:14,"Yes, I agree to participate.",20-22,Male,Tribhuvan University,BCA,1st Year,Not Available Yet,1–2,60–70%,1,5-6,7–8,3–4 hours,3–4 days/week,Yes,6–8 hours,3,3,1,2,2,4,4,2,4,4,2,2,3,Tuition fees and hostel expenses,Rarely,2,3,Synthetic
8/6/2026 5:29:44,"Yes, I agree to participate.",20-22,Female,Tribhuvan University,BCA,1st Year,2.5–2.99,1–2,60–70%,3,More than 6,5–6,3–4 hours,1–2 days/week,Yes,6–8 hours,3,2,3,4,5,3,3,3,3,3,3,3,3,Time management,Often,4,2,Synthetic
8/6/2026 6:15:51,"Yes, I agree to participate.",20-22,Male,Tribhuvan University,BCA,3rd Year,3.5–4.0,More than 6 hours,81–90%,3,1-2,7–8,1–2 hours,1–2 days/week,Yes,More than 8 hours,4,3,2,3,3,4,3,2,4,3,3,2,4,Board exams,Rarely,3,4,Synthetic
8/6/2026 22:31:37,"Yes, I agree to participate.",20-22,Female,Pokhara University,BHM,4th Year,3.5–4.0,3–4,81–90%,1,3-4,5–6,Less than 1 hour,1–2 days/week,Yes,6–8 hours,2,2,3,2,3,3,4,2,4,4,2,2,4,Tuition fees and hostel expenses,Rarely,4,5,Synthetic
8/6/2026 23:52:45,"Yes, I agree to participate.",23-25,Prefer not to say,Tribhuvan University,BHM,4th Year,2.5–2.99,Less than 1,Below 60%,2,5-6,More than 8,1–2 hours,3–4 days/week,Yes,Less than 3 hours,3,2,2,2,1,4,5,1,4,4,1,2,4,Future career concerns because I am unsure about job opportunities,Sometimes,2,4,Synthetic
8/7/2026 0:04:22,"Yes, I agree to participate.",23-25,Prefer not to say,Tribhuvan University,BDS,5th Year,3.5–4.0,3–4,81–90%,1,5-6,5–6,1–2 hours,1–2 days/week,Yes,3–5 hours,3,3,1,2,1,5,4,1,4,4,1,2,5,Frequent internal exams and practicals,Never,3,4,Synthetic
8/7/2026 0:19:21,"Yes, I agree to participate.",17-19,Female,Purbanchal University,BSc Nursing,2nd Year,2.5–2.99,1–2,60–70%,2,3-4,7–8,3–4 hours,Never,Yes,6–8 hours,4,5,3,2,4,4,2,2,3,3,2,3,3,Not able to focus because of phone,Never,4,5,Synthetic
8/7/2026 2:42:45,"Yes, I agree to participate.",20-22,Female,Rajarshi Janak University,BSc CSIT,1st Year,3.5–4.0,5–6,71–80%,4,3-4,Less than 5,3–4 hours,1–2 days/week,No,More than 8 hours,3,2,4,4,4,2,1,2,3,2,4,4,4,Job market is competitive and many seniors are still unemployed,Very Often,4,4,Synthetic
8/7/2026 5:50:33,"Yes, I agree to participate.",20-22,Female,Tribhuvan University,BHM,3rd Year,2.0–2.49,Less than 1,60–70%,3,More than 6,5–6,3–4 hours,1–2 days/week,Yes,More than 8 hours,2,3,1,1,1,5,5,2,5,4,2,2,5,Financial pressure because my family struggles to pay tuition,Rarely,1,3,Synthetic
8/7/2026 8:29:46,"Yes, I agree to participate.",20-22,Male,Tribhuvan University,MBBS,3rd Year,3.5–4.0,5–6,71–80%,1,More than 6,7–8,1–2 hours,5–6 days/week,Yes,More than 8 hours,3,4,1,1,2,4,4,1,4,5,2,1,5,Pressure to go abroad after graduation,Rarely,4,5,Synthetic
8/7/2026 10:03:28,"Yes, I agree to participate.",20-22,Male,Tribhuvan University,BE/B.Tech,2nd Year,3.5–4.0,3–4,81–90%,2,3-4,Less than 5,5–6 hours,3–4 days/week,Yes,More than 8 hours,3,4,2,1,3,5,4,2,3,3,2,3,4,Assignment ,Rarely,2,4,Synthetic
8/7/2026 10:59:40,"Yes, I agree to participate.",20-22,Female,Other,BSc Nursing,3rd Year,3.0–3.49,5–6,Above 90%,3,5-6,7–8,1–2 hours,3–4 days/week,No,6–8 hours,2,3,4,3,4,2,2,4,2,2,3,4,1,Financial ,Sometimes,5,5,Synthetic
8/7/2026 13:18:47,"Yes, I agree to participate.",20-22,Female,Tribhuvan University,BSc CSIT,3rd Year,3.5–4.0,3–4,Above 90%,3,More than 6,7–8,1–2 hours,5–6 days/week,Yes,6–8 hours,3,3,2,2,2,3,4,2,4,4,2,2,5,Job ,Rarely,2,5,Synthetic
8/7/2026 14:20:51,"Yes, I agree to participate.",20-22,Female,Kathmandu University,BDS,5th Year,3.0–3.49,1–2,71–80%,4,More than 6,7–8,5–6 hours,Never,No,More than 8 hours,3,5,5,4,4,1,1,5,2,2,5,5,2,Time management,Very Often,4,3,Synthetic
8/7/2026 15:32:36,"Yes, I agree to participate.",23-25,Prefer not to say,Tribhuvan University,BCA,4th Year,3.5–4.0,1–2,81–90%,1,More than 6,7–8,3–4 hours,5–6 days/week,Yes,6–8 hours,2,4,3,3,3,4,5,1,4,4,1,3,4,"Future career concerns because I am unsure about job opportunities, balancing part-time job and classes, i don't get enough time to study",Sometimes,2,4,Synthetic
8/7/2026 17:16:54,"Yes, I agree to participate.",23-25,Female,Other,BSc Nursing,2nd Year,Below 2.0,3–4,71–80%,4,1-2,5–6,5–6 hours,1–2 days/week,No,6–8 hours,3,3,4,5,4,1,4,4,2,2,4,4,3,Lack of practical classes and resources,Very Often,4,2,Synthetic
8/7/2026 22:53:15,"Yes, I agree to participate.",20-22,Female,Tribhuvan University,BHM,3rd Year,2.5–2.99,1–2,71–80%,3,1-2,5–6,5–6 hours,3–4 days/week,Yes,6–8 hours,1,5,3,3,4,3,3,4,2,3,3,3,2,Outdated syllabus and theory heavy teaching,Never,3,3,Synthetic
8/8/2026 0:45:04,"Yes, I agree to participate.",20-22,Female,Kathmandu University,BSc Nursing,1st Year,Not Available Yet,3–4,71–80%,1,5-6,7–8,3–4 hours,1–2 days/week,No,6–8 hours,2,3,3,3,3,3,4,3,3,4,2,3,3,Financial pressure ,Sometimes,4,5,Synthetic
8/8/2026 3:07:35,"Yes, I agree to participate.",20-22,Female,Pokhara University,BHM,2nd Year,2.5–2.99,3–4,71–80%,4,3-4,Less than 5,More than 6 hours,1–2 days/week,Yes,6–8 hours,5,3,4,5,5,3,1,5,3,1,5,5,1,Multiple assignments ,Often,5,4,Synthetic
8/8/2026 6:44:35,"Yes, I agree to participate.",20-22,Male,Purbanchal University,BCA,4th Year,3.0–3.49,1–2,60–70%,2,5-6,7–8,5–6 hours,5–6 days/week,Yes,More than 8 hours,2,2,1,2,2,4,4,2,3,5,2,1,5,Too many assignments and lab reports with the same deadline,Never,2,5,Synthetic
8/8/2026 7:32:04,"Yes, I agree to participate.",20-22,Female,Other,BDS,2nd Year,3.5–4.0,More than 6 hours,71–80%,1,3-4,7–8,1–2 hours,1–2 days/week,No,More than 8 hours,3,3,3,4,1,3,3,3,4,4,2,2,4,Career,Sometimes,4,5,Synthetic
8/8/2026 10:03:33,"Yes, I agree to participate.",23-25,Female,Other,BSc Nursing,4th Year,3.5–4.0,3–4,81–90%,4,More than 6,7–8,3–4 hours,3–4 days/week,No,More than 8 hours,3,1,2,3,2,4,3,3,3,2,3,2,4,Exams ,Often,4,5,Synthetic
8/8/2026 10:46:44,"Yes, I agree to participate.",17-19,Female,Other,BDS,1st Year,Not Available Yet,1–2,71–80%,4,5-6,Less than 5,More than 6 hours,Never,Yes,More than 8 hours,2,3,3,3,3,3,2,3,4,3,4,4,3,Pressure to go abroad after graduation,Sometimes,3,3,Synthetic
8/8/2026 11:01:02,"Yes, I agree to participate.",23-25,Female,Tribhuvan University,MBBS,4th Year,3.0–3.49,3–4,60–70%,5,1-2,7–8,3–4 hours,1–2 days/week,Yes,More than 8 hours,4,1,4,4,5,2,3,4,4,1,4,4,3,Stress,Often,5,2,Synthetic
8/8/2026 13:19:48,"Yes, I agree to participate.",20-22,Female,Other,BSc Nursing,4th Year,3.0–3.49,1–2,60–70%,2,3-4,5–6,Less than 1 hour,1–2 days/week,No,Less than 3 hours,2,3,1,2,2,4,3,3,4,3,1,2,5,Unfair grading in internal marks,Rarely,3,5,Synthetic
8/8/2026 16:23:53,"Yes, I agree to participate.",17-19,Female,Tribhuvan University,BCA,1st Year,Not Available Yet,1–2,60–70%,4,More than 6,5–6,3–4 hours,5–6 days/week,Yes,6–8 hours,5,2,4,4,4,2,1,3,3,2,5,4,2,Paying semester fees while living in Kathmandu is hard,Often,5,3,Synthetic
8/8/2026 18:29:17,"Yes, I agree to participate.",23-25,Female,Tribhuvan University,Agriculture,2nd Year,3.5–4.0,1–2,81–90%,2,1-2,5–6,3–4 hours,3–4 days/week,Yes,6–8 hours,3,4,2,3,3,4,3,2,5,3,3,2,3,Time management,Rarely,4,5,Synthetic
8/8/2026 19:03:22,"Yes, I agree to participate.",Above 25,Prefer not to say,Tribhuvan University,BSc CSIT,4th Year,3.0–3.49,3–4,81–90%,2,3-4,5–6,3–4 hours,3–4 days/week,No,6–8 hours,3,4,4,4,3,3,2,4,3,1,4,3,3,Frequent internal exams and practicals,Often,5,4,Synthetic
8/8/2026 20:10:14,"Yes, I agree to participate.",20-22,Female,Tribhuvan University,MBBS,2nd Year,3.0–3.49,1–2,60–70%,2,3-4,More than 8,3–4 hours,1–2 days/week,No,More than 8 hours,1,5,2,2,1,3,4,2,4,4,2,1,4,Assignments because multiple deadlines occur at the same time,Never,2,4,Synthetic
8/8/2026 22:02:01,"Yes, I agree to participate.",23-25,Female,Purbanchal University,BCA,3rd Year,3.0–3.49,3–4,81–90%,3,3-4,More than 8,1–2 hours,5–6 days/week,Yes,3–5 hours,4,4,2,1,3,3,5,1,3,4,2,1,3,Job ,Rarely,3,4,Synthetic
8/8/2026 22:34:18,"Yes, I agree to participate.",17-19,Female,Sudurpaschim University,BCA,1st Year,Not Available Yet,3–4,60–70%,4,3-4,Less than 5,1–2 hours,3–4 days/week,Yes,6–8 hours,5,3,5,4,5,1,1,4,2,1,5,5,2,Assignment ,Often,4,3,Synthetic
8/8/2026 23:22:15,"Yes, I agree to participate.",23-25,Female,Kathmandu University,BDS,5th Year,3.5–4.0,5–6,Above 90%,1,3-4,More than 8,3–4 hours,3–4 days/week,No,6–8 hours,4,4,1,2,1,4,5,1,4,4,1,2,5,Money,Rarely,3,5,Synthetic
8/9/2026 3:11:11,"Yes, I agree to participate.",17-19,Male,Sudurpaschim University,BBS,2nd Year,2.5–2.99,3–4,71–80%,3,5-6,7–8,Less than 1 hour,3–4 days/week,No,6–8 hours,3,3,2,3,2,3,3,1,3,4,2,2,3,"Procrastination, assignment",Rarely,2,4,Synthetic
8/9/2026 4:34:09,"Yes, I agree to participate.",Above 25,Male,Tribhuvan University,Law(LLB),4th Year,2.5–2.99,3–4,81–90%,3,5-6,More than 8,3–4 hours,1–2 days/week,Yes,6–8 hours,3,2,3,4,3,4,3,2,2,3,3,2,3,Tuition fees and hostel expenses,Rarely,5,3,Synthetic
8/9/2026 5:24:27,"Yes, I agree to participate.",20-22,Male,Rajarshi Janak University,BCA,3rd Year,3.0–3.49,1–2,71–80%,4,3-4,7–8,5–6 hours,1–2 days/week,No,More than 8 hours,3,3,3,4,4,1,2,5,3,1,5,4,1,Frequent internal exams and practicals,Very Often,3,3,Synthetic
8/9/2026 7:35:36,"Yes, I agree to participate.",23-25,Female,Agriculture and Forestry University,Agriculture,4th Year,3.0–3.49,3–4,71–80%,1,5-6,5–6,3–4 hours,Daily,Yes,6–8 hours,2,4,1,2,2,4,4,1,5,4,2,2,4,Unsure about future after graduation,Rarely,3,5,Synthetic
8/9/2026 8:06:43,"Yes, I agree to participate.",20-22,Female,Tribhuvan University,BBS,3rd Year,3.0–3.49,1–2,60–70%,2,1-2,5–6,5–6 hours,3–4 days/week,Yes,More than 8 hours,2,2,3,3,4,3,3,4,3,2,3,4,3,Study management,Very Often,3,5,Synthetic
8/9/2026 9:10:05,"Yes, I agree to participate.",17-19,Female,Other,BDS,3rd Year,2.5–2.99,1–2,81–90%,3,3-4,5–6,3–4 hours,Never,No,6–8 hours,3,2,5,3,4,1,1,5,1,1,4,5,2,Paying semester fees while living in Kathmandu is hard,Often,4,3,Synthetic
8/9/2026 9:50:28,"Yes, I agree to participate.",23-25,Female,Tribhuvan University,BSc CSIT,4th Year,Not Available Yet,1–2,71–80%,2,3-4,5–6,5–6 hours,3–4 days/week,No,More than 8 hours,2,3,3,4,3,4,2,3,3,3,4,3,2,Pressure to go abroad after graduation,Often,3,2,Synthetic
8/9/2026 10:02:00,"Yes, I agree to participate.",20-22,Male,Tribhuvan University,Agriculture,1st Year,3.5–4.0,1–2,Below 60%,2,3-4,Less than 5,3–4 hours,3–4 days/week,No,Less than 3 hours,3,1,2,2,2,4,4,3,4,4,2,3,5,Maybe,Rarely,3,5,Synthetic
8/9/2026 13:35:55,"Yes, I agree to participate.",23-25,Male,Other,BDS,4th Year,3.5–4.0,More than 6 hours,Above 90%,2,1-2,5–6,1–2 hours,3–4 days/week,No,6–8 hours,1,4,2,3,2,4,5,2,4,3,2,3,4,Parents compare me with relatives and toppers,Rarely,5,5,Synthetic
8/9/2026 13:37:52,"Yes, I agree to participate.",23-25,Male,Tribhuvan University,BSc Nursing,4th Year,2.5–2.99,5–6,71–80%,4,3-4,7–8,Less than 1 hour,1–2 days/week,Yes,3–5 hours,3,2,4,5,5,2,1,5,3,2,3,5,2,Semester project with weak team members,Often,3,3,Synthetic
8/9/2026 15:28:17,"Yes, I agree to participate.",23-25,Male,Tribhuvan University,BSc CSIT,3rd Year,3.0–3.49,1–2,71–80%,2,5-6,More than 8,3–4 hours,1–2 days/week,Yes,More than 8 hours,1,3,2,2,1,4,5,1,4,5,2,1,4,Deadlines,Never,1,5,Synthetic
8/9/2026 16:40:18,"Yes, I agree to participate.",23-25,Prefer not to say,Tribhuvan University,MBBS,3rd Year,3.0–3.49,1–2,71–80%,2,5-6,7–8,3–4 hours,3–4 days/week,No,3–5 hours,2,2,3,2,2,4,4,1,4,4,2,1,4,Maybe,Rarely,2,4,Synthetic
8/9/2026 17:29:00,"Yes, I agree to participate.",17-19,Male,Agriculture and Forestry University,Agriculture,1st Year,2.5–2.99,1–2,60–70%,2,5-6,More than 8,5–6 hours,3–4 days/week,Yes,More than 8 hours,2,3,2,3,2,3,4,2,4,4,3,1,3,Working part time and studying at the same time,Often,4,3,Synthetic
8/9/2026 21:51:24,"Yes, I agree to participate.",20-22,Prefer not to say,Agriculture and Forestry University,Agriculture,2nd Year,3.5–4.0,1–2,60–70%,3,5-6,5–6,1–2 hours,5–6 days/week,No,More than 8 hours,3,3,2,1,2,4,3,1,4,4,2,2,2,Job market is competitive and many seniors are still unemployed,Never,3,5,Synthetic
8/10/2026 1:09:54,"Yes, I agree to participate.",23-25,Female,Tribhuvan University,BBS,3rd Year,Below 2.0,1–2,60–70%,4,3-4,7–8,3–4 hours,Never,Yes,6–8 hours,2,2,5,3,4,1,2,5,3,1,4,4,2,Nothing much,Sometimes,4,1,Synthetic
8/10/2026 2:32:18,"Yes, I agree to participate.",20-22,Female,Tribhuvan University,BHM,3rd Year,3.5–4.0,More than 6 hours,81–90%,1,5-6,7–8,5–6 hours,3–4 days/week,No,More than 8 hours,3,2,2,2,4,4,4,2,3,4,3,2,2,Financial pressure because my family struggles to pay tuition,Sometimes,2,4,Synthetic
8/10/2026 5:24:49,"Yes, I agree to participate.",23-25,Male,Tribhuvan University,MBBS,3rd Year,2.5–2.99,5–6,60–70%,4,5-6,5–6,3–4 hours,Never,No,More than 8 hours,4,4,5,5,4,2,3,5,2,1,4,5,3,"TU exam pattern, everything depends on final exam",Often,4,2,Synthetic
8/10/2026 7:36:52,"Yes, I agree to participate.",17-19,Prefer not to say,Agriculture and Forestry University,Agriculture,2nd Year,2.0–2.49,3–4,71–80%,4,3-4,5–6,1–2 hours,3–4 days/week,Yes,6–8 hours,3,3,3,3,4,3,1,4,3,3,4,4,4,Exam routine keeps changing and results come very late,Sometimes,2,3,Synthetic
8/10/2026 11:48:32,"Yes, I agree to participate.",17-19,Female,Tribhuvan University,BCA,1st Year,2.5–2.99,1–2,71–80%,3,3-4,7–8,5–6 hours,Daily,No,More than 8 hours,2,3,2,1,1,5,5,1,5,5,1,3,5,Board exams,Never,4,5,Synthetic
8/10/2026 18:02:07,"Yes, I agree to participate.",20-22,Female,Other,BSc Nursing,4th Year,3.0–3.49,1–2,60–70%,3,3-4,5–6,1–2 hours,Daily,No,6–8 hours,5,3,3,3,3,3,3,3,3,4,3,3,4,Unsure ,Often,3,4,Synthetic
8/10/2026 18:19:54,"Yes, I agree to participate.",23-25,Female,Agriculture and Forestry University,Agriculture,3rd Year,3.5–4.0,1–2,60–70%,4,3-4,5–6,5–6 hours,3–4 days/week,Yes,More than 8 hours,4,1,5,4,5,1,2,5,1,1,5,4,3,Pressure to go abroad after graduation,Sometimes,3,4,Synthetic
8/11/2026 3:06:25,"Yes, I agree to participate.",20-22,Prefer not to say,Sudurpaschim University,BSc CSIT,4th Year,2.0–2.49,5–6,60–70%,3,3-4,Less than 5,5–6 hours,1–2 days/week,No,More than 8 hours,3,2,3,4,4,2,2,4,3,2,4,4,1,Procrastination,Often,5,2,Synthetic
8/11/2026 4:51:31,"Yes, I agree to participate.",Above 25,Male,Tribhuvan University,MBBS,5th Year,3.5–4.0,5–6,Above 90%,3,5-6,Less than 5,More than 6 hours,3–4 days/week,No,More than 8 hours,4,5,4,4,3,3,1,3,4,2,4,3,2,Lack of discipline and too much screen time,Sometimes,3,4,Synthetic
8/11/2026 10:21:37,"Yes, I agree to participate.",23-25,Female,Tribhuvan University,BE/B.Tech,4th Year,2.0–2.49,Less than 1,60–70%,4,3-4,5–6,1–2 hours,3–4 days/week,Yes,More than 8 hours,4,4,4,5,5,1,2,4,3,2,5,4,2,Lack of practical classes and resources,Often,5,1,Synthetic
8/11/2026 10:56:08,"Yes, I agree to participate.",Above 25,Male,Tribhuvan University,BBS,4th Year,3.0–3.49,1–2,71–80%,4,1-2,Less than 5,3–4 hours,1–2 days/week,No,6–8 hours,3,1,3,3,3,1,3,3,4,3,3,3,1,Deadlines,Often,4,4,Synthetic
8/11/2026 11:23:57,"Yes, I agree to participate.",20-22,Female,Tribhuvan University,BSc CSIT,4th Year,3.0–3.49,Less than 1,Below 60%,1,3-4,7–8,1–2 hours,1–2 days/week,Yes,3–5 hours,4,5,3,3,3,2,2,4,3,3,3,3,3,Office hours clash with college time,Rarely,3,4,Synthetic
8/11/2026 15:07:42,"Yes, I agree to participate.",Above 25,Female,Tribhuvan University,BHM,4th Year,3.5–4.0,5–6,Above 90%,4,5-6,5–6,3–4 hours,1–2 days/week,No,6–8 hours,1,3,2,3,4,3,3,3,4,3,2,4,3,Frustration ,Often,4,5,Synthetic
8/11/2026 16:03:03,"Yes, I agree to participate.",23-25,Female,Agriculture and Forestry University,Agriculture,4th Year,2.5–2.99,1–2,Below 60%,3,3-4,5–6,3–4 hours,3–4 days/week,No,6–8 hours,5,2,4,3,3,3,4,3,2,4,3,2,1,Deadlines,Sometimes,3,3,Synthetic
8/11/2026 16:16:21,"Yes, I agree to participate.",20-22,Male,Tribhuvan University,BCA,1st Year,3.0–3.49,1–2,81–90%,5,5-6,7–8,Less than 1 hour,Never,No,3–5 hours,2,4,3,3,3,3,3,3,5,3,2,3,3,Pressure to go abroad after graduation,Sometimes,3,4,Synthetic
8/11/2026 16:17:06,"Yes, I agree to participate.",20-22,Male,Purbanchal University,Agriculture,1st Year,Not Available Yet,5–6,81–90%,5,5-6,7–8,Less than 1 hour,Never,No,3–5 hours,4,2,4,5,5,2,2,4,2,2,4,5,2,Multiple assignments ,Often,4,3,Synthetic
8/11/2026 16:53:51,"Yes, I agree to participate.",Above 25,Female,Agriculture and Forestry University,Agriculture,4th Year,Not Available Yet,1–2,81–90%,1,3-4,More than 8,3–4 hours,5–6 days/week,Yes,More than 8 hours,3,5,1,1,2,5,5,1,5,5,1,1,3,Unfair grading in internal marks,Rarely,1,3,Synthetic
8/11/2026 20:00:50,"Yes, I agree to participate.",23-25,Female,Pokhara University,BE/B.Tech,4th Year,2.5–2.99,1–2,60–70%,2,5-6,Less than 5,1–2 hours,Never,Yes,Less than 3 hours,4,1,3,4,2,4,3,3,3,3,2,3,2,Career,Rarely,3,3,Synthetic
8/12/2026 1:31:05,"Yes, I agree to participate.",17-19,Male,Tribhuvan University,BCA,2nd Year,3.0–3.49,3–4,81–90%,5,1-2,5–6,5–6 hours,1–2 days/week,Yes,More than 8 hours,5,2,5,4,3,2,2,3,2,2,3,5,2,Ok,Often,4,5,Synthetic
8/12/2026 2:46:46,"Yes, I agree to participate.",23-25,Male,Tribhuvan University,BSc CSIT,4th Year,3.0–3.49,5–6,81–90%,4,1-2,Less than 5,1–2 hours,Never,No,3–5 hours,2,3,3,4,3,2,4,3,3,2,4,3,2,Procrastination,Often,4,4,Synthetic
8/12/2026 4:43:46,"Yes, I agree to participate.",17-19,Male,Kathmandu University,BDS,1st Year,Not Available Yet,5–6,Above 90%,5,3-4,5–6,3–4 hours,1–2 days/week,No,More than 8 hours,3,3,4,5,5,2,1,5,3,2,4,5,2,Assignment ,Sometimes,4,4,Synthetic
8/12/2026 5:08:08,"Yes, I agree to participate.",20-22,Female,Tribhuvan University,BSc Nursing,2nd Year,2.5–2.99,3–4,60–70%,4,3-4,7–8,5–6 hours,1–2 days/week,No,6–8 hours,3,4,4,5,4,2,3,3,1,1,3,4,2,"Assignments because multiple deadlines occur at the same time, financial pressure because my family struggles to pay tuition",Very Often,3,4,Synthetic
8/12/2026 7:18:27,"Yes, I agree to participate.",23-25,Female,Tribhuvan University,BHM,3rd Year,3.0–3.49,3–4,71–80%,5,More than 6,Less than 5,3–4 hours,Never,Yes,3–5 hours,4,3,5,5,5,1,2,5,1,1,4,5,2,Project submission deadlines clashing with exams,Often,3,3,Synthetic
8/12/2026 16:22:53,"Yes, I agree to participate.",Above 25,Female,Tribhuvan University,BDS,4th Year,2.0–2.49,1–2,60–70%,3,More than 6,5–6,5–6 hours,1–2 days/week,No,6–8 hours,3,5,3,4,5,1,2,4,1,1,4,3,3,Outdated syllabus and theory heavy teaching,Often,4,4,Synthetic
8/12/2026 18:16:22,"Yes, I agree to participate.",20-22,Female,Tribhuvan University,BBS,1st Year,Not Available Yet,3–4,71–80%,4,3-4,More than 8,More than 6 hours,1–2 days/week,No,More than 8 hours,3,3,5,5,4,1,1,4,1,2,4,5,3,Result delays and session delays in university,Sometimes,5,1,Synthetic
8/12/2026 22:01:44,"Yes, I agree to participate.",17-19,Female,Kathmandu University,BSc Nursing,1st Year,3.0–3.49,3–4,71–80%,4,3-4,7–8,1–2 hours,Never,Yes,6–8 hours,4,3,4,2,5,3,2,5,3,1,4,4,4,Exams ,Often,3,3,Synthetic
8/13/2026 0:59:35,"Yes, I agree to participate.",Above 25,Male,Tribhuvan University,BHM,4th Year,3.5–4.0,1–2,81–90%,1,More than 6,5–6,3–4 hours,3–4 days/week,No,More than 8 hours,2,4,2,2,2,3,5,1,4,5,2,3,5,Too many assignments and lab reports with the same deadline,Sometimes,2,4,Synthetic
8/13/2026 1:14:30,"Yes, I agree to participate.",23-25,Male,Tribhuvan University,BHM,4th Year,3.0–3.49,Less than 1,60–70%,1,More than 6,7–8,1–2 hours,5–6 days/week,Yes,3–5 hours,3,5,2,2,2,2,3,2,4,2,3,3,3,Unsure about future after graduation,Sometimes,3,5,Synthetic
8/13/2026 2:09:51,"Yes, I agree to participate.",23-25,Female,Tribhuvan University,Law(LLB),3rd Year,3.5–4.0,1–2,71–80%,1,5-6,7–8,1–2 hours,Never,No,Less than 3 hours,3,3,2,1,2,5,5,1,5,5,1,2,3,Pressure to go abroad after graduation,Rarely,3,5,Synthetic
8/13/2026 2:56:17,"Yes, I agree to participate.",23-25,Male,Other,MBBS,3rd Year,3.0–3.49,3–4,71–80%,3,More than 6,7–8,1–2 hours,Never,No,6–8 hours,4,1,4,5,4,2,2,4,1,2,4,3,1,Money,Often,4,2,Synthetic
8/13/2026 13:17:48,"Yes, I agree to participate.",23-25,Female,Other,BSc Nursing,4th Year,2.5–2.99,1–2,60–70%,4,5-6,Less than 5,5–6 hours,1–2 days/week,Yes,More than 8 hours,5,4,4,5,5,2,1,5,2,2,5,5,3,Multiple assignments ,Very Often,4,3,Synthetic
8/13/2026 14:14:18,"Yes, I agree to participate.",20-22,Prefer not to say,Kathmandu University,MBBS,3rd Year,2.5–2.99,1–2,60–70%,5,More than 6,Less than 5,1–2 hours,1–2 days/week,No,6–8 hours,5,4,5,5,4,2,2,5,2,2,5,5,3,Future ,Sometimes,5,2,Synthetic
8/13/2026 15:02:40,"Yes, I agree to participate.",23-25,Female,Purbanchal University,BSc Nursing,4th Year,3.0–3.49,Less than 1,81–90%,2,3-4,More than 8,3–4 hours,1–2 days/week,No,More than 8 hours,1,2,1,2,2,5,4,3,5,3,1,2,4,Semester project with weak team members,Often,4,5,Synthetic
8/13/2026 15:30:08,"Yes, I agree to participate.",20-22,Female,Tribhuvan University,BDS,3rd Year,3.5–4.0,5–6,81–90%,4,More than 6,Less than 5,5–6 hours,1–2 days/week,No,More than 8 hours,3,4,2,3,2,3,3,2,5,4,3,3,4,"Assignments because multiple deadlines occur at the same time, pressure to become a doctor/engineer like my family expects",Often,4,3,Synthetic
8/13/2026 16:18:07,"Yes, I agree to participate.",20-22,Male,Tribhuvan University,BSc CSIT,3rd Year,2.0–2.49,Less than 1,Below 60%,3,3-4,Less than 5,1–2 hours,1–2 days/week,No,Less than 3 hours,2,3,4,4,3,4,3,4,4,3,3,3,2,Unsure ,Sometimes,3,2,Synthetic
8/13/2026 20:48:50,"Yes, I agree to participate.",Above 25,Female,Agriculture and Forestry University,Agriculture,4th Year,3.0–3.49,3–4,71–80%,4,More than 6,Less than 5,1–2 hours,3–4 days/week,Yes,6–8 hours,2,2,5,3,4,2,2,4,2,3,4,3,3,"Result delays and session delays in university, internal assessments and assignments piling up together",Often,4,3,Synthetic
8/14/2026 0:18:35,"Yes, I agree to participate.",20-22,Female,Sudurpaschim University,BCA,4th Year,3.5–4.0,1–2,Above 90%,1,3-4,7–8,5–6 hours,3–4 days/week,No,6–8 hours,2,3,1,1,2,4,4,3,5,5,3,2,4,Exam routine keeps changing and results come very late,Never,3,5,Synthetic
8/14/2026 2:01:06,"Yes, I agree to participate.",23-25,Female,Agriculture and Forestry University,Agriculture,2nd Year,3.0–3.49,1–2,71–80%,3,1-2,5–6,Less than 1 hour,3–4 days/week,Yes,Less than 3 hours,4,3,3,2,3,3,3,3,4,3,2,3,3,Future ,Rarely,2,4,Synthetic
8/14/2026 4:10:20,"Yes, I agree to participate.",20-22,Male,Tribhuvan University,BBS,3rd Year,2.5–2.99,3–4,60–70%,4,3-4,7–8,1–2 hours,3–4 days/week,No,6–8 hours,2,2,1,2,3,4,4,1,4,5,2,2,3,"Too many assignments and lab reports with the same deadline, procrastination",Rarely,4,4,Synthetic
8/14/2026 6:11:39,"Yes, I agree to participate.",20-22,Prefer not to say,Madhyapaschim University,BCA,4th Year,2.5–2.99,Less than 1,60–70%,2,5-6,5–6,3–4 hours,3–4 days/week,Yes,3–5 hours,4,3,4,4,3,1,2,4,2,1,4,4,1,Working part time and studying at the same time,Very Often,4,4,Synthetic
8/14/2026 7:08:55,"Yes, I agree to participate.",17-19,Male,Other,BDS,1st Year,Not Available Yet,3–4,81–90%,2,More than 6,7–8,3–4 hours,5–6 days/week,Yes,6–8 hours,1,2,2,2,1,5,5,1,4,4,2,1,5,Unsure about future after graduation,Rarely,2,5,Synthetic
8/14/2026 7:44:00,"Yes, I agree to participate.",20-22,Female,Tribhuvan University,BSc CSIT,1st Year,3.0–3.49,3–4,60–70%,2,1-2,5–6,5–6 hours,Never,No,More than 8 hours,3,4,2,3,4,3,4,2,2,3,3,3,3,Internal assessments and assignments piling up together,Rarely,4,4,Synthetic
8/14/2026 13:48:50,"Yes, I agree to participate.",17-19,Female,Madhyapaschim University,BBS,1st Year,3.5–4.0,5–6,Above 90%,4,1-2,Less than 5,Less than 1 hour,3–4 days/week,Yes,6–8 hours,5,2,5,4,4,2,2,4,3,1,4,3,2,"Balancing part-time job and classes, I don't get enough time to study",Sometimes,3,3,Synthetic
8/14/2026 14:22:44,"Yes, I agree to participate.",20-22,Female,Kathmandu University,MBBS,3rd Year,2.5–2.99,1–2,60–70%,4,More than 6,5–6,5–6 hours,1–2 days/week,No,More than 8 hours,3,4,3,4,3,2,2,5,4,2,4,4,3,Project submission deadlines clashing with exams,Rarely,4,3,Synthetic
8/14/2026 17:19:50,"Yes, I agree to participate.",23-25,Male,Sudurpaschim University,BSc CSIT,4th Year,2.5–2.99,Less than 1,71–80%,2,5-6,7–8,Less than 1 hour,Daily,No,Less than 3 hours,1,4,1,2,2,4,4,2,4,3,1,2,4,Career,Rarely,4,4,Synthetic
8/14/2026 17:34:34,"Yes, I agree to participate.",17-19,Male,Agriculture and Forestry University,Agriculture,1st Year,Not Available Yet,5–6,81–90%,4,3-4,Less than 5,Less than 1 hour,1–2 days/week,Yes,3–5 hours,5,4,3,4,2,3,3,3,1,2,4,4,3,"Balancing part-time job and classes, I don't get enough time to study",Rarely,4,3,Synthetic
8/15/2026 2:24:44,"Yes, I agree to participate.",20-22,Male,Tribhuvan University,BSc CSIT,2nd Year,2.0–2.49,Less than 1,60–70%,3,3-4,5–6,3–4 hours,3–4 days/week,Yes,6–8 hours,2,4,2,1,2,3,2,3,3,3,2,1,3,Working part time and studying at the same time,Rarely,3,3,Synthetic
8/15/2026 2:43:06,"Yes, I agree to participate.",Above 25,Male,Tribhuvan University,BSc CSIT,2nd Year,3.0–3.49,3–4,71–80%,5,5-6,7–8,Less than 1 hour,1–2 days/week,No,3–5 hours,3,2,5,5,5,2,2,5,1,2,5,5,3,Ok,Very Often,4,3,Synthetic
8/15/2026 3:41:06,"Yes, I agree to participate.",23-25,Prefer not to say,Tribhuvan University,BE/B.Tech,3rd Year,2.5–2.99,1–2,71–80%,4,3-4,7–8,Less than 1 hour,3–4 days/week,No,3–5 hours,4,2,3,3,4,3,3,3,3,2,4,3,2,Career,Often,2,3,Synthetic
8/15/2026 6:13:55,"Yes, I agree to participate.",23-25,Female,Kathmandu University,BE/B.Tech,3rd Year,3.0–3.49,3–4,81–90%,2,3-4,7–8,1–2 hours,Daily,No,6–8 hours,2,4,2,3,3,3,3,2,4,4,3,3,4,Balancing money and education,Rarely,2,3,Synthetic
8/15/2026 8:40:37,"Yes, I agree to participate.",17-19,Female,Tribhuvan University,BCA,1st Year,Not Available Yet,3–4,71–80%,3,More than 6,Less than 5,3–4 hours,1–2 days/week,No,6–8 hours,5,4,2,3,4,2,3,4,3,4,2,2,4,"Financial pressure because my family struggles to pay tuition, pressure to become a doctor/engineer like my family expects",Sometimes,3,4,Synthetic
8/15/2026 9:43:30,"Yes, I agree to participate.",17-19,Male,Tribhuvan University,BBS,2nd Year,3.5–4.0,5–6,71–80%,3,3-4,7–8,1–2 hours,5–6 days/week,Yes,More than 8 hours,3,3,4,2,3,3,3,3,3,3,4,3,3,Exam routine keeps changing and results come very late,Never,3,4,Synthetic
8/15/2026 14:19:07,"Yes, I agree to participate.",20-22,Male,Tribhuvan University,BCA,1st Year,Not Available Yet,1–2,Below 60%,3,5-6,5–6,1–2 hours,1–2 days/week,No,3–5 hours,1,2,3,2,2,4,5,3,4,3,2,2,5,Exam routine keeps changing and results come very late,Never,3,4,Synthetic
8/15/2026 20:32:36,"Yes, I agree to participate.",Above 25,Female,Agriculture and Forestry University,Agriculture,4th Year,3.0–3.49,1–2,Below 60%,3,More than 6,Less than 5,1–2 hours,3–4 days/week,Yes,3–5 hours,5,4,5,4,5,3,2,5,1,2,5,4,3,Job ,Very Often,5,2,Synthetic
8/15/2026 22:09:56,"Yes, I agree to participate.",23-25,Female,Rajarshi Janak University,Agriculture,1st Year,Not Available Yet,1–2,71–80%,2,3-4,Less than 5,1–2 hours,1–2 days/week,No,3–5 hours,4,4,3,2,2,4,4,2,2,4,2,3,4,Assignment ,Sometimes,3,4,Synthetic
8/15/2026 23:42:32,"Yes, I agree to participate.",Above 25,Female,Other,BSc Nursing,4th Year,3.5–4.0,3–4,81–90%,5,5-6,Less than 5,1–2 hours,1–2 days/week,Yes,6–8 hours,4,2,5,5,4,2,2,4,2,2,4,4,1,Job ,Very Often,4,3,Synthetic
8/16/2026 0:39:46,"Yes, I agree to participate.",17-19,Female,Tribhuvan University,BSc CSIT,2nd Year,3.0–3.49,3–4,71–80%,3,1-2,5–6,3–4 hours,3–4 days/week,No,6–8 hours,2,3,2,2,2,3,3,3,2,5,2,3,3,Board exams,Rarely,2,4,Synthetic
8/16/2026 1:03:33,"Yes, I agree to participate.",20-22,Female,Agriculture and Forestry University,Agriculture,3rd Year,3.5–4.0,5–6,81–90%,3,More than 6,5–6,1–2 hours,3–4 days/week,Yes,3–5 hours,4,3,4,3,2,3,3,3,3,2,3,3,3,Family expectations to get good grades,Often,3,4,Synthetic
8/16/2026 4:23:46,"Yes, I agree to participate.",Above 25,Female,Kathmandu University,BSc Nursing,4th Year,3.0–3.49,1–2,71–80%,2,More than 6,7–8,3–4 hours,5–6 days/week,No,More than 8 hours,2,3,3,2,2,3,4,3,3,4,3,2,2,Internal assessments and assignments piling up together,Rarely,3,4,Synthetic
8/16/2026 6:15:39,"Yes, I agree to participate.",20-22,Male,Kathmandu University,BDS,2nd Year,3.5–4.0,5–6,60–70%,2,1-2,7–8,Less than 1 hour,1–2 days/week,No,3–5 hours,3,4,1,2,2,3,4,1,4,5,2,2,3,"Exams, because the whole year's result depends on the final board exam",Never,3,5,Synthetic
8/16/2026 8:46:48,"Yes, I agree to participate.",23-25,Female,Kathmandu University,MBBS,5th Year,3.5–4.0,5–6,71–80%,2,3-4,7–8,5–6 hours,3–4 days/week,No,More than 8 hours,3,5,2,2,3,3,3,3,3,4,3,3,5,Too many assignments and lab reports with the same deadline,Rarely,3,4,Synthetic
8/16/2026 12:33:26,"Yes, I agree to participate.",Above 25,Female,Tribhuvan University,BSc Nursing,4th Year,2.5–2.99,1–2,60–70%,3,3-4,5–6,1–2 hours,3–4 days/week,No,3–5 hours,3,3,5,3,3,3,3,2,3,4,3,3,2,Unsure about future after graduation,Sometimes,4,4,Synthetic
8/16/2026 14:15:17,"Yes, I agree to participate.",23-25,Male,Tribhuvan University,Law(LLB),5th Year,Not Available Yet,Less than 1,81–90%,3,More than 6,7–8,3–4 hours,Never,Yes,6–8 hours,3,2,3,4,2,3,1,3,2,3,3,3,2,Deadlines,Sometimes,4,3,Synthetic
8/16/2026 17:41:10,"Yes, I agree to participate.",23-25,Male,Pokhara University,BE/B.Tech,3rd Year,3.0–3.49,1–2,60–70%,2,5-6,5–6,3–4 hours,1–2 days/week,Yes,6–8 hours,3,3,2,2,3,5,3,3,2,2,3,3,4,Procrastination,Sometimes,3,4,Synthetic
8/16/2026 20:11:39,"Yes, I agree to participate.",23-25,Female,Tribhuvan University,Law(LLB),5th Year,3.5–4.0,5–6,Above 90%,3,1-2,5–6,1–2 hours,1–2 days/week,Yes,6–8 hours,4,3,1,2,2,4,4,1,4,4,2,2,4,Unsure about future after graduation,Never,3,4,Synthetic
8/16/2026 21:43:12,"Yes, I agree to participate.",23-25,Male,Tribhuvan University,Law(LLB),4th Year,2.5–2.99,1–2,71–80%,3,1-2,Less than 5,3–4 hours,Daily,Yes,6–8 hours,4,2,1,3,3,5,5,1,4,5,1,3,3,Paying semester fees while living in Kathmandu is hard,Sometimes,4,5,Synthetic
8/17/2026 0:16:52,"Yes, I agree to participate.",23-25,Female,Tribhuvan University,BSc CSIT,2nd Year,3.0–3.49,5–6,71–80%,4,More than 6,5–6,3–4 hours,1–2 days/week,Yes,More than 8 hours,3,1,5,4,5,2,2,4,1,4,4,4,2,Career,Very Often,5,2,Synthetic
8/17/2026 2:33:21,"Yes, I agree to participate.",23-25,Female,Sudurpaschim University,BCA,3rd Year,3.0–3.49,5–6,81–90%,4,3-4,7–8,3–4 hours,3–4 days/week,Yes,6–8 hours,3,3,3,4,3,2,4,4,3,3,4,4,3,Too many assignments and lab reports with the same deadline,Sometimes,4,4,Synthetic
8/17/2026 3:04:59,"Yes, I agree to participate.",23-25,Male,Tribhuvan University,BCA,4th Year,2.0–2.49,Less than 1,71–80%,4,5-6,7–8,1–2 hours,1–2 days/week,Yes,3–5 hours,4,3,4,3,4,3,4,4,3,3,3,5,2,Too many assignments and lab reports with the same deadline,Sometimes,3,3,Synthetic
8/17/2026 3:38:53,"Yes, I agree to participate.",23-25,Female,Tribhuvan University,BBS,4th Year,2.0–2.49,Less than 1,Below 60%,5,5-6,Less than 5,1–2 hours,3–4 days/week,Yes,6–8 hours,3,2,5,4,4,2,1,5,2,3,4,3,4,Ok,Often,2,1,Synthetic
8/17/2026 4:56:36,"Yes, I agree to participate.",17-19,Female,Tribhuvan University,BSc CSIT,1st Year,Not Available Yet,3–4,60–70%,3,5-6,7–8,1–2 hours,Never,Yes,6–8 hours,3,1,4,3,4,3,4,4,4,2,3,2,4,Frequent internal exams and practicals,Rarely,3,4,Synthetic
8/17/2026 5:07:22,"Yes, I agree to participate.",20-22,Female,Kathmandu University,MBBS,1st Year,3.0–3.49,3–4,81–90%,5,5-6,7–8,1–2 hours,3–4 days/week,No,6–8 hours,5,2,4,5,5,1,2,5,2,1,5,4,2,"Exams, because the whole year's result depends on the final board exam",Often,4,3,Synthetic
8/17/2026 5:14:49,"Yes, I agree to participate.",20-22,Male,Tribhuvan University,Law(LLB),5th Year,3.5–4.0,3–4,81–90%,2,1-2,7–8,1–2 hours,3–4 days/week,Yes,6–8 hours,2,3,3,2,2,4,5,2,3,3,1,2,5,"Career, jobs are very limited in Nepal, capstone projects.",Rarely,3,4,Synthetic
8/17/2026 6:22:15,"Yes, I agree to participate.",Above 25,Female,Other,BSc Nursing,3rd Year,3.0–3.49,5–6,81–90%,3,More than 6,7–8,3–4 hours,3–4 days/week,No,More than 8 hours,4,3,1,2,1,4,4,2,5,5,1,2,4,Study management,Rarely,3,4,Synthetic
8/17/2026 9:01:43,"Yes, I agree to participate.",23-25,Prefer not to say,Pokhara University,MBBS,5th Year,2.5–2.99,1–2,60–70%,2,More than 6,Less than 5,5–6 hours,3–4 days/week,No,More than 8 hours,2,2,3,4,2,4,2,3,2,3,3,3,3,Tuition fees and hostel expenses,Often,4,5,Synthetic
8/17/2026 9:02:38,"Yes, I agree to participate.",20-22,Male,Tribhuvan University,BCA,3rd Year,3.0–3.49,3–4,71–80%,1,3-4,7–8,5–6 hours,Daily,No,More than 8 hours,2,3,1,1,2,4,5,2,4,4,1,2,5,Lack of practical classes and resources,Never,2,4,Synthetic
8/17/2026 9:12:00,"Yes, I agree to participate.",Above 25,Female,Tribhuvan University,BSc Nursing,2nd Year,3.0–3.49,More than 6 hours,71–80%,2,3-4,More than 8,1–2 hours,3–4 days/week,No,More than 8 hours,1,2,2,2,2,4,3,2,3,3,1,2,4,Nothing much,Rarely,3,5,Synthetic
8/17/2026 14:57:15,"Yes, I agree to participate.",23-25,Female,Pokhara University,BIM,4th Year,3.5–4.0,5–6,Above 90%,5,More than 6,5–6,3–4 hours,Never,Yes,6–8 hours,5,3,4,4,5,1,2,4,2,3,4,3,2,"Job, multiple assignments",Sometimes,4,3,Synthetic
8/17/2026 16:23:31,"Yes, I agree to participate.",23-25,Female,Tribhuvan University,BCA,3rd Year,3.0–3.49,1–2,71–80%,3,3-4,5–6,3–4 hours,1–2 days/week,Yes,More than 8 hours,5,5,3,4,4,4,3,4,3,2,2,3,3,Too many assignments and lab reports with the same deadline,Sometimes,5,3,Synthetic
8/17/2026 23:07:21,"Yes, I agree to participate.",20-22,Female,Tribhuvan University,BSc CSIT,4th Year,3.0–3.49,3–4,81–90%,2,1-2,7–8,5–6 hours,3–4 days/week,Yes,6–8 hours,3,2,3,3,3,3,2,4,3,2,3,3,4,Not able to focus because of phone,Often,3,3,Synthetic
8/18/2026 4:00:31,"Yes, I agree to participate.",17-19,Female,Tribhuvan University,Agriculture,1st Year,3.5–4.0,3–4,81–90%,1,1-2,5–6,5–6 hours,1–2 days/week,Yes,More than 8 hours,3,4,2,1,1,5,4,1,4,5,2,1,5,Internal assessments and assignments piling up together,Rarely,2,5,Synthetic
8/18/2026 5:48:44,"Yes, I agree to participate.",23-25,Male,Rajarshi Janak University,BBS,2nd Year,3.0–3.49,Less than 1,71–80%,3,More than 6,5–6,3–4 hours,3–4 days/week,Yes,More than 8 hours,3,3,2,3,2,5,3,2,5,4,2,1,4,"TU exam pattern, everything depends on final exam",Sometimes,5,5,Synthetic
8/18/2026 6:06:35,"Yes, I agree to participate.",20-22,Female,Tribhuvan University,Law(LLB),4th Year,3.0–3.49,1–2,81–90%,2,More than 6,7–8,3–4 hours,Never,No,6–8 hours,2,2,4,3,3,2,3,4,3,3,3,4,3,Outdated syllabus and theory heavy teaching,Sometimes,3,3,Synthetic
8/18/2026 9:35:34,"Yes, I agree to participate.",20-22,Female,Purbanchal University,Law(LLB),2nd Year,3.0–3.49,3–4,71–80%,3,3-4,5–6,3–4 hours,Never,Yes,More than 8 hours,4,4,4,3,4,3,1,2,2,2,4,3,3,Nothing much,Often,3,4,Synthetic
8/18/2026 10:07:41,"Yes, I agree to participate.",20-22,Female,Tribhuvan University,BSc CSIT,2nd Year,2.5–2.99,3–4,81–90%,3,1-2,Less than 5,1–2 hours,3–4 days/week,Yes,6–8 hours,3,5,4,4,3,2,3,3,3,4,3,4,2,Too many assignments and lab reports with the same deadline,Sometimes,4,3,Synthetic
8/18/2026 14:06:29,"Yes, I agree to participate.",23-25,Female,Purbanchal University,BHM,3rd Year,2.5–2.99,1–2,81–90%,4,1-2,Less than 5,1–2 hours,Never,Yes,3–5 hours,3,3,5,5,4,2,2,5,2,3,4,5,3,Assignment ,Often,3,3,Synthetic
8/18/2026 18:12:07,"Yes, I agree to participate.",23-25,Female,Purbanchal University,Agriculture,3rd Year,2.5–2.99,5–6,71–80%,5,More than 6,5–6,3–4 hours,1–2 days/week,No,6–8 hours,5,2,5,5,5,2,2,5,2,1,5,5,1,Frustration ,Often,3,3,Synthetic
8/18/2026 22:01:27,"Yes, I agree to participate.",23-25,Female,Tribhuvan University,BHM,3rd Year,3.5–4.0,1–2,71–80%,4,More than 6,5–6,1–2 hours,3–4 days/week,Yes,6–8 hours,4,4,3,2,3,3,4,4,3,3,3,3,3,"Career, jobs are very limited in Nepal",Sometimes,4,5,Synthetic
8/19/2026 1:14:16,"Yes, I agree to participate.",17-19,Female,Other,BDS,2nd Year,3.5–4.0,5–6,Above 90%,2,5-6,More than 8,Less than 1 hour,1–2 days/week,No,6–8 hours,3,3,2,2,2,5,4,2,4,3,3,2,4,Unsure about future after graduation,Never,4,5,Synthetic
8/19/2026 2:49:21,"Yes, I agree to participate.",23-25,Female,Tribhuvan University,BCA,3rd Year,3.0–3.49,3–4,71–80%,5,More than 6,Less than 5,3–4 hours,1–2 days/week,Yes,6–8 hours,5,2,4,4,4,2,3,4,1,2,4,3,3,Job market is competitive and many seniors are still unemployed,Often,4,3,Synthetic
8/19/2026 4:06:37,"Yes, I agree to participate.",20-22,Female,Kathmandu University,MBBS,2nd Year,3.5–4.0,More than 6 hours,81–90%,1,5-6,7–8,5–6 hours,5–6 days/week,No,More than 8 hours,1,4,1,2,2,5,4,2,4,4,1,2,4,Exam routine keeps changing and results come very late,Sometimes,3,5,Synthetic
8/19/2026 4:58:49,"Yes, I agree to participate.",23-25,Female,Tribhuvan University,BBS,4th Year,3.0–3.49,1–2,81–90%,1,5-6,5–6,Less than 1 hour,3–4 days/week,Yes,Less than 3 hours,2,3,3,2,2,3,4,1,3,5,2,2,4,Deadlines,Sometimes,4,4,Synthetic
8/19/2026 5:12:38,"Yes, I agree to participate.",23-25,Male,Agriculture and Forestry University,Agriculture,2nd Year,3.5–4.0,5–6,60–70%,3,5-6,5–6,5–6 hours,5–6 days/week,No,More than 8 hours,3,2,4,4,3,4,4,3,2,3,4,3,4,Balancing money and education,Often,4,3,Synthetic
8/19/2026 5:12:58,"Yes, I agree to participate.",20-22,Male,Purbanchal University,BCA,4th Year,Below 2.0,Less than 1,71–80%,5,More than 6,Less than 5,More than 6 hours,Never,No,More than 8 hours,4,2,5,5,4,1,2,4,2,2,4,4,2,Board exams,Sometimes,4,1,Synthetic
8/19/2026 6:16:37,"Yes, I agree to participate.",23-25,Female,Sudurpaschim University,BSc CSIT,4th Year,2.5–2.99,3–4,71–80%,2,More than 6,7–8,3–4 hours,3–4 days/week,Yes,3–5 hours,2,3,1,2,1,5,4,1,5,4,1,1,5,Board exams,Never,3,3,Synthetic
8/19/2026 7:56:50,"Yes, I agree to participate.",20-22,Female,Tribhuvan University,BCA,2nd Year,3.0–3.49,5–6,81–90%,4,5-6,5–6,3–4 hours,Never,Yes,6–8 hours,2,3,5,4,5,3,2,4,4,2,3,4,3,Project submission deadlines clashing with exams,Sometimes,2,3,Synthetic
8/19/2026 8:11:12,"Yes, I agree to participate.",23-25,Female,Tribhuvan University,BBS,4th Year,3.5–4.0,3–4,60–70%,2,3-4,5–6,1–2 hours,1–2 days/week,Yes,6–8 hours,1,5,2,2,3,2,5,1,4,4,2,3,3,Multiple assignments ,Rarely,3,5,Synthetic
8/19/2026 10:37:38,"Yes, I agree to participate.",23-25,Male,Tribhuvan University,BSc CSIT,4th Year,2.5–2.99,3–4,60–70%,2,1-2,5–6,Less than 1 hour,3–4 days/week,Yes,6–8 hours,2,3,1,3,1,3,5,1,3,5,1,2,4,"Exams, because the whole year's result depends on the final board exam, family expectations to get good grades",Rarely,3,3,Synthetic
8/19/2026 10:55:06,"Yes, I agree to participate.",Above 25,Prefer not to say,Purbanchal University,Agriculture,3rd Year,3.0–3.49,3–4,71–80%,2,5-6,5–6,5–6 hours,1–2 days/week,No,More than 8 hours,3,5,3,3,2,3,4,3,3,2,2,3,3,Internal assessments and assignments piling up together,Sometimes,3,3,Synthetic
8/19/2026 13:38:22,"Yes, I agree to participate.",20-22,Female,Other,BSc Nursing,2nd Year,3.0–3.49,1–2,71–80%,5,3-4,Less than 5,1–2 hours,1–2 days/week,No,Less than 3 hours,4,5,5,4,4,2,1,5,2,5,3,5,3,Deadlines,Often,3,4,Synthetic
8/19/2026 16:56:17,"Yes, I agree to participate.",Above 25,Male,Kathmandu University,MBBS,5th Year,Not Available Yet,Less than 1,Above 90%,1,3-4,Less than 5,Less than 1 hour,3–4 days/week,Yes,3–5 hours,2,5,2,3,2,5,3,3,4,4,2,2,4,Future career concerns because I am unsure about job opportunities,Sometimes,4,3,Synthetic
8/19/2026 17:33:03,"Yes, I agree to participate.",20-22,Female,Pokhara University,BCA,2nd Year,3.5–4.0,3–4,81–90%,3,More than 6,7–8,3–4 hours,Never,No,6–8 hours,2,3,2,2,2,4,2,2,4,5,2,1,3,Multiple assignments ,Rarely,2,5,Synthetic
8/19/2026 19:55:18,"Yes, I agree to participate.",17-19,Female,Other,BDS,2nd Year,3.0–3.49,3–4,71–80%,4,5-6,Less than 5,5–6 hours,5–6 days/week,No,6–8 hours,4,1,4,5,5,1,2,5,2,2,5,4,2,Deadlines,Very Often,4,3,Synthetic
8/19/2026 20:37:37,"Yes, I agree to participate.",Above 25,Male,Agriculture and Forestry University,Agriculture,4th Year,3.0–3.49,More than 6 hours,Above 90%,3,5-6,7–8,5–6 hours,3–4 days/week,Yes,More than 8 hours,4,4,4,4,3,3,3,3,4,3,4,3,3,Sometimes,Rarely,3,5,Synthetic
8/20/2026 0:54:47,"Yes, I agree to participate.",17-19,Female,Rajarshi Janak University,BCA,4th Year,2.0–2.49,Less than 1,Below 60%,5,3-4,Less than 5,1–2 hours,Never,Yes,Less than 3 hours,4,2,5,4,5,1,2,4,1,1,5,4,2,Deadlines,Often,5,3,Synthetic
8/20/2026 1:38:22,"Yes, I agree to participate.",17-19,Female,Agriculture and Forestry University,Agriculture,1st Year,3.5–4.0,1–2,71–80%,2,More than 6,5–6,1–2 hours,Never,Yes,3–5 hours,2,4,2,1,2,4,3,2,4,4,1,2,5,Financial pressure ,Never,3,5,Synthetic
8/20/2026 2:10:05,"Yes, I agree to participate.",23-25,Male,Tribhuvan University,MBBS,3rd Year,2.0–2.49,1–2,71–80%,4,More than 6,5–6,3–4 hours,Never,Yes,6–8 hours,4,3,4,5,4,3,2,5,2,4,4,3,3,Job ,Sometimes,3,3,Synthetic
8/20/2026 7:28:42,"Yes, I agree to participate.",23-25,Female,Tribhuvan University,BSc CSIT,4th Year,2.5–2.99,1–2,60–70%,3,5-6,5–6,3–4 hours,3–4 days/week,Yes,3–5 hours,4,5,5,4,5,1,2,4,2,2,5,4,3,Financial ,Often,3,3,Synthetic
8/20/2026 12:13:14,"Yes, I agree to participate.",23-25,Female,Other,BSc Nursing,4th Year,3.5–4.0,5–6,81–90%,1,3-4,7–8,More than 6 hours,1–2 days/week,No,More than 8 hours,1,3,2,2,1,3,5,1,3,4,2,2,3,Procrastination,Sometimes,4,4,Synthetic
8/20/2026 12:26:13,"Yes, I agree to participate.",17-19,Female,Sudurpaschim University,BSc CSIT,2nd Year,2.5–2.99,1–2,60–70%,5,5-6,7–8,5–6 hours,1–2 days/week,No,More than 8 hours,4,2,5,5,4,2,1,4,2,2,5,4,2,"Career, jobs are very limited in Nepal",Very Often,5,4,Synthetic
8/20/2026 12:46:09,"Yes, I agree to participate.",20-22,Female,Tribhuvan University,Agriculture,3rd Year,3.5–4.0,5–6,71–80%,2,3-4,7–8,1–2 hours,3–4 days/week,No,6–8 hours,3,5,2,1,1,4,5,3,3,4,2,1,3,Multiple assignments ,Rarely,3,5,Synthetic
8/20/2026 12:56:16,"Yes, I agree to participate.",20-22,Female,Rajarshi Janak University,BCA,1st Year,Not Available Yet,Less than 1,71–80%,3,1-2,7–8,3–4 hours,3–4 days/week,No,6–8 hours,2,3,3,4,3,3,3,3,4,4,2,3,4,"Pressure to become a doctor/engineer like my family expects, assignments because multiple deadlines occur at the same time",Never,4,3,Synthetic
8/20/2026 13:04:15,"Yes, I agree to participate.",Above 25,Male,Kathmandu University,BE/B.Tech,2nd Year,2.5–2.99,Less than 1,71–80%,3,More than 6,5–6,1–2 hours,3–4 days/week,No,3–5 hours,2,3,3,3,3,4,3,3,3,3,4,3,3,Board exams,Rarely,3,3,Synthetic
8/20/2026 14:55:48,"Yes, I agree to participate.",Above 25,Male,Purbanchal University,BCA,2nd Year,3.5–4.0,3–4,81–90%,3,1-2,7–8,5–6 hours,3–4 days/week,No,More than 8 hours,2,5,1,2,1,4,3,2,4,4,2,2,5,Assignments because multiple deadlines occur at the same time,Never,3,5,Synthetic
8/20/2026 17:13:28,"Yes, I agree to participate.",20-22,Female,Other,BSc Nursing,3rd Year,3.5–4.0,Less than 1,71–80%,4,5-6,More than 8,Less than 1 hour,1–2 days/week,No,3–5 hours,2,1,3,2,3,3,5,2,4,4,2,2,4,Board exams,Sometimes,1,4,Synthetic
8/20/2026 22:20:15,"Yes, I agree to participate.",17-19,Female,Tribhuvan University,BCA,3rd Year,3.5–4.0,3–4,81–90%,3,5-6,5–6,3–4 hours,Never,No,More than 8 hours,3,4,5,3,4,2,2,5,3,2,4,5,3,Assignments because multiple deadlines occur at the same time,Rarely,3,5,Synthetic
8/20/2026 22:35:57,"Yes, I agree to participate.",17-19,Female,Tribhuvan University,BCA,1st Year,Not Available Yet,3–4,81–90%,3,5-6,5–6,1–2 hours,Never,Yes,3–5 hours,5,2,3,3,4,3,3,4,4,5,4,3,3,Family pressure,Often,3,4,Synthetic
8/21/2026 0:08:19,"Yes, I agree to participate.",17-19,Female,Pokhara University,MBBS,2nd Year,2.5–2.99,5–6,81–90%,4,3-4,5–6,3–4 hours,Never,No,More than 8 hours,4,3,2,3,3,4,2,3,3,4,2,3,1,"Pressure to go abroad after graduation, internal assessments and assignments piling up together",Sometimes,4,2,Synthetic
8/21/2026 2:25:15,"Yes, I agree to participate.",23-25,Female,Pokhara University,BSc Nursing,4th Year,3.0–3.49,1–2,71–80%,2,3-4,More than 8,3–4 hours,3–4 days/week,No,3–5 hours,1,4,3,2,2,4,4,1,5,5,3,2,4,Semester project with weak team members,Never,3,4,Synthetic
8/21/2026 10:55:31,"Yes, I agree to participate.",20-22,Male,Tribhuvan University,BSc CSIT,4th Year,2.5–2.99,Less than 1,60–70%,4,3-4,Less than 5,5–6 hours,3–4 days/week,Yes,More than 8 hours,3,1,4,4,4,1,2,4,2,2,5,4,4,"Office hours clash with college time, too many assignments and lab reports with the same deadline",Very Often,5,4,Synthetic
8/21/2026 11:03:32,"Yes, I agree to participate.",23-25,Prefer not to say,Kathmandu University,BDS,5th Year,2.5–2.99,3–4,71–80%,3,More than 6,7–8,5–6 hours,1–2 days/week,No,6–8 hours,4,1,3,3,3,2,2,4,3,2,5,4,1,"TU exam pattern, everything depends on final exam",Sometimes,3,3,Synthetic
8/21/2026 16:20:07,"Yes, I agree to participate.",20-22,Prefer not to say,Tribhuvan University,BBS,3rd Year,2.5–2.99,1–2,60–70%,4,3-4,More than 8,3–4 hours,3–4 days/week,Yes,3–5 hours,3,2,4,4,3,2,3,2,2,2,3,4,2,Yes,Sometimes,2,4,Synthetic
8/21/2026 17:31:45,"Yes, I agree to participate.",23-25,Male,Tribhuvan University,BCA,4th Year,3.5–4.0,1–2,71–80%,2,3-4,Less than 5,1–2 hours,3–4 days/week,Yes,3–5 hours,2,3,2,1,1,4,4,1,4,4,1,1,3,Not able to focus because of phone,Rarely,3,5,Synthetic
8/21/2026 19:58:00,"Yes, I agree to participate.",23-25,Male,Sudurpaschim University,BCA,4th Year,3.5–4.0,1–2,81–90%,2,3-4,7–8,Less than 1 hour,Never,No,Less than 3 hours,3,3,4,2,3,2,3,2,3,4,2,3,2,Internal assessments and assignments piling up together,Rarely,3,4,Synthetic
8/21/2026 23:19:04,"Yes, I agree to participate.",20-22,Male,Kathmandu University,BDS,5th Year,3.0–3.49,5–6,60–70%,4,More than 6,Less than 5,3–4 hours,1–2 days/week,No,6–8 hours,5,1,5,5,4,1,1,5,1,2,5,5,2,Study management,Very Often,5,3,Synthetic
8/21/2026 23:39:40,"Yes, I agree to participate.",17-19,Male,Kathmandu University,MBBS,1st Year,Not Available Yet,3–4,71–80%,2,5-6,5–6,3–4 hours,5–6 days/week,No,6–8 hours,2,4,2,3,2,3,4,4,5,4,1,3,3,"Project submission deadlines clashing with exams, future",Never,3,3,Synthetic
8/22/2026 1:01:41,"Yes, I agree to participate.",17-19,Female,Kathmandu University,BE/B.Tech,1st Year,3.0–3.49,3–4,71–80%,4,3-4,7–8,3–4 hours,3–4 days/week,No,3–5 hours,2,2,4,4,4,3,3,3,3,4,4,3,3,Multiple assignments ,Very Often,2,4,Synthetic
8/22/2026 2:24:22,"Yes, I agree to participate.",20-22,Female,Tribhuvan University,BCA,4th Year,3.0–3.49,5–6,71–80%,2,3-4,7–8,1–2 hours,1–2 days/week,Yes,3–5 hours,3,4,2,2,2,4,5,3,3,4,2,1,4,Strict attendance requirement,Never,3,4,Synthetic
8/22/2026 2:41:35,"Yes, I agree to participate.",23-25,Female,Tribhuvan University,BSc Nursing,3rd Year,3.0–3.49,Less than 1,60–70%,3,3-4,5–6,5–6 hours,3–4 days/week,No,6–8 hours,3,3,2,3,4,2,2,2,2,3,3,3,3,Frustration ,Often,4,4,Synthetic
8/22/2026 5:55:55,"Yes, I agree to participate.",23-25,Female,Tribhuvan University,BCA,4th Year,3.0–3.49,3–4,60–70%,2,3-4,7–8,1–2 hours,Daily,Yes,6–8 hours,2,4,1,1,2,4,4,2,3,4,2,3,3,Thesis and internship report,Never,3,5,Synthetic
8/22/2026 6:34:40,"Yes, I agree to participate.",17-19,Female,Kathmandu University,BSc Nursing,1st Year,3.5–4.0,More than 6 hours,81–90%,3,5-6,5–6,5–6 hours,3–4 days/week,Yes,More than 8 hours,3,4,3,4,2,4,3,2,4,3,3,2,4,Office hours clash with college time,Sometimes,4,4,Synthetic
8/22/2026 6:54:57,"Yes, I agree to participate.",20-22,Female,Pokhara University,BCA,3rd Year,3.5–4.0,1–2,71–80%,3,3-4,7–8,5–6 hours,1–2 days/week,Yes,More than 8 hours,4,3,4,3,5,3,2,4,2,3,5,4,2,"Balancing part-time job and classes, I don't get enough time to study",Sometimes,3,4,Synthetic
8/22/2026 7:34:54,"Yes, I agree to participate.",20-22,Female,Tribhuvan University,BCA,4th Year,3.0–3.49,3–4,71–80%,4,1-2,5–6,1–2 hours,1–2 days/week,Yes,3–5 hours,3,3,3,3,3,3,4,2,3,4,2,4,3,Job ,Often,4,4,Synthetic
8/22/2026 8:39:23,"Yes, I agree to participate.",20-22,Female,Sudurpaschim University,BSc CSIT,4th Year,2.5–2.99,1–2,Below 60%,3,3-4,Less than 5,5–6 hours,1–2 days/week,Yes,6–8 hours,3,3,5,2,3,3,2,3,2,2,5,4,2,Future ,Often,4,3,Synthetic
8/22/2026 12:55:34,"Yes, I agree to participate.",23-25,Female,Sudurpaschim University,BSc CSIT,3rd Year,2.5–2.99,3–4,60–70%,4,3-4,5–6,3–4 hours,1–2 days/week,Yes,More than 8 hours,3,4,5,3,4,3,2,4,2,2,4,4,2,Family pressure,Very Often,4,4,Synthetic
8/22/2026 14:13:23,"Yes, I agree to participate.",20-22,Male,Sudurpaschim University,BBS,1st Year,3.5–4.0,3–4,Above 90%,1,More than 6,7–8,3–4 hours,5–6 days/week,Yes,6–8 hours,4,5,1,1,3,4,4,2,4,4,3,2,4,Too many assignments and lab reports with the same deadline,Rarely,3,4,Synthetic
8/22/2026 16:24:52,"Yes, I agree to participate.",Above 25,Prefer not to say,Tribhuvan University,BBS,4th Year,3.5–4.0,3–4,Above 90%,1,More than 6,7–8,1–2 hours,3–4 days/week,No,3–5 hours,2,5,2,1,1,5,5,1,4,4,1,2,4,Family expectations to get good grades,Sometimes,2,4,Synthetic
8/22/2026 16:35:15,"Yes, I agree to participate.",23-25,Male,Kathmandu University,BSc Nursing,3rd Year,2.5–2.99,3–4,Below 60%,3,More than 6,Less than 5,1–2 hours,1–2 days/week,Yes,More than 8 hours,3,2,3,5,3,3,3,3,4,4,3,2,3,Financial ,Sometimes,2,5,Synthetic
8/22/2026 17:16:35,"Yes, I agree to participate.",Above 25,Male,Sudurpaschim University,BSc CSIT,4th Year,2.5–2.99,Less than 1,Below 60%,3,5-6,7–8,Less than 1 hour,Never,Yes,3–5 hours,4,3,3,4,4,4,3,3,2,2,3,2,4,"Career, jobs are very limited in Nepal",Often,3,3,Synthetic
8/22/2026 21:05:15,"Yes, I agree to participate.",20-22,Female,Tribhuvan University,BSc CSIT,3rd Year,2.5–2.99,Less than 1,60–70%,3,1-2,7–8,1–2 hours,1–2 days/week,Yes,6–8 hours,4,2,5,4,4,1,1,4,2,2,4,5,3,Paying semester fees while living in Kathmandu is hard,Often,3,3,Synthetic
8/22/2026 21:20:20,"Yes, I agree to participate.",20-22,Female,Purbanchal University,BCA,2nd Year,3.0–3.49,1–2,81–90%,2,More than 6,7–8,1–2 hours,1–2 days/week,Yes,6–8 hours,3,2,2,3,4,3,4,2,3,4,3,3,3,Future career concerns because I am unsure about job opportunities,Very Often,4,4,Synthetic
8/22/2026 21:31:49,"Yes, I agree to participate.",23-25,Female,Agriculture and Forestry University,Agriculture,3rd Year,Below 2.0,Less than 1,60–70%,4,3-4,5–6,3–4 hours,1–2 days/week,Yes,6–8 hours,4,2,4,3,4,1,1,3,1,2,5,4,1,Financial ,Very Often,4,2,Synthetic
8/23/2026 0:47:10,"Yes, I agree to participate.",Above 25,Male,Tribhuvan University,BSc CSIT,3rd Year,3.5–4.0,5–6,71–80%,2,1-2,7–8,Less than 1 hour,1–2 days/week,Yes,Less than 3 hours,4,3,2,2,3,3,4,2,3,3,3,3,3,Job market is competitive and many seniors are still unemployed,Rarely,5,5,Synthetic
8/23/2026 2:28:41,"Yes, I agree to participate.",23-25,Female,Tribhuvan University,BSc Nursing,3rd Year,Not Available Yet,3–4,81–90%,2,1-2,5–6,Less than 1 hour,5–6 days/week,No,6–8 hours,1,3,1,1,1,5,4,1,3,5,2,1,4,Assignments because multiple deadlines occur at the same time,Rarely,2,5,Synthetic
8/23/2026 4:08:42,"Yes, I agree to participate.",23-25,Male,Agriculture and Forestry University,Agriculture,3rd Year,2.5–2.99,1–2,Below 60%,4,1-2,5–6,1–2 hours,5–6 days/week,Yes,6–8 hours,3,3,3,4,4,4,1,2,4,3,2,2,4,Future career,Rarely,3,3,Synthetic
8/23/2026 4:21:00,"Yes, I agree to participate.",23-25,Female,Tribhuvan University,BSc CSIT,4th Year,3.5–4.0,3–4,60–70%,1,More than 6,7–8,1–2 hours,5–6 days/week,Yes,3–5 hours,2,3,1,1,1,5,5,2,4,4,2,1,4,Thesis and internship report,Rarely,2,4,Synthetic
8/23/2026 4:58:13,"Yes, I agree to participate.",17-19,Male,Other,BDS,1st Year,2.5–2.99,3–4,81–90%,4,1-2,7–8,5–6 hours,1–2 days/week,No,6–8 hours,5,3,4,5,5,2,2,4,3,2,4,5,2,Internal assessments and assignments piling up together,Often,5,4,Synthetic
8/23/2026 5:38:40,"Yes, I agree to participate.",17-19,Male,Agriculture and Forestry University,Agriculture,1st Year,3.5–4.0,3–4,81–90%,4,1-2,5–6,3–4 hours,Never,No,3–5 hours,5,1,4,4,4,2,2,5,1,2,5,5,2,Board exams,Very Often,3,4,Synthetic
8/23/2026 6:37:58,"Yes, I agree to participate.",23-25,Male,Tribhuvan University,BIM,3rd Year,2.5–2.99,1–2,Below 60%,5,5-6,5–6,Less than 1 hour,Never,No,3–5 hours,4,3,5,5,5,1,1,5,1,2,5,5,1,"Financial, job market is competitive and many seniors are still unemployed",Very Often,5,2,Synthetic
8/23/2026 8:44:59,"Yes, I agree to participate.",23-25,Female,Tribhuvan University,BSc Nursing,4th Year,3.5–4.0,3–4,71–80%,2,More than 6,7–8,Less than 1 hour,1–2 days/week,No,3–5 hours,1,4,1,1,2,5,5,1,5,5,3,2,5,Internal assessments and assignments piling up together,Rarely,2,5,Synthetic
8/23/2026 9:18:33,"Yes, I agree to participate.",23-25,Male,Tribhuvan University,BCA,4th Year,3.5–4.0,3–4,60–70%,1,1-2,5–6,1–2 hours,Never,Yes,6–8 hours,2,4,2,2,1,3,3,3,4,5,1,2,3,Job ,Rarely,2,5,Synthetic
8/23/2026 10:30:20,"Yes, I agree to participate.",17-19,Female,Pokhara University,BCA,1st Year,3.0–3.49,1–2,81–90%,4,3-4,5–6,5–6 hours,3–4 days/week,Yes,More than 8 hours,4,2,5,5,5,2,2,4,2,2,4,4,2,Stress,Sometimes,4,4,Synthetic
8/23/2026 10:53:23,"Yes, I agree to participate.",23-25,Male,Tribhuvan University,BCA,4th Year,3.0–3.49,1–2,71–80%,5,3-4,7–8,1–2 hours,5–6 days/week,No,3–5 hours,5,3,5,3,3,2,4,4,3,3,3,4,5,Multiple assignments ,Often,3,2,Synthetic
8/23/2026 12:46:20,"Yes, I agree to participate.",17-19,Female,Agriculture and Forestry University,Agriculture,1st Year,Below 2.0,1–2,60–70%,3,1-2,7–8,5–6 hours,1–2 days/week,No,More than 8 hours,4,2,3,4,4,2,2,4,1,2,4,4,2,"Multiple assignments, balancing money and education",Often,3,1,Synthetic
8/23/2026 14:15:46,"Yes, I agree to participate.",23-25,Female,Tribhuvan University,BCA,4th Year,Below 2.0,Less than 1,Below 60%,1,5-6,Less than 5,Less than 1 hour,1–2 days/week,Yes,More than 8 hours,3,2,3,1,2,4,3,2,4,3,2,3,5,Unsure about future after graduation,Rarely,4,1,Synthetic
8/23/2026 14:48:25,"Yes, I agree to participate.",20-22,Female,Sudurpaschim University,BCA,3rd Year,3.5–4.0,3–4,Above 90%,2,More than 6,5–6,Less than 1 hour,1–2 days/week,No,3–5 hours,2,3,1,2,1,4,5,2,3,5,1,1,5,Project submission deadlines clashing with exams,Never,4,5,Synthetic
8/23/2026 17:06:40,"Yes, I agree to participate.",20-22,Female,Tribhuvan University,BIM,4th Year,Below 2.0,1–2,71–80%,5,More than 6,5–6,3–4 hours,Never,Yes,6–8 hours,5,1,4,4,5,2,1,4,1,1,5,5,1,Tuition fees and hostel expenses,Often,3,1,Synthetic
8/23/2026 17:39:00,"Yes, I agree to participate.",23-25,Female,Tribhuvan University,BBS,3rd Year,2.5–2.99,Less than 1,71–80%,4,3-4,5–6,1–2 hours,3–4 days/week,Yes,3–5 hours,4,3,4,4,4,3,1,5,2,3,4,4,3,Assignment ,Often,5,2,Synthetic
8/23/2026 19:50:18,"Yes, I agree to participate.",20-22,Female,Purbanchal University,BHM,2nd Year,2.5–2.99,3–4,60–70%,4,3-4,Less than 5,1–2 hours,3–4 days/week,Yes,More than 8 hours,5,3,4,4,4,1,1,5,3,2,5,3,2,Working part time and studying at the same time,Sometimes,3,3,Synthetic
8/23/2026 22:03:33,"Yes, I agree to participate.",20-22,Female,Agriculture and Forestry University,Agriculture,4th Year,3.0–3.49,3–4,81–90%,3,More than 6,5–6,1–2 hours,3–4 days/week,No,3–5 hours,3,3,4,4,4,2,2,4,2,2,4,4,3,Deadlines,Sometimes,4,3,Synthetic
8/23/2026 22:25:20,"Yes, I agree to participate.",20-22,Female,Rajarshi Janak University,BSc CSIT,2nd Year,2.5–2.99,Less than 1,71–80%,2,5-6,7–8,1–2 hours,Daily,Yes,Less than 3 hours,2,4,2,1,2,5,4,1,5,5,1,1,4,Exam routine keeps changing and results come very late,Rarely,2,4,Synthetic
8/24/2026 0:52:42,"Yes, I agree to participate.",23-25,Prefer not to say,Agriculture and Forestry University,Agriculture,4th Year,3.5–4.0,3–4,60–70%,2,5-6,Less than 5,3–4 hours,1–2 days/week,No,6–8 hours,1,4,2,2,2,3,3,3,5,5,2,3,3,Project submission deadlines clashing with exams,Rarely,3,5,Synthetic
8/24/2026 5:01:00,"Yes, I agree to participate.",23-25,Female,Tribhuvan University,BSc CSIT,4th Year,Not Available Yet,3–4,81–90%,3,5-6,7–8,3–4 hours,1–2 days/week,Yes,More than 8 hours,4,2,3,4,4,3,2,4,3,2,3,3,4,Yes,Often,5,5,Synthetic
8/24/2026 5:25:18,"Yes, I agree to participate.",20-22,Male,Tribhuvan University,BCA,4th Year,3.5–4.0,1–2,81–90%,2,1-2,7–8,1–2 hours,Never,Yes,6–8 hours,1,4,2,2,2,4,3,3,5,5,3,2,2,Career,Sometimes,4,3,Synthetic
8/24/2026 7:05:17,"Yes, I agree to participate.",23-25,Female,Other,MBBS,4th Year,3.0–3.49,3–4,71–80%,3,1-2,7–8,1–2 hours,Daily,Yes,6–8 hours,3,2,4,3,3,1,3,4,3,4,5,5,4,Thesis and internship report,Often,4,3,Synthetic
8/24/2026 15:14:27,"Yes, I agree to participate.",20-22,Female,Agriculture and Forestry University,Agriculture,1st Year,Not Available Yet,Less than 1,71–80%,5,1-2,Less than 5,1–2 hours,1–2 days/week,Yes,3–5 hours,5,1,4,4,3,2,2,4,1,3,5,4,2,"Financial pressure, deadlines",Often,4,4,Synthetic
8/24/2026 16:22:31,"Yes, I agree to participate.",20-22,Prefer not to say,Tribhuvan University,Agriculture,2nd Year,2.0–2.49,3–4,71–80%,2,5-6,5–6,1–2 hours,Never,Yes,6–8 hours,4,3,4,5,4,3,3,4,1,1,4,5,4,Job ,Very Often,5,2,Synthetic
8/24/2026 16:41:53,"Yes, I agree to participate.",17-19,Male,Kathmandu University,BE/B.Tech,1st Year,3.5–4.0,1–2,60–70%,1,3-4,5–6,1–2 hours,3–4 days/week,Yes,More than 8 hours,1,3,2,1,1,4,5,2,5,5,2,2,5,"Career, jobs are very limited in Nepal",Never,2,5,Synthetic
8/24/2026 17:35:11,"Yes, I agree to participate.",20-22,Male,Tribhuvan University,BDS,4th Year,2.0–2.49,1–2,60–70%,5,5-6,5–6,3–4 hours,1–2 days/week,Yes,More than 8 hours,4,1,5,4,5,2,2,5,1,2,3,5,3,Assignment ,Often,4,2,Synthetic
8/24/2026 18:01:09,"Yes, I agree to participate.",20-22,Female,Other,BSc Nursing,1st Year,3.5–4.0,5–6,71–80%,2,5-6,5–6,1–2 hours,1–2 days/week,Yes,3–5 hours,2,5,1,2,2,4,5,3,4,4,2,2,3,"Office hours clash with college time, internal assessments and assignments piling up together",Rarely,2,5,Synthetic
8/24/2026 18:29:14,"Yes, I agree to participate.",23-25,Female,Tribhuvan University,Law(LLB),3rd Year,Below 2.0,3–4,60–70%,4,3-4,5–6,3–4 hours,Never,No,6–8 hours,3,3,5,5,5,2,1,4,2,2,4,5,3,Multiple assignments ,Often,4,2,Synthetic
8/25/2026 0:35:02,"Yes, I agree to participate.",20-22,Male,Tribhuvan University,BCA,4th Year,2.5–2.99,Less than 1,71–80%,3,3-4,Less than 5,1–2 hours,3–4 days/week,Yes,3–5 hours,1,4,3,3,3,3,4,4,3,3,4,3,3,"Balancing part-time job and classes, I don't get enough time to study",Sometimes,4,3,Synthetic
8/25/2026 2:17:15,"Yes, I agree to participate.",20-22,Female,Tribhuvan University,BBS,4th Year,3.5–4.0,3–4,71–80%,2,3-4,7–8,3–4 hours,1–2 days/week,Yes,More than 8 hours,4,1,3,3,1,4,4,2,3,2,2,2,3,"Career, jobs are very limited in Nepal",Never,4,5,Synthetic
8/25/2026 3:07:04,"Yes, I agree to participate.",20-22,Female,Rajarshi Janak University,BCA,2nd Year,2.5–2.99,1–2,71–80%,4,3-4,5–6,Less than 1 hour,3–4 days/week,Yes,Less than 3 hours,5,3,5,3,5,2,2,4,2,2,5,4,2,Unfair grading in internal marks,Often,5,4,Synthetic
8/25/2026 3:15:54,"Yes, I agree to participate.",20-22,Female,Other,BSc Nursing,4th Year,3.5–4.0,5–6,81–90%,4,More than 6,Less than 5,5–6 hours,1–2 days/week,No,More than 8 hours,5,3,5,5,4,1,1,4,1,1,5,5,3,Tuition fees and hostel expenses,Often,5,4,Synthetic
8/25/2026 3:50:50,"Yes, I agree to participate.",20-22,Female,Pokhara University,BCA,1st Year,3.0–3.49,3–4,81–90%,4,5-6,Less than 5,3–4 hours,3–4 days/week,Yes,6–8 hours,3,3,3,3,4,1,3,4,1,2,4,4,2,Job ,Sometimes,3,3,Synthetic
8/25/2026 4:22:40,"Yes, I agree to participate.",23-25,Female,Pokhara University,BSc Nursing,3rd Year,3.0–3.49,Less than 1,71–80%,4,1-2,5–6,3–4 hours,1–2 days/week,No,6–8 hours,1,3,5,4,4,1,3,4,3,1,4,5,2,Deadlines,Often,4,2,Synthetic
8/25/2026 4:34:14,"Yes, I agree to participate.",23-25,Prefer not to say,Tribhuvan University,BHM,3rd Year,3.5–4.0,1–2,81–90%,2,3-4,7–8,3–4 hours,3–4 days/week,Yes,6–8 hours,3,2,2,3,2,2,3,2,2,3,4,3,3,"TU exam pattern, everything depends on final exam",Sometimes,2,5,Synthetic
8/25/2026 5:31:35,"Yes, I agree to participate.",23-25,Male,Pokhara University,BHM,4th Year,3.0–3.49,3–4,71–80%,2,More than 6,7–8,3–4 hours,Daily,Yes,6–8 hours,2,5,1,2,2,5,5,2,4,4,2,2,5,Nothing much,Never,3,4,Synthetic
8/25/2026 6:06:32,"Yes, I agree to participate.",Above 25,Female,Purbanchal University,Agriculture,4th Year,3.5–4.0,3–4,81–90%,2,3-4,5–6,Less than 1 hour,Daily,Yes,3–5 hours,3,3,2,1,2,5,4,1,4,3,3,2,4,Parents compare me with relatives and toppers,Never,3,5,Synthetic
8/25/2026 8:21:37,"Yes, I agree to participate.",23-25,Female,Other,BSc Nursing,4th Year,3.0–3.49,1–2,81–90%,1,3-4,5–6,Less than 1 hour,5–6 days/week,No,Less than 3 hours,3,4,1,1,1,4,5,2,4,4,1,1,5,Unsure about future after graduation,Never,2,4,Synthetic
8/25/2026 14:21:37,"Yes, I agree to participate.",23-25,Prefer not to say,Tribhuvan University,BSc CSIT,3rd Year,3.5–4.0,1–2,81–90%,3,1-2,7–8,5–6 hours,1–2 days/week,Yes,More than 8 hours,3,4,4,3,4,3,3,3,1,2,4,3,3,Unfair grading in internal marks,Rarely,4,4,Synthetic
8/25/2026 15:42:36,"Yes, I agree to participate.",23-25,Female,Madhyapaschim University,BBS,4th Year,2.5–2.99,3–4,Below 60%,2,More than 6,7–8,3–4 hours,1–2 days/week,Yes,6–8 hours,3,4,2,1,4,4,3,2,3,4,1,2,4,Financial ,Sometimes,4,4,Synthetic
8/25/2026 18:03:36,"Yes, I agree to participate.",17-19,Female,Tribhuvan University,BHM,1st Year,Not Available Yet,1–2,71–80%,2,More than 6,More than 8,Less than 1 hour,1–2 days/week,No,6–8 hours,1,3,3,3,2,3,3,3,2,4,2,3,3,Exam routine keeps changing and results come very late,Sometimes,3,3,Synthetic
8/25/2026 22:30:29,"Yes, I agree to participate.",20-22,Male,Tribhuvan University,BBS,2nd Year,3.5–4.0,3–4,71–80%,1,1-2,5–6,Less than 1 hour,Never,Yes,3–5 hours,2,2,2,2,1,5,4,1,4,5,2,1,5,Assignments because multiple deadlines occur at the same time,Never,2,5,Synthetic
8/26/2026 4:29:11,"Yes, I agree to participate.",Above 25,Female,Purbanchal University,BHM,4th Year,3.5–4.0,1–2,71–80%,3,1-2,7–8,1–2 hours,3–4 days/week,No,3–5 hours,3,4,2,1,1,4,4,2,4,4,1,4,3,Project submission deadlines clashing with exams,Rarely,4,5,Synthetic
8/26/2026 5:43:08,"Yes, I agree to participate.",20-22,Female,Tribhuvan University,BBS,3rd Year,3.0–3.49,3–4,71–80%,5,3-4,5–6,3–4 hours,3–4 days/week,Yes,3–5 hours,4,2,4,4,4,2,1,5,1,1,5,5,1,Internal assessments and assignments piling up together,Rarely,4,2,Synthetic
8/26/2026 7:37:19,"Yes, I agree to participate.",20-22,Male,Other,BDS,2nd Year,3.5–4.0,More than 6 hours,81–90%,2,More than 6,5–6,Less than 1 hour,Daily,No,6–8 hours,1,4,2,2,1,5,4,1,5,5,1,2,4,Unsure about future after graduation,Never,4,5,Synthetic
8/26/2026 8:05:11,"Yes, I agree to participate.",23-25,Male,Tribhuvan University,BSc CSIT,3rd Year,3.0–3.49,Less than 1,81–90%,3,5-6,7–8,1–2 hours,1–2 days/week,Yes,6–8 hours,3,2,3,3,4,5,3,3,3,4,3,3,3,Maybe,Often,5,5,Synthetic
8/26/2026 9:10:29,"Yes, I agree to participate.",20-22,Male,Tribhuvan University,BCA,2nd Year,3.0–3.49,1–2,81–90%,3,1-2,5–6,1–2 hours,1–2 days/week,No,3–5 hours,3,2,4,3,2,2,3,3,2,3,3,3,4,Exam routine keeps changing and results come very late,Sometimes,4,4,Synthetic
8/26/2026 10:44:50,"Yes, I agree to participate.",Above 25,Male,Rajarshi Janak University,Agriculture,4th Year,3.0–3.49,5–6,71–80%,3,5-6,Less than 5,5–6 hours,Never,No,More than 8 hours,2,2,3,3,2,4,3,3,4,3,2,2,3,Procrastination,Sometimes,5,4,Synthetic
8/26/2026 11:09:10,"Yes, I agree to participate.",20-22,Female,Tribhuvan University,BIM,4th Year,2.5–2.99,Less than 1,60–70%,3,1-2,7–8,3–4 hours,Never,No,6–8 hours,4,1,4,4,4,2,1,5,2,3,5,5,2,Project submission deadlines clashing with exams,Often,4,3,Synthetic
8/26/2026 11:15:12,"Yes, I agree to participate.",23-25,Male,Tribhuvan University,BCA,2nd Year,2.5–2.99,1–2,81–90%,4,5-6,5–6,1–2 hours,1–2 days/week,No,6–8 hours,4,1,5,5,5,1,1,5,1,1,5,5,2,Assignment ,Very Often,4,2,Synthetic
8/26/2026 14:31:31,"Yes, I agree to participate.",23-25,Male,Tribhuvan University,MBBS,5th Year,3.5–4.0,5–6,81–90%,3,1-2,7–8,1–2 hours,1–2 days/week,No,3–5 hours,1,4,1,1,2,4,4,2,5,5,2,2,2,"Final year project and internship, internal assessments and assignments piling up together",Never,3,5,Synthetic
8/26/2026 14:38:47,"Yes, I agree to participate.",20-22,Prefer not to say,Tribhuvan University,BCA,2nd Year,2.5–2.99,3–4,71–80%,4,3-4,7–8,Less than 1 hour,3–4 days/week,Yes,6–8 hours,3,1,4,2,5,2,2,3,3,2,4,4,4,Stress,Often,3,3,Synthetic
8/26/2026 15:11:05,"Yes, I agree to participate.",20-22,Female,Other,MBBS,4th Year,2.5–2.99,3–4,71–80%,2,More than 6,Less than 5,3–4 hours,3–4 days/week,No,More than 8 hours,4,2,3,5,4,2,3,4,3,3,3,4,1,Tuition fees and hostel expenses,Very Often,4,4,Synthetic
8/26/2026 16:25:48,"Yes, I agree to participate.",23-25,Male,Tribhuvan University,BHM,2nd Year,3.0–3.49,1–2,71–80%,5,5-6,5–6,1–2 hours,Never,Yes,3–5 hours,5,2,5,4,5,2,2,5,1,2,4,4,1,"Balancing part-time job and classes, I don't get enough time to study",Very Often,3,5,Synthetic
8/26/2026 17:06:06,"Yes, I agree to participate.",17-19,Female,Sudurpaschim University,BCA,1st Year,2.0–2.49,5–6,71–80%,5,3-4,5–6,More than 6 hours,1–2 days/week,Yes,More than 8 hours,4,2,5,5,5,1,2,5,3,1,5,5,1,"Balancing part-time job and classes, I don't get enough time to study",Often,4,2,Synthetic
8/26/2026 19:43:07,"Yes, I agree to participate.",20-22,Female,Other,MBBS,1st Year,Not Available Yet,5–6,81–90%,1,3-4,More than 8,Less than 1 hour,5–6 days/week,No,6–8 hours,1,5,3,1,2,5,5,1,4,5,1,1,4,Exam routine keeps changing and results come very late,Rarely,2,4,Synthetic
8/26/2026 20:58:14,"Yes, I agree to participate.",20-22,Male,Sudurpaschim University,BCA,3rd Year,3.5–4.0,5–6,Above 90%,2,5-6,5–6,1–2 hours,3–4 days/week,No,6–8 hours,2,3,3,3,2,3,3,4,4,4,1,2,3,Ok,Sometimes,3,5,Synthetic
8/26/2026 21:46:30,"Yes, I agree to participate.",20-22,Prefer not to say,Tribhuvan University,MBBS,2nd Year,3.0–3.49,3–4,71–80%,3,1-2,5–6,More than 6 hours,3–4 days/week,No,More than 8 hours,2,2,3,3,4,4,2,2,2,3,4,3,1,Deadlines,Sometimes,4,2,Synthetic
8/27/2026 0:18:18,"Yes, I agree to participate.",Above 25,Female,Kathmandu University,MBBS,5th Year,3.5–4.0,3–4,71–80%,2,More than 6,More than 8,Less than 1 hour,1–2 days/week,No,Less than 3 hours,1,5,1,1,1,5,5,3,5,4,1,1,5,Job market is competitive and many seniors are still unemployed,Rarely,5,4,Synthetic
8/27/2026 0:22:08,"Yes, I agree to participate.",20-22,Female,Kathmandu University,MBBS,3rd Year,3.5–4.0,More than 6 hours,81–90%,3,1-2,Less than 5,3–4 hours,3–4 days/week,No,3–5 hours,3,2,4,4,4,1,2,5,3,2,5,3,2,Project submission deadlines clashing with exams,Often,4,3,Synthetic
8/27/2026 1:45:51,"Yes, I agree to participate.",23-25,Female,Agriculture and Forestry University,Agriculture,4th Year,3.5–4.0,5–6,Above 90%,2,3-4,Less than 5,3–4 hours,Never,Yes,3–5 hours,2,3,1,3,4,3,3,3,3,3,3,4,3,Career,Sometimes,3,4,Synthetic
8/27/2026 2:57:03,"Yes, I agree to participate.",23-25,Female,Tribhuvan University,BSc CSIT,4th Year,3.0–3.49,3–4,81–90%,2,3-4,5–6,5–6 hours,5–6 days/week,Yes,More than 8 hours,4,5,1,1,1,4,4,1,3,4,3,3,4,Job market is competitive and many seniors are still unemployed,Never,2,4,Synthetic
8/27/2026 5:47:15,"Yes, I agree to participate.",Above 25,Male,Sudurpaschim University,BCA,4th Year,3.5–4.0,3–4,81–90%,2,3-4,5–6,More than 6 hours,3–4 days/week,Yes,More than 8 hours,3,1,3,3,1,4,5,3,4,4,3,2,3,Study management,Sometimes,3,3,Synthetic
8/27/2026 6:13:44,"Yes, I agree to participate.",20-22,Female,Tribhuvan University,Agriculture,2nd Year,3.5–4.0,5–6,71–80%,2,3-4,Less than 5,3–4 hours,5–6 days/week,No,6–8 hours,3,2,3,2,2,2,3,3,4,1,4,2,2,Job market is competitive and many seniors are still unemployed,Rarely,4,4,Synthetic
8/27/2026 9:03:53,"Yes, I agree to participate.",23-25,Male,Tribhuvan University,BCA,2nd Year,3.5–4.0,1–2,71–80%,3,3-4,Less than 5,5–6 hours,3–4 days/week,Yes,More than 8 hours,5,4,4,5,4,2,2,5,3,2,4,5,3,Paying semester fees while living in Kathmandu is hard,Sometimes,2,3,Synthetic
8/27/2026 11:31:26,"Yes, I agree to participate.",20-22,Female,Purbanchal University,BSc Nursing,3rd Year,3.0–3.49,1–2,71–80%,4,More than 6,7–8,1–2 hours,3–4 days/week,No,Less than 3 hours,3,4,3,3,3,3,4,4,3,3,4,3,3,Parents compare me with relatives and toppers,Often,3,3,Synthetic
8/27/2026 11:35:07,"Yes, I agree to participate.",20-22,Male,Sudurpaschim University,BBS,3rd Year,3.5–4.0,More than 6 hours,81–90%,3,3-4,7–8,1–2 hours,Never,Yes,3–5 hours,3,5,2,2,3,5,4,2,4,4,1,3,3,Money,Never,2,4,Synthetic
8/27/2026 11:53:54,"Yes, I agree to participate.",17-19,Female,Sudurpaschim University,BCA,1st Year,3.5–4.0,5–6,Above 90%,3,More than 6,5–6,1–2 hours,3–4 days/week,Yes,3–5 hours,3,3,3,4,3,3,3,3,3,1,4,3,4,Lack of practical classes and resources,Sometimes,4,4,Synthetic
8/27/2026 12:41:52,"Yes, I agree to participate.",20-22,Male,Purbanchal University,BE/B.Tech,3rd Year,3.5–4.0,Less than 1,71–80%,2,1-2,5–6,Less than 1 hour,Daily,Yes,3–5 hours,3,4,1,2,2,5,4,1,4,5,3,1,4,Stress,Never,2,5,Synthetic
8/27/2026 19:04:56,"Yes, I agree to participate.",23-25,Female,Kathmandu University,BSc Nursing,4th Year,3.0–3.49,3–4,71–80%,2,More than 6,Less than 5,More than 6 hours,Never,No,More than 8 hours,3,2,4,3,2,3,3,4,3,4,2,4,4,"Procrastination, capstone projects.",Sometimes,4,3,Synthetic
8/27/2026 19:30:25,"Yes, I agree to participate.",Above 25,Male,Tribhuvan University,BCA,4th Year,3.5–4.0,1–2,71–80%,4,More than 6,5–6,More than 6 hours,Never,Yes,More than 8 hours,1,3,3,3,3,4,3,1,5,4,1,3,4,Project submission deadlines clashing with exams,Never,4,4,Synthetic
8/27/2026 19:39:15,"Yes, I agree to participate.",20-22,Female,Tribhuvan University,BSc Nursing,1st Year,3.0–3.49,3–4,81–90%,5,More than 6,5–6,3–4 hours,Never,No,6–8 hours,5,1,5,4,4,1,1,5,2,3,5,5,1,Unsure about future after graduation,Often,5,2,Synthetic
8/27/2026 19:55:50,"Yes, I agree to participate.",20-22,Female,Agriculture and Forestry University,Agriculture,3rd Year,3.0–3.49,1–2,60–70%,3,More than 6,Less than 5,1–2 hours,Never,Yes,3–5 hours,5,2,3,2,3,4,3,3,3,3,4,3,5,Job ,Sometimes,3,3,Synthetic
8/27/2026 20:05:22,"Yes, I agree to participate.",20-22,Male,Tribhuvan University,BCA,1st Year,Not Available Yet,5–6,60–70%,4,3-4,Less than 5,3–4 hours,1–2 days/week,No,More than 8 hours,4,3,3,3,3,3,2,3,2,2,4,4,2,Financial pressure because my family struggles to pay tuition,Rarely,4,3,Synthetic
8/27/2026 23:18:16,"Yes, I agree to participate.",23-25,Prefer not to say,Tribhuvan University,BSc Nursing,4th Year,2.5–2.99,3–4,Below 60%,4,3-4,7–8,1–2 hours,1–2 days/week,Yes,6–8 hours,3,1,5,5,5,2,2,5,1,2,5,5,1,Capstone projects.,Often,3,3,Synthetic
8/27/2026 23:40:55,"Yes, I agree to participate.",Above 25,Male,Tribhuvan University,BIM,3rd Year,Below 2.0,Less than 1,71–80%,4,1-2,5–6,1–2 hours,Never,Yes,3–5 hours,3,2,5,4,3,3,3,4,2,2,3,3,2,"Working part time and studying at the same time, multiple assignments",Rarely,3,1,Synthetic
8/28/2026 1:45:17,"Yes, I agree to participate.",23-25,Male,Tribhuvan University,BHM,4th Year,2.5–2.99,1–2,81–90%,2,1-2,5–6,1–2 hours,1–2 days/week,No,6–8 hours,2,3,3,3,3,3,5,2,4,3,2,2,4,Sometimes,Rarely,3,4,Synthetic
8/28/2026 2:46:20,"Yes, I agree to participate.",20-22,Male,Other,BDS,4th Year,3.5–4.0,5–6,71–80%,2,More than 6,7–8,3–4 hours,1–2 days/week,No,6–8 hours,2,3,2,3,2,4,4,2,5,4,2,3,4,"Exams, because the whole year's result depends on the final board exam",Sometimes,2,4,Synthetic
8/28/2026 2:48:20,"Yes, I agree to participate.",20-22,Male,Tribhuvan University,MBBS,1st Year,3.5–4.0,3–4,71–80%,1,More than 6,7–8,More than 6 hours,Never,No,More than 8 hours,2,4,1,2,1,2,4,2,4,4,2,1,4,Sometimes,Rarely,2,3,Synthetic
8/28/2026 4:14:06,"Yes, I agree to participate.",23-25,Female,Other,BSc Nursing,4th Year,3.0–3.49,3–4,71–80%,1,5-6,More than 8,5–6 hours,1–2 days/week,No,More than 8 hours,3,5,1,1,1,3,5,1,5,5,1,2,5,"Exam routine keeps changing and results come very late, project submission deadlines clashing with exams",Rarely,3,4,Synthetic
8/28/2026 4:30:59,"Yes, I agree to participate.",23-25,Female,Tribhuvan University,BSc Nursing,4th Year,3.0–3.49,1–2,71–80%,3,5-6,5–6,5–6 hours,3–4 days/week,No,6–8 hours,3,4,2,3,3,3,4,2,3,4,3,3,4,Internal assessments and assignments piling up together,Sometimes,2,4,Synthetic
8/28/2026 6:19:28,"Yes, I agree to participate.",20-22,Female,Tribhuvan University,BCA,2nd Year,Below 2.0,Less than 1,60–70%,2,More than 6,More than 8,3–4 hours,1–2 days/week,Yes,6–8 hours,4,3,2,3,3,3,4,5,3,4,2,2,4,Assignment ,Sometimes,1,2,Synthetic
8/28/2026 8:12:42,"Yes, I agree to participate.",23-25,Male,Tribhuvan University,BCA,4th Year,2.5–2.99,3–4,81–90%,3,3-4,5–6,3–4 hours,1–2 days/week,Yes,More than 8 hours,1,3,3,4,3,3,4,3,1,3,2,3,4,Career,Rarely,5,2,Synthetic
8/28/2026 12:09:31,"Yes, I agree to participate.",23-25,Female,Tribhuvan University,Law(LLB),4th Year,3.5–4.0,More than 6 hours,Above 90%,4,5-6,7–8,1–2 hours,Never,Yes,More than 8 hours,4,3,3,4,2,3,2,2,5,2,3,3,4,Job ,Rarely,3,3,Synthetic
8/28/2026 12:10:34,"Yes, I agree to participate.",20-22,Male,Tribhuvan University,BBS,1st Year,2.0–2.49,Less than 1,71–80%,4,3-4,5–6,More than 6 hours,1–2 days/week,No,More than 8 hours,3,1,5,5,5,1,3,5,1,2,4,5,1,Not able to focus because of phone,Very Often,4,1,Synthetic
8/28/2026 14:48:27,"Yes, I agree to participate.",17-19,Male,Other,BDS,1st Year,3.5–4.0,More than 6 hours,81–90%,3,3-4,5–6,1–2 hours,1–2 days/week,Yes,More than 8 hours,3,3,4,4,3,2,2,3,2,1,5,4,2,Financial ,Sometimes,3,3,Synthetic
8/28/2026 16:33:35,"Yes, I agree to participate.",20-22,Female,Rajarshi Janak University,BCA,3rd Year,2.5–2.99,Less than 1,71–80%,4,3-4,Less than 5,3–4 hours,Never,Yes,More than 8 hours,3,3,3,4,3,3,3,3,3,4,2,3,4,Assignments because multiple deadlines occur at the same time,Often,2,2,Synthetic
8/28/2026 19:45:16,"Yes, I agree to participate.",23-25,Male,Tribhuvan University,BIM,4th Year,2.5–2.99,Less than 1,60–70%,5,More than 6,7–8,3–4 hours,3–4 days/week,Yes,6–8 hours,4,2,5,5,4,3,2,5,2,4,3,3,4,Project submission deadlines clashing with exams,Rarely,4,3,Synthetic
8/28/2026 23:59:12,"Yes, I agree to participate.",Above 25,Male,Purbanchal University,BCA,2nd Year,3.0–3.49,1–2,81–90%,4,1-2,5–6,1–2 hours,1–2 days/week,No,6–8 hours,4,2,3,3,5,4,1,2,2,2,2,3,2,Future career,Often,4,3,Synthetic
8/29/2026 3:52:52,"Yes, I agree to participate.",20-22,Prefer not to say,Tribhuvan University,Agriculture,2nd Year,3.0–3.49,5–6,81–90%,3,3-4,Less than 5,5–6 hours,3–4 days/week,No,More than 8 hours,2,3,3,4,4,2,2,3,1,3,4,4,1,Future career,Rarely,4,3,Synthetic
8/29/2026 4:52:26,"Yes, I agree to participate.",20-22,Male,Other,BSc Nursing,2nd Year,2.5–2.99,1–2,71–80%,4,5-6,5–6,3–4 hours,Never,No,6–8 hours,4,4,4,4,3,3,2,5,3,2,4,3,2,Future career,Often,2,3,Synthetic
8/29/2026 5:09:10,"Yes, I agree to participate.",23-25,Female,Tribhuvan University,BE/B.Tech,4th Year,3.0–3.49,1–2,71–80%,2,3-4,More than 8,1–2 hours,1–2 days/week,No,6–8 hours,2,1,2,2,2,3,4,2,3,4,3,1,4,Deadlines,Often,5,5,Synthetic
8/29/2026 5:43:46,"Yes, I agree to participate.",23-25,Prefer not to say,Tribhuvan University,BDS,3rd Year,2.5–2.99,1–2,71–80%,3,5-6,7–8,Less than 1 hour,1–2 days/week,No,3–5 hours,3,4,2,2,3,4,5,4,4,3,3,2,4,Unsure about future after graduation,Rarely,4,5,Synthetic
8/29/2026 6:41:28,"Yes, I agree to participate.",17-19,Female,Pokhara University,MBBS,1st Year,3.5–4.0,5–6,Above 90%,2,5-6,More than 8,1–2 hours,5–6 days/week,No,6–8 hours,3,3,2,2,2,4,5,3,3,4,3,2,4,Board exams,Sometimes,2,5,Synthetic
8/29/2026 8:14:37,"Yes, I agree to participate.",20-22,Male,Tribhuvan University,BSc CSIT,4th Year,2.5–2.99,Less than 1,71–80%,1,3-4,7–8,1–2 hours,Never,Yes,Less than 3 hours,3,5,2,2,1,4,4,2,4,5,2,2,4,Assignments because multiple deadlines occur at the same time,Rarely,5,4,Synthetic
8/29/2026 8:25:34,"Yes, I agree to participate.",23-25,Female,Other,BDS,5th Year,3.5–4.0,5–6,81–90%,4,3-4,5–6,3–4 hours,1–2 days/week,No,6–8 hours,5,3,4,5,5,2,2,5,3,1,4,5,3,Too many assignments and lab reports with the same deadline,Very Often,4,3,Synthetic
8/29/2026 9:18:29,"Yes, I agree to participate.",17-19,Female,Other,BSc Nursing,1st Year,Not Available Yet,3–4,60–70%,5,3-4,Less than 5,1–2 hours,1–2 days/week,No,3–5 hours,4,2,5,5,4,2,2,4,3,3,4,3,3,Family pressure,Very Often,3,2,Synthetic
8/29/2026 9:25:12,"Yes, I agree to participate.",23-25,Female,Sudurpaschim University,BCA,4th Year,2.5–2.99,3–4,60–70%,4,1-2,7–8,3–4 hours,1–2 days/week,Yes,6–8 hours,5,4,4,3,3,4,3,3,2,3,5,3,3,Money,Rarely,4,3,Synthetic
8/29/2026 9:28:00,"Yes, I agree to participate.",23-25,Male,Tribhuvan University,BSc CSIT,2nd Year,Not Available Yet,Less than 1,81–90%,3,More than 6,5–6,Less than 1 hour,1–2 days/week,No,6–8 hours,3,2,4,3,5,2,2,5,1,2,4,3,3,Too many assignments and lab reports with the same deadline,Often,5,3,Synthetic
8/29/2026 9:38:12,"Yes, I agree to participate.",20-22,Male,Pokhara University,BHM,2nd Year,Not Available Yet,1–2,60–70%,2,5-6,5–6,3–4 hours,1–2 days/week,Yes,More than 8 hours,3,2,4,2,3,4,4,2,4,3,3,2,2,"Too many assignments and lab reports with the same deadline, unfair grading in internal marks",Often,3,2,Synthetic
8/29/2026 12:36:12,"Yes, I agree to participate.",23-25,Female,Pokhara University,BCA,4th Year,2.5–2.99,1–2,71–80%,4,5-6,5–6,Less than 1 hour,1–2 days/week,Yes,3–5 hours,3,1,4,4,4,3,2,3,2,2,5,4,3,Strict attendance requirement,Rarely,3,3,Synthetic
8/29/2026 15:53:31,"Yes, I agree to participate.",20-22,Female,Tribhuvan University,BE/B.Tech,4th Year,2.5–2.99,Less than 1,60–70%,4,5-6,5–6,3–4 hours,3–4 days/week,Yes,More than 8 hours,4,3,5,4,4,2,2,4,3,3,5,5,4,"Exams, because the whole year's result depends on the final board exam, final year project and internship",Often,3,1,Synthetic
8/29/2026 16:44:24,"Yes, I agree to participate.",17-19,Male,Rajarshi Janak University,Agriculture,1st Year,Not Available Yet,1–2,Above 90%,2,1-2,7–8,1–2 hours,3–4 days/week,Yes,3–5 hours,3,1,3,3,3,2,3,3,3,3,4,3,3,Unsure about future after graduation,Sometimes,3,3,Synthetic
8/29/2026 17:34:18,"Yes, I agree to participate.",20-22,Prefer not to say,Pokhara University,BCA,2nd Year,3.0–3.49,1–2,71–80%,1,3-4,5–6,3–4 hours,1–2 days/week,Yes,More than 8 hours,3,3,2,2,3,4,5,2,4,5,3,3,4,Working part time and studying at the same time,Rarely,4,5,Synthetic
8/29/2026 21:39:09,"Yes, I agree to participate.",Above 25,Prefer not to say,Purbanchal University,BCA,2nd Year,3.5–4.0,1–2,71–80%,3,1-2,Less than 5,3–4 hours,3–4 days/week,No,6–8 hours,3,4,3,3,3,3,3,3,4,3,2,2,4,Nothing much,Rarely,4,5,Synthetic
8/29/2026 21:56:49,"Yes, I agree to participate.",20-22,Female,Tribhuvan University,BCA,4th Year,2.0–2.49,3–4,Above 90%,5,More than 6,5–6,1–2 hours,3–4 days/week,Yes,3–5 hours,4,2,5,5,5,1,1,5,1,1,5,5,2,Future career,Very Often,3,1,Synthetic
8/29/2026 23:27:13,"Yes, I agree to participate.",Above 25,Prefer not to say,Other,BDS,5th Year,3.5–4.0,3–4,71–80%,2,More than 6,7–8,Less than 1 hour,1–2 days/week,No,6–8 hours,2,4,3,2,2,4,4,2,3,5,1,2,5,Thesis and internship report,Rarely,2,5,Synthetic
8/30/2026 2:22:47,"Yes, I agree to participate.",20-22,Female,Rajarshi Janak University,BCA,3rd Year,3.0–3.49,1–2,71–80%,1,5-6,5–6,1–2 hours,3–4 days/week,No,6–8 hours,3,5,2,3,3,4,4,2,5,4,3,1,4,Frequent internal exams and practicals,Rarely,2,3,Synthetic
8/30/2026 3:39:32,"Yes, I agree to participate.",23-25,Male,Agriculture and Forestry University,Agriculture,2nd Year,3.0–3.49,1–2,60–70%,3,3-4,5–6,3–4 hours,1–2 days/week,Yes,More than 8 hours,3,3,2,2,4,4,2,2,3,3,2,3,3,Exams ,Rarely,4,3,Synthetic
8/30/2026 3:53:09,"Yes, I agree to participate.",20-22,Female,Purbanchal University,BCA,4th Year,2.0–2.49,Less than 1,60–70%,5,More than 6,5–6,3–4 hours,1–2 days/week,Yes,6–8 hours,5,3,5,4,4,2,2,4,2,2,5,5,2,Nothing much,Never,5,3,Synthetic
8/30/2026 4:21:50,"Yes, I agree to participate.",17-19,Female,Purbanchal University,Agriculture,1st Year,Not Available Yet,1–2,71–80%,2,More than 6,7–8,5–6 hours,1–2 days/week,No,More than 8 hours,2,4,3,3,1,4,4,1,5,4,3,2,4,Unsure ,Sometimes,3,5,Synthetic
8/30/2026 9:38:18,"Yes, I agree to participate.",23-25,Female,Tribhuvan University,BSc CSIT,2nd Year,3.5–4.0,5–6,81–90%,3,More than 6,7–8,5–6 hours,Never,No,More than 8 hours,3,1,2,3,3,3,3,2,4,3,3,4,3,Study management,Sometimes,3,3,Synthetic
8/30/2026 10:35:53,"Yes, I agree to participate.",17-19,Male,Kathmandu University,BE/B.Tech,1st Year,3.5–4.0,3–4,81–90%,3,3-4,More than 8,1–2 hours,3–4 days/week,No,6–8 hours,4,3,2,3,3,4,4,3,3,3,3,3,4,Future career,Sometimes,3,5,Synthetic
8/30/2026 16:48:32,"Yes, I agree to participate.",17-19,Prefer not to say,Tribhuvan University,BIM,3rd Year,3.0–3.49,1–2,60–70%,4,3-4,5–6,3–4 hours,1–2 days/week,No,6–8 hours,2,3,5,4,3,2,3,4,3,2,4,4,2,Unfair grading in internal marks,Often,3,3,Synthetic
8/30/2026 17:57:24,"Yes, I agree to participate.",20-22,Male,Purbanchal University,Agriculture,2nd Year,2.0–2.49,Less than 1,71–80%,3,3-4,Less than 5,5–6 hours,1–2 days/week,No,More than 8 hours,4,4,4,4,5,2,2,4,1,1,4,3,1,Assignment ,Often,5,3,Synthetic
8/30/2026 20:54:15,"Yes, I agree to participate.",23-25,Male,Purbanchal University,BHM,3rd Year,3.0–3.49,1–2,71–80%,4,More than 6,Less than 5,Less than 1 hour,5–6 days/week,Yes,6–8 hours,2,3,1,2,2,4,4,1,4,4,1,2,3,"TU exam pattern, everything depends on final exam",Rarely,2,4,Synthetic
8/30/2026 23:52:35,"Yes, I agree to participate.",17-19,Male,Sudurpaschim University,BCA,1st Year,Not Available Yet,5–6,81–90%,1,More than 6,7–8,Less than 1 hour,3–4 days/week,Yes,6–8 hours,4,4,2,1,1,5,5,2,5,5,1,1,4,Not able to focus because of phone,Never,3,5,Synthetic
8/31/2026 0:46:52,"Yes, I agree to participate.",23-25,Female,Tribhuvan University,BDS,4th Year,2.0–2.49,1–2,71–80%,3,More than 6,Less than 5,1–2 hours,1–2 days/week,Yes,Less than 3 hours,4,4,3,4,4,2,2,3,1,1,5,4,3,Office hours clash with college time,Sometimes,4,3,Synthetic
8/31/2026 2:44:31,"Yes, I agree to participate.",23-25,Female,Tribhuvan University,BSc CSIT,4th Year,2.5–2.99,1–2,Below 60%,5,More than 6,5–6,1–2 hours,3–4 days/week,Yes,3–5 hours,3,3,5,3,4,2,2,4,2,3,4,3,2,Family pressure,Often,4,5,Synthetic
8/31/2026 4:45:35,"Yes, I agree to participate.",20-22,Female,Tribhuvan University,BSc CSIT,3rd Year,2.5–2.99,Less than 1,71–80%,2,More than 6,7–8,1–2 hours,Never,Yes,3–5 hours,3,4,2,2,2,3,3,2,3,3,2,4,3,Multiple assignments ,Never,4,5,Synthetic
8/31/2026 7:29:42,"Yes, I agree to participate.",17-19,Male,Sudurpaschim University,BCA,1st Year,Not Available Yet,Less than 1,71–80%,3,3-4,More than 8,3–4 hours,5–6 days/week,Yes,3–5 hours,2,3,1,3,3,3,3,2,2,5,2,3,4,Future career,Sometimes,3,3,Synthetic
8/31/2026 7:34:54,"Yes, I agree to participate.",Above 25,Female,Purbanchal University,Agriculture,2nd Year,3.5–4.0,3–4,71–80%,1,3-4,5–6,1–2 hours,3–4 days/week,Yes,6–8 hours,3,4,1,1,1,5,5,2,5,5,1,3,4,Office hours clash with college time,Rarely,2,3,Synthetic
8/31/2026 7:56:43,"Yes, I agree to participate.",23-25,Male,Purbanchal University,BCA,4th Year,2.5–2.99,1–2,60–70%,3,More than 6,More than 8,Less than 1 hour,Never,Yes,3–5 hours,4,4,3,3,3,2,4,4,4,4,3,4,3,Parents compare me with relatives and toppers,Sometimes,4,4,Synthetic
8/31/2026 8:13:00,"Yes, I agree to participate.",20-22,Female,Pokhara University,BCA,4th Year,2.5–2.99,1–2,71–80%,1,3-4,5–6,1–2 hours,3–4 days/week,No,6–8 hours,4,3,2,2,3,3,2,3,4,4,1,3,3,Capstone projects.,Rarely,5,4,Synthetic
8/31/2026 9:08:14,"Yes, I agree to participate.",20-22,Female,Tribhuvan University,BE/B.Tech,4th Year,3.0–3.49,3–4,60–70%,4,5-6,7–8,3–4 hours,Daily,Yes,More than 8 hours,2,3,3,3,3,2,3,4,2,3,3,2,2,Future career concerns because I am unsure about job opportunities,Often,5,4,Synthetic
8/31/2026 10:15:13,"Yes, I agree to participate.",20-22,Prefer not to say,Kathmandu University,MBBS,4th Year,3.0–3.49,3–4,71–80%,1,More than 6,7–8,5–6 hours,1–2 days/week,No,More than 8 hours,2,3,2,2,1,5,5,2,5,4,1,1,5,Unsure about future after graduation,Never,2,4,Synthetic
8/31/2026 12:28:55,"Yes, I agree to participate.",Above 25,Male,Tribhuvan University,BSc CSIT,4th Year,3.0–3.49,1–2,71–80%,3,1-2,Less than 5,3–4 hours,5–6 days/week,Yes,3–5 hours,3,4,4,3,3,3,3,2,3,4,3,2,4,Internal assessments and assignments piling up together,Sometimes,2,3,Synthetic
8/31/2026 13:34:55,"Yes, I agree to participate.",Above 25,Female,Tribhuvan University,BSc CSIT,3rd Year,3.0–3.49,3–4,60–70%,1,5-6,7–8,1–2 hours,1–2 days/week,Yes,6–8 hours,3,5,1,1,1,5,5,2,5,4,1,1,5,Job market is competitive and many seniors are still unemployed,Never,2,4,Synthetic
8/31/2026 13:58:53,"Yes, I agree to participate.",23-25,Male,Sudurpaschim University,BCA,3rd Year,2.0–2.49,3–4,60–70%,1,3-4,5–6,Less than 1 hour,3–4 days/week,Yes,Less than 3 hours,2,4,1,1,1,4,4,1,5,4,1,1,5,Strict attendance requirement,Rarely,2,4,Synthetic
8/31/2026 23:29:32,"Yes, I agree to participate.",20-22,Prefer not to say,Rajarshi Janak University,Agriculture,4th Year,2.0–2.49,Less than 1,81–90%,5,5-6,5–6,1–2 hours,Never,Yes,6–8 hours,5,1,3,4,4,1,3,4,3,3,5,5,2,"Exams, because the whole year's result depends on the final board exam",Very Often,4,1,Synthetic
9/1/2026 0:00:03,"Yes, I agree to participate.",23-25,Prefer not to say,Other,BDS,5th Year,3.0–3.49,3–4,71–80%,3,3-4,7–8,Less than 1 hour,3–4 days/week,No,3–5 hours,2,2,2,2,1,3,3,1,5,4,2,1,4,Future ,Rarely,3,4,Synthetic
9/1/2026 0:03:39,"Yes, I agree to participate.",17-19,Prefer not to say,Agriculture and Forestry University,Agriculture,1st Year,Not Available Yet,1–2,71–80%,4,1-2,5–6,3–4 hours,1–2 days/week,Yes,More than 8 hours,3,1,1,3,3,3,4,4,3,2,3,3,3,Outdated syllabus and theory heavy teaching,Sometimes,2,2,Synthetic
9/1/2026 0:25:32,"Yes, I agree to participate.",23-25,Prefer not to say,Tribhuvan University,BSc CSIT,3rd Year,2.0–2.49,1–2,60–70%,3,1-2,7–8,3–4 hours,1–2 days/week,No,6–8 hours,4,2,5,4,4,3,3,3,2,1,5,4,2,Too many assignments and lab reports with the same deadline,Often,3,2,Synthetic
9/1/2026 2:06:49,"Yes, I agree to participate.",20-22,Female,Tribhuvan University,BSc CSIT,4th Year,3.5–4.0,Less than 1,81–90%,1,More than 6,7–8,3–4 hours,Never,Yes,3–5 hours,2,4,2,1,2,5,5,1,5,4,1,1,4,Working part time and studying at the same time,Never,4,4,Synthetic
9/1/2026 2:34:39,"Yes, I agree to participate.",23-25,Male,Tribhuvan University,BSc CSIT,3rd Year,3.0–3.49,1–2,71–80%,1,1-2,7–8,1–2 hours,3–4 days/week,Yes,3–5 hours,1,3,1,1,2,5,4,1,4,4,1,1,5,Job ,Rarely,1,5,Synthetic
9/1/2026 3:38:20,"Yes, I agree to participate.",20-22,Female,Tribhuvan University,BHM,2nd Year,2.5–2.99,Less than 1,81–90%,4,5-6,5–6,3–4 hours,Never,No,More than 8 hours,4,2,4,5,4,2,1,5,2,2,4,4,2,Lack of practical classes and resources,Often,3,2,Synthetic
9/1/2026 4:04:48,"Yes, I agree to participate.",Above 25,Female,Sudurpaschim University,BSc CSIT,4th Year,2.5–2.99,1–2,60–70%,4,More than 6,5–6,1–2 hours,Never,Yes,6–8 hours,2,3,4,4,3,2,2,3,3,4,3,3,3,Future ,Sometimes,3,3,Synthetic
9/1/2026 5:35:33,"Yes, I agree to participate.",20-22,Male,Rajarshi Janak University,BCA,1st Year,Not Available Yet,1–2,81–90%,1,3-4,5–6,Less than 1 hour,Never,Yes,Less than 3 hours,3,5,2,1,2,4,5,2,4,4,3,3,4,Job ,Never,1,4,Synthetic
9/1/2026 7:22:48,"Yes, I agree to participate.",20-22,Female,Kathmandu University,MBBS,2nd Year,2.5–2.99,5–6,71–80%,5,3-4,5–6,5–6 hours,3–4 days/week,No,More than 8 hours,2,2,4,3,3,1,2,3,2,3,4,3,3,Too many assignments and lab reports with the same deadline,Often,3,3,Synthetic
9/1/2026 9:13:42,"Yes, I agree to participate.",20-22,Male,Agriculture and Forestry University,Agriculture,3rd Year,2.5–2.99,Less than 1,60–70%,3,More than 6,5–6,3–4 hours,3–4 days/week,No,More than 8 hours,2,2,2,4,2,5,4,3,4,4,1,1,3,Not able to focus because of phone,Never,2,4,Synthetic
9/1/2026 11:30:50,"Yes, I agree to participate.",20-22,Male,Pokhara University,BE/B.Tech,2nd Year,3.5–4.0,1–2,Above 90%,3,1-2,7–8,1–2 hours,5–6 days/week,Yes,6–8 hours,3,5,3,2,3,4,5,2,4,5,1,2,5,Pressure to go abroad after graduation,Never,3,5,Synthetic
9/1/2026 14:12:50,"Yes, I agree to participate.",20-22,Female,Tribhuvan University,BDS,2nd Year,3.5–4.0,3–4,71–80%,5,More than 6,Less than 5,3–4 hours,3–4 days/week,Yes,6–8 hours,3,2,4,3,4,3,2,5,3,3,5,5,2,Too many assignments and lab reports with the same deadline,Sometimes,4,4,Synthetic
9/1/2026 15:50:54,"Yes, I agree to participate.",17-19,Male,Tribhuvan University,BCA,1st Year,Not Available Yet,1–2,81–90%,4,3-4,5–6,3–4 hours,5–6 days/week,No,3–5 hours,3,1,5,4,4,2,3,5,2,1,4,4,1,"Exams, because the whole year's result depends on the final board exam",Often,5,3,Synthetic
9/1/2026 16:53:32,"Yes, I agree to participate.",23-25,Female,Tribhuvan University,BSc CSIT,3rd Year,2.5–2.99,3–4,81–90%,4,3-4,5–6,3–4 hours,Never,No,6–8 hours,4,3,4,5,5,2,2,4,2,3,5,5,3,Assignments because multiple deadlines occur at the same time,Very Often,4,3,Synthetic
9/1/2026 23:28:56,"Yes, I agree to participate.",23-25,Male,Tribhuvan University,BSc CSIT,4th Year,3.0–3.49,1–2,81–90%,4,5-6,7–8,5–6 hours,3–4 days/week,No,3–5 hours,3,4,3,3,3,2,4,2,2,2,3,3,3,Ok,Sometimes,2,5,Synthetic
9/2/2026 0:03:08,"Yes, I agree to participate.",20-22,Female,Other,BSc Nursing,1st Year,Not Available Yet,1–2,71–80%,5,5-6,7–8,5–6 hours,Never,No,More than 8 hours,3,3,4,4,4,3,3,4,2,1,5,3,1,"Exams, because the whole year's result depends on the final board exam",Sometimes,4,1,Synthetic
9/2/2026 0:17:32,"Yes, I agree to participate.",23-25,Male,Tribhuvan University,BDS,5th Year,3.0–3.49,3–4,81–90%,2,3-4,More than 8,3–4 hours,1–2 days/week,No,3–5 hours,3,5,1,1,2,3,4,1,4,4,1,3,4,Job market is competitive and many seniors are still unemployed,Rarely,3,4,Synthetic
9/2/2026 0:31:45,"Yes, I agree to participate.",23-25,Female,Tribhuvan University,BSc CSIT,4th Year,3.0–3.49,1–2,81–90%,2,More than 6,5–6,1–2 hours,1–2 days/week,Yes,6–8 hours,4,1,2,3,4,3,4,3,3,4,5,3,2,Board exams,Often,4,3,Synthetic
9/2/2026 3:42:17,"Yes, I agree to participate.",23-25,Prefer not to say,Other,BDS,3rd Year,3.5–4.0,5–6,Above 90%,3,5-6,5–6,3–4 hours,Never,No,More than 8 hours,2,3,2,3,3,4,4,2,4,2,3,2,4,Frustration ,Sometimes,4,4,Synthetic
9/2/2026 8:25:01,"Yes, I agree to participate.",23-25,Prefer not to say,Pokhara University,MBBS,3rd Year,3.5–4.0,3–4,60–70%,3,1-2,Less than 5,5–6 hours,1–2 days/week,Yes,More than 8 hours,4,4,3,5,4,2,2,4,2,2,3,3,2,"TU exam pattern, everything depends on final exam",Very Often,2,3,Synthetic
9/2/2026 10:08:11,"Yes, I agree to participate.",23-25,Prefer not to say,Tribhuvan University,BCA,2nd Year,2.0–2.49,1–2,71–80%,3,3-4,5–6,1–2 hours,3–4 days/week,No,6–8 hours,3,5,5,3,4,2,2,4,2,2,3,4,3,Financial ,Very Often,4,2,Synthetic
9/2/2026 10:55:54,"Yes, I agree to participate.",20-22,Female,Sudurpaschim University,BCA,1st Year,Not Available Yet,1–2,71–80%,3,More than 6,5–6,5–6 hours,Never,Yes,6–8 hours,3,4,1,4,3,3,3,2,3,3,4,3,4,Time management,Sometimes,4,3,Synthetic
9/2/2026 15:23:42,"Yes, I agree to participate.",20-22,Female,Tribhuvan University,BSc CSIT,2nd Year,2.5–2.99,3–4,Above 90%,3,1-2,Less than 5,1–2 hours,1–2 days/week,No,3–5 hours,3,3,2,4,2,3,4,3,3,3,2,4,3,Too many assignments and lab reports with the same deadline,Sometimes,4,3,Synthetic
9/2/2026 17:49:10,"Yes, I agree to participate.",20-22,Female,Sudurpaschim University,BCA,4th Year,Not Available Yet,Less than 1,81–90%,4,3-4,7–8,3–4 hours,1–2 days/week,Yes,3–5 hours,3,2,4,3,4,2,2,4,4,2,4,3,2,Job market is competitive and many seniors are still unemployed,Sometimes,4,3,Synthetic
9/2/2026 18:23:22,"Yes, I agree to participate.",20-22,Female,Purbanchal University,BE/B.Tech,2nd Year,3.5–4.0,5–6,Above 90%,2,3-4,More than 8,1–2 hours,3–4 days/week,Yes,3–5 hours,4,5,1,1,1,5,5,2,5,5,1,1,4,"TU exam pattern, everything depends on final exam",Rarely,3,5,Synthetic
9/2/2026 18:45:56,"Yes, I agree to participate.",23-25,Male,Tribhuvan University,BSc CSIT,4th Year,2.5–2.99,1–2,60–70%,4,3-4,5–6,1–2 hours,Never,No,6–8 hours,4,3,5,4,5,1,1,4,2,2,4,4,2,Too many assignments and lab reports with the same deadline,Sometimes,4,4,Synthetic
9/2/2026 21:09:25,"Yes, I agree to participate.",23-25,Prefer not to say,Agriculture and Forestry University,Agriculture,3rd Year,3.0–3.49,1–2,71–80%,2,3-4,7–8,3–4 hours,1–2 days/week,Yes,3–5 hours,3,2,2,3,3,4,4,3,4,3,2,4,3,Exam routine keeps changing and results come very late,Rarely,3,3,Synthetic
9/3/2026 1:29:10,"Yes, I agree to participate.",23-25,Female,Pokhara University,MBBS,5th Year,3.0–3.49,3–4,71–80%,3,More than 6,5–6,3–4 hours,1–2 days/week,Yes,More than 8 hours,4,1,3,3,3,3,3,3,3,4,3,3,2,Unsure ,Rarely,3,4,Synthetic
9/3/2026 1:33:14,"Yes, I agree to participate.",Above 25,Male,Tribhuvan University,MBBS,4th Year,3.5–4.0,More than 6 hours,Above 90%,2,More than 6,5–6,1–2 hours,3–4 days/week,No,6–8 hours,3,2,2,1,2,4,3,3,3,4,1,2,4,Assignments because multiple deadlines occur at the same time,Never,2,5,Synthetic
9/3/2026 2:17:09,"Yes, I agree to participate.",20-22,Male,Tribhuvan University,BCA,2nd Year,2.5–2.99,1–2,81–90%,3,1-2,Less than 5,1–2 hours,5–6 days/week,No,3–5 hours,4,5,3,2,2,2,4,2,3,4,3,2,4,Financial ,Sometimes,4,3,Synthetic
9/3/2026 3:15:42,"Yes, I agree to participate.",23-25,Male,Kathmandu University,BDS,3rd Year,3.0–3.49,5–6,71–80%,3,5-6,5–6,3–4 hours,3–4 days/week,No,More than 8 hours,3,2,4,3,4,3,1,5,2,2,3,4,4,"Result delays and session delays in university, internal assessments and assignments piling up together",Often,4,3,Synthetic
9/3/2026 3:47:59,"Yes, I agree to participate.",17-19,Male,Tribhuvan University,BSc CSIT,1st Year,Not Available Yet,Less than 1,60–70%,5,3-4,5–6,3–4 hours,1–2 days/week,No,More than 8 hours,3,3,4,3,3,2,2,4,2,2,4,5,3,Multiple assignments ,Very Often,4,3,Synthetic
9/3/2026 5:20:38,"Yes, I agree to participate.",20-22,Female,Tribhuvan University,BDS,2nd Year,2.0–2.49,1–2,60–70%,3,3-4,7–8,1–2 hours,1–2 days/week,No,6–8 hours,3,2,2,3,3,3,3,4,3,4,3,4,3,"TU exam pattern, everything depends on final exam",Never,2,5,Synthetic
9/3/2026 8:14:22,"Yes, I agree to participate.",23-25,Female,Kathmandu University,BE/B.Tech,4th Year,2.5–2.99,Less than 1,71–80%,2,1-2,7–8,3–4 hours,5–6 days/week,No,6–8 hours,3,5,3,3,2,4,3,2,4,4,1,2,4,Exams ,Sometimes,2,4,Synthetic
9/3/2026 9:17:49,"Yes, I agree to participate.",23-25,Prefer not to say,Tribhuvan University,BCA,4th Year,2.0–2.49,3–4,60–70%,4,5-6,5–6,5–6 hours,1–2 days/week,No,More than 8 hours,3,2,5,4,4,1,1,5,1,2,4,5,3,Pressure to go abroad after graduation,Often,4,2,Synthetic
9/3/2026 10:20:19,"Yes, I agree to participate.",Above 25,Female,Tribhuvan University,BSc CSIT,3rd Year,3.0–3.49,3–4,60–70%,3,More than 6,Less than 5,1–2 hours,Never,Yes,6–8 hours,4,1,4,3,5,2,3,4,2,2,5,5,3,Job ,Sometimes,4,3,Synthetic
9/3/2026 11:32:40,"Yes, I agree to participate.",20-22,Prefer not to say,Tribhuvan University,BHM,3rd Year,2.5–2.99,Less than 1,60–70%,3,1-2,7–8,1–2 hours,3–4 days/week,Yes,3–5 hours,3,3,2,2,2,4,4,2,4,3,2,2,3,Financial pressure because my family struggles to pay tuition,Never,5,4,Synthetic
9/3/2026 11:57:28,"Yes, I agree to participate.",20-22,Male,Tribhuvan University,BSc CSIT,2nd Year,3.0–3.49,5–6,81–90%,3,1-2,7–8,3–4 hours,Never,Yes,3–5 hours,3,3,3,3,3,2,3,4,1,3,4,3,3,Not able to focus because of phone,Often,4,3,Synthetic
9/3/2026 12:07:53,"Yes, I agree to participate.",20-22,Prefer not to say,Purbanchal University,BSc Nursing,3rd Year,2.0–2.49,Less than 1,71–80%,4,3-4,5–6,3–4 hours,Daily,No,More than 8 hours,4,4,2,2,2,3,3,2,3,3,2,2,4,"Future career concerns because I am unsure about job opportunities, assignments because multiple deadlines occur at the same time",Rarely,5,3,Synthetic
9/3/2026 12:55:57,"Yes, I agree to participate.",17-19,Male,Other,MBBS,1st Year,3.5–4.0,More than 6 hours,Above 90%,4,More than 6,5–6,1–2 hours,5–6 days/week,No,6–8 hours,2,1,3,4,4,3,1,4,3,3,4,4,3,Sometimes,Sometimes,3,5,Synthetic
9/3/2026 20:01:42,"Yes, I agree to participate.",23-25,Female,Kathmandu University,BSc Nursing,3rd Year,3.0–3.49,5–6,81–90%,5,More than 6,5–6,3–4 hours,Never,No,More than 8 hours,3,2,5,3,3,3,2,3,2,2,5,5,3,Too many assignments and lab reports with the same deadline,Rarely,4,4,Synthetic
9/3/2026 20:56:31,"Yes, I agree to participate.",17-19,Female,Tribhuvan University,BDS,2nd Year,3.0–3.49,5–6,71–80%,3,5-6,5–6,3–4 hours,3–4 days/week,No,More than 8 hours,4,4,5,5,4,2,3,5,2,3,3,4,2,Tuition fees and hostel expenses,Often,4,3,Synthetic
9/4/2026 1:27:06,"Yes, I agree to participate.",20-22,Female,Pokhara University,MBBS,1st Year,Not Available Yet,1–2,71–80%,3,1-2,7–8,3–4 hours,1–2 days/week,Yes,3–5 hours,3,2,4,4,3,1,2,4,3,2,4,3,2,"Deadlines, not able to focus because of phone",Often,3,2,Synthetic
9/4/2026 1:48:49,"Yes, I agree to participate.",20-22,Female,Tribhuvan University,BSc CSIT,3rd Year,3.5–4.0,5–6,71–80%,3,5-6,7–8,More than 6 hours,1–2 days/week,Yes,More than 8 hours,3,2,4,4,4,2,3,4,2,3,3,3,3,Internal assessments and assignments piling up together,Very Often,4,4,Synthetic
9/4/2026 2:22:38,"Yes, I agree to participate.",20-22,Male,Pokhara University,BHM,2nd Year,Not Available Yet,3–4,81–90%,2,5-6,7–8,3–4 hours,1–2 days/week,Yes,3–5 hours,1,5,1,1,2,4,5,1,4,5,1,1,4,"Balancing part-time job and classes, I don't get enough time to study",Never,3,4,Synthetic
9/4/2026 3:31:14,"Yes, I agree to participate.",20-22,Female,Tribhuvan University,MBBS,4th Year,3.0–3.49,3–4,71–80%,2,3-4,7–8,1–2 hours,5–6 days/week,No,6–8 hours,2,4,2,2,2,4,5,2,5,5,1,1,4,Family pressure,Sometimes,2,3,Synthetic
9/4/2026 4:54:48,"Yes, I agree to participate.",17-19,Female,Tribhuvan University,MBBS,1st Year,Not Available Yet,3–4,71–80%,2,3-4,Less than 5,Less than 1 hour,1–2 days/week,No,3–5 hours,2,3,2,3,3,2,3,2,3,2,3,2,4,Final year project and internship,Sometimes,2,3,Synthetic
9/4/2026 6:25:00,"Yes, I agree to participate.",23-25,Male,Tribhuvan University,BCA,3rd Year,3.5–4.0,5–6,Above 90%,4,3-4,5–6,5–6 hours,Never,Yes,More than 8 hours,4,1,4,3,3,2,2,4,2,1,4,4,3,Working part time and studying at the same time,Sometimes,3,4,Synthetic
9/4/2026 7:02:01,"Yes, I agree to participate.",23-25,Female,Other,BSc Nursing,3rd Year,3.5–4.0,3–4,81–90%,3,3-4,5–6,1–2 hours,3–4 days/week,No,3–5 hours,3,3,4,2,3,4,4,4,4,3,3,4,4,Too many assignments and lab reports with the same deadline,Sometimes,4,5,Synthetic
9/4/2026 9:57:35,"Yes, I agree to participate.",Above 25,Prefer not to say,Agriculture and Forestry University,Agriculture,3rd Year,2.0–2.49,3–4,60–70%,5,5-6,5–6,1–2 hours,Never,Yes,6–8 hours,4,4,4,4,5,1,3,4,2,1,5,4,2,Financial ,Sometimes,4,3,Synthetic
9/4/2026 10:16:18,"Yes, I agree to participate.",23-25,Male,Tribhuvan University,BDS,3rd Year,2.5–2.99,3–4,81–90%,4,5-6,Less than 5,3–4 hours,Never,No,More than 8 hours,5,3,5,5,4,2,2,4,1,2,4,4,2,Financial pressure because my family struggles to pay tuition,Often,3,3,Synthetic
9/4/2026 12:14:24,"Yes, I agree to participate.",23-25,Male,Agriculture and Forestry University,Agriculture,4th Year,2.0–2.49,3–4,71–80%,4,3-4,5–6,3–4 hours,1–2 days/week,Yes,3–5 hours,4,2,3,4,4,1,1,4,1,3,4,4,2,Not able to focus because of phone,Sometimes,3,1,Synthetic
9/4/2026 12:15:40,"Yes, I agree to participate.",20-22,Female,Pokhara University,BHM,3rd Year,2.5–2.99,3–4,60–70%,3,More than 6,Less than 5,3–4 hours,Never,No,6–8 hours,4,2,5,4,5,2,3,5,2,3,3,3,1,Board exams,Very Often,5,2,Synthetic
9/4/2026 13:29:53,"Yes, I agree to participate.",17-19,Prefer not to say,Other,MBBS,2nd Year,2.5–2.99,3–4,71–80%,1,More than 6,More than 8,Less than 1 hour,1–2 days/week,No,3–5 hours,2,3,1,1,2,3,5,1,5,5,2,1,5,Lack of practical classes and resources,Never,3,5,Synthetic
9/4/2026 19:04:51,"Yes, I agree to participate.",23-25,Prefer not to say,Tribhuvan University,BCA,4th Year,2.0–2.49,Less than 1,71–80%,3,3-4,5–6,1–2 hours,Never,Yes,6–8 hours,3,3,3,2,3,4,3,4,4,3,3,3,3,Project submission deadlines clashing with exams,Sometimes,4,3,Synthetic
9/4/2026 20:52:49,"Yes, I agree to participate.",Above 25,Female,Tribhuvan University,BSc CSIT,3rd Year,3.5–4.0,More than 6 hours,Above 90%,2,3-4,5–6,1–2 hours,1–2 days/week,No,6–8 hours,1,3,2,2,2,4,4,3,4,5,2,2,4,"Strict attendance requirement, job market is competitive and many seniors are still unemployed",Sometimes,1,5,Synthetic
9/4/2026 21:33:28,"Yes, I agree to participate.",17-19,Female,Tribhuvan University,BCA,1st Year,2.0–2.49,1–2,71–80%,4,1-2,5–6,3–4 hours,1–2 days/week,No,6–8 hours,3,4,2,3,4,2,2,4,1,2,4,4,3,Unfair grading in internal marks,Often,3,2,Synthetic
9/4/2026 23:55:28,"Yes, I agree to participate.",20-22,Male,Kathmandu University,MBBS,4th Year,3.0–3.49,3–4,60–70%,4,3-4,5–6,3–4 hours,5–6 days/week,No,6–8 hours,4,1,4,4,4,3,2,5,1,4,4,4,3,Future ,Sometimes,3,2,Synthetic
9/5/2026 4:01:22,"Yes, I agree to participate.",23-25,Female,Kathmandu University,BDS,4th Year,2.5–2.99,3–4,60–70%,3,1-2,5–6,5–6 hours,1–2 days/week,Yes,6–8 hours,3,4,5,4,4,3,2,2,1,3,3,3,2,Study management,Sometimes,5,2,Synthetic
9/5/2026 4:51:19,"Yes, I agree to participate.",23-25,Female,Tribhuvan University,Law(LLB),3rd Year,2.0–2.49,Less than 1,81–90%,3,5-6,5–6,3–4 hours,3–4 days/week,No,3–5 hours,3,4,3,3,4,3,3,1,4,3,4,3,3,Deadlines,Never,2,4,Synthetic
9/5/2026 5:56:30,"Yes, I agree to participate.",23-25,Prefer not to say,Tribhuvan University,BSc CSIT,3rd Year,Below 2.0,Less than 1,60–70%,3,3-4,5–6,3–4 hours,1–2 days/week,Yes,6–8 hours,3,5,3,3,3,3,4,5,3,1,3,2,3,Internal assessments and assignments piling up together,Sometimes,4,2,Synthetic
9/5/2026 7:04:22,"Yes, I agree to participate.",20-22,Female,Purbanchal University,BSc Nursing,3rd Year,3.0–3.49,3–4,60–70%,2,3-4,Less than 5,3–4 hours,1–2 days/week,No,3–5 hours,3,3,3,3,3,3,3,2,2,4,3,3,4,Exams ,Rarely,2,4,Synthetic
9/5/2026 8:10:28,"Yes, I agree to participate.",23-25,Male,Madhyapaschim University,BCA,3rd Year,2.0–2.49,Less than 1,Below 60%,5,3-4,Less than 5,More than 6 hours,Never,Yes,More than 8 hours,2,3,5,5,5,3,1,5,1,1,5,4,1,Paying semester fees while living in Kathmandu is hard,Very Often,4,1,Synthetic
9/5/2026 8:16:51,"Yes, I agree to participate.",20-22,Prefer not to say,Tribhuvan University,Law(LLB),3rd Year,2.0–2.49,1–2,71–80%,5,More than 6,Less than 5,3–4 hours,1–2 days/week,No,3–5 hours,4,2,5,5,4,1,1,4,2,3,5,4,3,"Assignments because multiple deadlines occur at the same time, career, jobs are very limited in nepal",Often,5,1,Synthetic
9/5/2026 9:24:34,"Yes, I agree to participate.",20-22,Male,Rajarshi Janak University,Agriculture,2nd Year,3.0–3.49,3–4,60–70%,3,5-6,5–6,Less than 1 hour,1–2 days/week,Yes,3–5 hours,4,3,2,4,4,2,4,3,3,3,3,3,3,Assignments because multiple deadlines occur at the same time,Rarely,3,4,Synthetic
9/5/2026 10:09:51,"Yes, I agree to participate.",23-25,Female,Tribhuvan University,BHM,4th Year,3.5–4.0,Less than 1,60–70%,3,1-2,5–6,3–4 hours,3–4 days/week,Yes,More than 8 hours,1,3,1,2,1,5,3,2,5,4,1,1,4,Future career concerns because I am unsure about job opportunities,Rarely,2,5,Synthetic
9/5/2026 13:05:16,"Yes, I agree to participate.",23-25,Female,Kathmandu University,BSc Nursing,4th Year,3.0–3.49,Less than 1,60–70%,3,More than 6,7–8,Less than 1 hour,1–2 days/week,No,Less than 3 hours,4,4,3,2,2,3,2,4,3,3,3,3,4,Stress,Never,4,4,Synthetic
9/5/2026 15:06:03,"Yes, I agree to participate.",23-25,Male,Purbanchal University,Law(LLB),4th Year,3.5–4.0,5–6,81–90%,3,5-6,7–8,5–6 hours,1–2 days/week,No,More than 8 hours,2,3,4,2,3,4,3,3,3,4,2,3,3,Job market is competitive and many seniors are still unemployed,Rarely,4,4,Synthetic
9/5/2026 16:13:17,"Yes, I agree to participate.",17-19,Female,Tribhuvan University,BBS,1st Year,2.0–2.49,Less than 1,81–90%,3,5-6,5–6,5–6 hours,3–4 days/week,Yes,More than 8 hours,5,1,4,2,3,3,3,2,3,3,3,4,3,Financial pressure ,Sometimes,4,1,Synthetic
9/5/2026 21:32:29,"Yes, I agree to participate.",17-19,Male,Tribhuvan University,BHM,1st Year,Not Available Yet,5–6,60–70%,4,More than 6,Less than 5,5–6 hours,Never,Yes,More than 8 hours,5,1,5,4,3,1,1,5,1,1,5,4,2,Project submission deadlines clashing with exams,Often,5,2,Synthetic
9/5/2026 22:27:51,"Yes, I agree to participate.",23-25,Male,Purbanchal University,BCA,3rd Year,3.0–3.49,1–2,71–80%,1,1-2,7–8,1–2 hours,Never,Yes,Less than 3 hours,3,4,2,2,1,5,4,2,5,5,1,1,5,Future career,Never,1,3,Synthetic
9/5/2026 23:58:50,"Yes, I agree to participate.",17-19,Male,Tribhuvan University,BSc CSIT,1st Year,Not Available Yet,3–4,71–80%,3,3-4,More than 8,3–4 hours,1–2 days/week,Yes,6–8 hours,4,3,3,3,3,3,4,2,3,5,2,2,3,Working part time and studying at the same time,Rarely,3,2,Synthetic
9/6/2026 2:48:05,"Yes, I agree to participate.",Above 25,Female,Other,MBBS,4th Year,3.5–4.0,5–6,71–80%,3,5-6,7–8,1–2 hours,1–2 days/week,No,3–5 hours,3,1,2,1,2,2,3,2,4,4,2,3,4,Family expectations to get good grades,Sometimes,4,3,Synthetic
9/6/2026 3:04:44,"Yes, I agree to participate.",23-25,Female,Kathmandu University,MBBS,5th Year,3.5–4.0,More than 6 hours,Above 90%,3,1-2,Less than 5,5–6 hours,5–6 days/week,Yes,More than 8 hours,3,5,2,3,4,3,3,2,3,3,4,2,3,Pressure to become a doctor/engineer like my family expects,Sometimes,3,3,Synthetic
9/6/2026 3:33:37,"Yes, I agree to participate.",23-25,Male,Tribhuvan University,BE/B.Tech,2nd Year,2.5–2.99,1–2,81–90%,2,3-4,5–6,3–4 hours,3–4 days/week,Yes,6–8 hours,5,4,2,2,2,4,3,2,3,5,3,2,5,Result delays and session delays in university,Sometimes,3,3,Synthetic
9/6/2026 4:04:17,"Yes, I agree to participate.",20-22,Male,Tribhuvan University,BSc CSIT,2nd Year,Not Available Yet,5–6,81–90%,5,More than 6,Less than 5,3–4 hours,Never,Yes,6–8 hours,4,4,3,4,5,2,2,4,1,2,5,5,1,Procrastination,Very Often,4,2,Synthetic
9/6/2026 6:26:58,"Yes, I agree to participate.",Above 25,Female,Other,BSc Nursing,1st Year,3.5–4.0,3–4,81–90%,3,More than 6,7–8,3–4 hours,1–2 days/week,No,3–5 hours,3,2,2,2,3,5,5,2,4,3,1,2,4,Project submission deadlines clashing with exams,Never,4,3,Synthetic
9/6/2026 11:24:37,"Yes, I agree to participate.",23-25,Male,Rajarshi Janak University,BBS,3rd Year,3.5–4.0,3–4,Above 90%,4,1-2,5–6,1–2 hours,1–2 days/week,Yes,6–8 hours,4,4,5,4,4,2,2,4,3,1,5,4,2,Pressure to become a doctor/engineer like my family expects,Often,3,3,Synthetic
9/6/2026 12:17:18,"Yes, I agree to participate.",17-19,Female,Tribhuvan University,BCA,1st Year,Not Available Yet,5–6,Above 90%,5,1-2,Less than 5,5–6 hours,1–2 days/week,No,6–8 hours,5,1,4,4,4,1,2,5,2,2,5,5,2,"Not able to focus because of phone, financial pressure because my family struggles to pay tuition",Often,3,2,Synthetic
9/6/2026 13:29:14,"Yes, I agree to participate.",20-22,Female,Rajarshi Janak University,Agriculture,2nd Year,2.5–2.99,Less than 1,60–70%,3,More than 6,7–8,1–2 hours,1–2 days/week,No,Less than 3 hours,5,5,3,3,4,3,4,4,3,2,1,4,3,Yes,Sometimes,3,3,Synthetic
9/6/2026 15:00:41,"Yes, I agree to participate.",20-22,Female,Kathmandu University,BSc Nursing,4th Year,3.5–4.0,1–2,71–80%,2,More than 6,7–8,Less than 1 hour,3–4 days/week,No,Less than 3 hours,3,4,2,1,2,5,4,3,4,5,2,1,5,Multiple assignments ,Rarely,3,5,Synthetic
9/6/2026 15:23:58,"Yes, I agree to participate.",23-25,Male,Other,MBBS,2nd Year,2.5–2.99,3–4,Above 90%,3,3-4,5–6,5–6 hours,Never,No,More than 8 hours,4,2,3,3,4,2,3,4,3,3,2,3,3,Financial ,Sometimes,2,2,Synthetic
9/6/2026 15:28:45,"Yes, I agree to participate.",23-25,Female,Purbanchal University,BSc Nursing,3rd Year,Not Available Yet,5–6,Above 90%,3,1-2,5–6,5–6 hours,1–2 days/week,No,More than 8 hours,3,2,5,4,5,2,3,4,2,2,4,4,3,Unsure about future after graduation,Sometimes,4,3,Synthetic
9/6/2026 18:04:17,"Yes, I agree to participate.",Above 25,Male,Tribhuvan University,BSc CSIT,3rd Year,3.0–3.49,3–4,60–70%,4,5-6,7–8,3–4 hours,1–2 days/week,No,More than 8 hours,2,3,3,4,3,2,5,4,4,3,2,4,3,"Internal assessments and assignments piling up together, semester project with weak team members",Rarely,4,4,Synthetic
9/6/2026 20:08:21,"Yes, I agree to participate.",23-25,Male,Tribhuvan University,BDS,3rd Year,3.5–4.0,5–6,60–70%,1,3-4,5–6,3–4 hours,Daily,Yes,6–8 hours,3,5,1,1,1,5,5,3,5,5,1,1,4,Job ,Never,1,4,Synthetic
9/6/2026 20:52:39,"Yes, I agree to participate.",23-25,Female,Pokhara University,BHM,2nd Year,2.5–2.99,1–2,60–70%,2,3-4,7–8,1–2 hours,Never,No,6–8 hours,3,4,1,1,2,5,5,1,5,5,2,1,4,Financial ,Often,1,2,Synthetic
9/6/2026 23:43:59,"Yes, I agree to participate.",23-25,Female,Tribhuvan University,BCA,3rd Year,3.0–3.49,1–2,60–70%,4,5-6,5–6,5–6 hours,Never,No,More than 8 hours,4,1,5,3,5,2,2,5,1,1,5,4,3,Capstone projects.,Very Often,5,2,Synthetic
9/7/2026 4:09:20,"Yes, I agree to participate.",20-22,Prefer not to say,Other,MBBS,2nd Year,3.0–3.49,5–6,Above 90%,4,5-6,5–6,1–2 hours,Never,No,3–5 hours,2,2,3,4,5,2,2,4,1,2,4,5,2,Too many assignments and lab reports with the same deadline,Sometimes,3,3,Synthetic
9/7/2026 4:35:29,"Yes, I agree to participate.",23-25,Female,Pokhara University,BCA,4th Year,2.5–2.99,1–2,60–70%,2,3-4,5–6,3–4 hours,Never,No,6–8 hours,2,3,2,3,2,3,4,3,3,4,2,2,3,Study management,Never,4,4,Synthetic
9/7/2026 6:38:08,"Yes, I agree to participate.",Above 25,Male,Tribhuvan University,BSc CSIT,3rd Year,3.0–3.49,1–2,71–80%,5,1-2,5–6,5–6 hours,1–2 days/week,Yes,More than 8 hours,4,2,4,3,3,3,4,3,1,3,3,3,2,Assignments because multiple deadlines occur at the same time,Sometimes,3,4,Synthetic
9/7/2026 9:23:24,"Yes, I agree to participate.",23-25,Female,Tribhuvan University,BSc Nursing,2nd Year,2.5–2.99,1–2,71–80%,4,5-6,5–6,3–4 hours,3–4 days/week,No,6–8 hours,3,2,3,2,5,3,3,3,3,2,4,3,3,Exams ,Sometimes,4,3,Synthetic
9/7/2026 9:34:35,"Yes, I agree to participate.",23-25,Female,Tribhuvan University,BCA,4th Year,2.5–2.99,1–2,60–70%,3,3-4,7–8,1–2 hours,3–4 days/week,Yes,6–8 hours,1,2,3,2,3,3,3,3,4,4,3,3,2,Future career,Sometimes,4,3,Synthetic
9/7/2026 12:04:59,"Yes, I agree to participate.",20-22,Female,Tribhuvan University,BCA,4th Year,2.5–2.99,Less than 1,71–80%,4,3-4,5–6,Less than 1 hour,1–2 days/week,No,Less than 3 hours,4,3,4,4,4,3,2,5,3,2,3,4,2,Job market is competitive and many seniors are still unemployed,Often,4,3,Synthetic
9/7/2026 12:42:59,"Yes, I agree to participate.",23-25,Male,Tribhuvan University,BSc CSIT,4th Year,3.0–3.49,3–4,71–80%,4,1-2,5–6,3–4 hours,Never,Yes,More than 8 hours,3,1,3,3,4,3,1,5,3,1,5,4,3,Project submission deadlines clashing with exams,Often,4,3,Synthetic
9/7/2026 16:59:21,"Yes, I agree to participate.",Above 25,Female,Tribhuvan University,BSc Nursing,3rd Year,3.5–4.0,5–6,71–80%,3,3-4,5–6,1–2 hours,3–4 days/week,No,More than 8 hours,3,3,3,4,4,3,3,3,4,4,3,2,2,Deadlines,Often,2,4,Synthetic
9/7/2026 18:12:58,"Yes, I agree to participate.",Above 25,Female,Tribhuvan University,BSc CSIT,3rd Year,3.0–3.49,1–2,60–70%,4,3-4,Less than 5,More than 6 hours,3–4 days/week,Yes,More than 8 hours,4,3,4,4,3,3,2,3,2,3,4,4,2,Future career concerns because I am unsure about job opportunities,Sometimes,3,5,Synthetic
9/7/2026 20:42:57,"Yes, I agree to participate.",17-19,Female,Tribhuvan University,MBBS,2nd Year,3.0–3.49,1–2,71–80%,4,More than 6,7–8,3–4 hours,Never,No,More than 8 hours,4,2,3,3,4,2,2,4,2,2,4,5,3,Project submission deadlines clashing with exams,Often,3,3,Synthetic
9/7/2026 22:31:47,"Yes, I agree to participate.",17-19,Male,Tribhuvan University,BIM,4th Year,Not Available Yet,5–6,Above 90%,1,1-2,Less than 5,Less than 1 hour,Never,No,3–5 hours,3,5,1,2,1,4,5,1,5,5,1,1,4,Internal assessments and assignments piling up together,Rarely,4,5,Synthetic
9/8/2026 1:27:28,"Yes, I agree to participate.",23-25,Female,Tribhuvan University,BCA,1st Year,3.0–3.49,3–4,71–80%,1,3-4,5–6,Less than 1 hour,3–4 days/week,No,3–5 hours,1,4,2,1,2,3,5,3,3,3,3,2,3,"Career, jobs are very limited in Nepal",Sometimes,3,3,Synthetic
9/8/2026 4:00:58,"Yes, I agree to participate.",23-25,Male,Madhyapaschim University,BCA,3rd Year,3.5–4.0,3–4,60–70%,2,3-4,More than 8,1–2 hours,3–4 days/week,Yes,More than 8 hours,4,4,4,3,3,4,4,2,4,2,3,3,3,Lack of practical classes and resources,Rarely,5,5,Synthetic
9/8/2026 4:59:16,"Yes, I agree to participate.",Above 25,Female,Tribhuvan University,BSc Nursing,2nd Year,3.5–4.0,More than 6 hours,81–90%,2,1-2,5–6,3–4 hours,3–4 days/week,No,3–5 hours,3,3,3,4,2,3,3,3,4,3,3,3,3,Future career concerns because I am unsure about job opportunities,Rarely,4,3,Synthetic
9/8/2026 6:08:39,"Yes, I agree to participate.",Above 25,Female,Tribhuvan University,Agriculture,4th Year,3.5–4.0,5–6,71–80%,3,3-4,5–6,Less than 1 hour,3–4 days/week,Yes,3–5 hours,2,3,4,2,3,3,2,3,3,4,2,3,5,Working part time and studying at the same time,Sometimes,4,4,Synthetic
9/8/2026 8:36:14,"Yes, I agree to participate.",Above 25,Female,Rajarshi Janak University,BCA,4th Year,3.0–3.49,Less than 1,71–80%,2,3-4,7–8,1–2 hours,3–4 days/week,Yes,6–8 hours,4,4,1,2,2,4,4,3,4,3,3,3,4,Multiple assignments ,Rarely,4,4,Synthetic
9/8/2026 9:28:40,"Yes, I agree to participate.",20-22,Male,Tribhuvan University,BCA,3rd Year,2.5–2.99,Less than 1,81–90%,2,5-6,7–8,3–4 hours,1–2 days/week,No,6–8 hours,1,3,1,2,2,3,2,2,4,2,2,3,3,"TU exam pattern, everything depends on final exam",Rarely,5,3,Synthetic
9/8/2026 11:04:04,"Yes, I agree to participate.",20-22,Female,Tribhuvan University,BCA,4th Year,3.0–3.49,3–4,60–70%,2,More than 6,5–6,3–4 hours,5–6 days/week,Yes,More than 8 hours,2,3,2,2,1,4,4,2,5,4,3,2,5,Lack of practical classes and resources,Rarely,3,5,Synthetic
9/8/2026 12:33:58,"Yes, I agree to participate.",Above 25,Female,Tribhuvan University,BSc CSIT,4th Year,3.0–3.49,1–2,Below 60%,4,3-4,5–6,5–6 hours,1–2 days/week,Yes,More than 8 hours,4,4,4,4,4,2,2,4,1,3,4,3,1,Lack of discipline and too much screen time,Sometimes,5,4,Synthetic
9/8/2026 17:00:45,"Yes, I agree to participate.",20-22,Female,Tribhuvan University,BCA,4th Year,2.5–2.99,3–4,60–70%,4,3-4,Less than 5,5–6 hours,1–2 days/week,Yes,More than 8 hours,2,4,5,3,4,2,2,3,2,2,3,5,2,Unsure about future after graduation,Rarely,4,3,Synthetic
9/8/2026 20:18:15,"Yes, I agree to participate.",23-25,Male,Tribhuvan University,BCA,3rd Year,3.0–3.49,1–2,81–90%,3,3-4,5–6,Less than 1 hour,3–4 days/week,Yes,6–8 hours,5,1,4,3,1,2,1,4,3,1,3,3,3,Financial ,Often,3,5,Synthetic
9/9/2026 1:47:34,"Yes, I agree to participate.",23-25,Female,Tribhuvan University,BSc Nursing,3rd Year,2.0–2.49,Less than 1,71–80%,5,3-4,5–6,More than 6 hours,Never,No,More than 8 hours,3,4,5,4,5,2,2,5,3,1,3,5,3,Too many assignments and lab reports with the same deadline,Often,3,2,Synthetic
9/9/2026 2:47:45,"Yes, I agree to participate.",20-22,Male,Kathmandu University,BE/B.Tech,2nd Year,Below 2.0,5–6,71–80%,4,5-6,5–6,1–2 hours,3–4 days/week,No,6–8 hours,5,3,4,3,4,3,2,4,3,2,3,5,2,"Exams, because the whole year's result depends on the final board exam",Sometimes,1,2,Synthetic
9/9/2026 3:57:06,"Yes, I agree to participate.",20-22,Female,Tribhuvan University,BHM,3rd Year,2.0–2.49,1–2,60–70%,2,5-6,5–6,5–6 hours,Never,Yes,More than 8 hours,4,4,2,2,3,4,4,2,3,2,2,4,4,Frustration ,Rarely,4,3,Synthetic
9/9/2026 5:15:39,"Yes, I agree to participate.",Above 25,Female,Agriculture and Forestry University,Agriculture,4th Year,3.0–3.49,3–4,71–80%,3,3-4,5–6,5–6 hours,3–4 days/week,Yes,More than 8 hours,4,4,5,4,5,2,2,5,1,3,4,4,4,Lack of discipline and too much screen time,Sometimes,4,3,Synthetic
9/9/2026 5:19:06,"Yes, I agree to participate.",23-25,Female,Tribhuvan University,BCA,4th Year,3.0–3.49,3–4,60–70%,2,1-2,Less than 5,5–6 hours,3–4 days/week,Yes,More than 8 hours,3,4,2,3,2,4,3,3,3,5,3,3,3,Semester project with weak team members,Sometimes,3,4,Synthetic
9/9/2026 5:38:01,"Yes, I agree to participate.",20-22,Female,Tribhuvan University,Law(LLB),2nd Year,3.5–4.0,3–4,71–80%,4,3-4,5–6,3–4 hours,3–4 days/week,No,6–8 hours,2,3,4,4,4,2,2,4,2,3,4,4,2,"Exams, because the whole year's result depends on the final board exam",Very Often,3,4,Synthetic
9/9/2026 7:24:57,"Yes, I agree to participate.",23-25,Male,Tribhuvan University,BCA,4th Year,2.5–2.99,3–4,71–80%,2,3-4,5–6,3–4 hours,3–4 days/week,Yes,More than 8 hours,5,5,2,3,3,3,3,2,3,3,3,3,3,Project submission deadlines clashing with exams,Often,5,3,Synthetic
9/9/2026 9:13:57,"Yes, I agree to participate.",23-25,Male,Tribhuvan University,BHM,4th Year,3.5–4.0,1–2,71–80%,3,3-4,More than 8,3–4 hours,1–2 days/week,Yes,More than 8 hours,3,5,3,2,3,4,4,2,4,3,2,1,3,"Working part time and studying at the same time, assignments because multiple deadlines occur at the same time",Never,4,5,Synthetic
9/9/2026 9:40:11,"Yes, I agree to participate.",20-22,Male,Tribhuvan University,BCA,2nd Year,3.0–3.49,Less than 1,81–90%,1,5-6,7–8,3–4 hours,3–4 days/week,No,More than 8 hours,3,4,2,2,3,3,4,2,4,3,2,2,3,Study management,Sometimes,4,4,Synthetic
9/9/2026 11:29:54,"Yes, I agree to participate.",23-25,Male,Tribhuvan University,BSc CSIT,3rd Year,3.5–4.0,Less than 1,81–90%,4,5-6,7–8,1–2 hours,1–2 days/week,No,6–8 hours,3,4,3,2,1,5,4,2,4,3,1,3,4,"Career, jobs are very limited in Nepal",Sometimes,4,4,Synthetic
9/9/2026 12:46:05,"Yes, I agree to participate.",Above 25,Female,Tribhuvan University,MBBS,5th Year,3.5–4.0,5–6,71–80%,3,5-6,7–8,5–6 hours,1–2 days/week,Yes,More than 8 hours,3,2,3,3,4,3,3,4,2,2,3,3,2,Nothing much,Rarely,4,5,Synthetic
9/9/2026 15:24:11,"Yes, I agree to participate.",17-19,Female,Rajarshi Janak University,Agriculture,1st Year,3.5–4.0,1–2,81–90%,3,3-4,7–8,3–4 hours,1–2 days/week,No,3–5 hours,2,2,2,1,2,3,4,2,3,4,2,3,5,Time management,Often,2,5,Synthetic
9/9/2026 15:38:37,"Yes, I agree to participate.",Above 25,Female,Pokhara University,BSc Nursing,4th Year,3.0–3.49,Less than 1,71–80%,3,5-6,7–8,3–4 hours,1–2 days/week,No,6–8 hours,4,4,3,2,4,2,4,2,4,3,2,3,3,Deadlines,Sometimes,4,4,Synthetic
9/9/2026 19:18:07,"Yes, I agree to participate.",20-22,Male,Pokhara University,MBBS,1st Year,3.5–4.0,3–4,71–80%,4,5-6,5–6,1–2 hours,1–2 days/week,No,6–8 hours,4,3,4,4,5,3,1,5,1,2,4,4,1,Frequent internal exams and practicals,Often,3,5,Synthetic
9/9/2026 19:22:27,"Yes, I agree to participate.",23-25,Male,Tribhuvan University,Law(LLB),3rd Year,3.5–4.0,5–6,Above 90%,2,More than 6,7–8,1–2 hours,3–4 days/week,Yes,More than 8 hours,4,2,1,3,3,3,3,2,3,3,3,3,4,Exam routine keeps changing and results come very late,Rarely,2,4,Synthetic
9/10/2026 5:49:14,"Yes, I agree to participate.",23-25,Male,Purbanchal University,BCA,2nd Year,3.0–3.49,5–6,71–80%,2,3-4,7–8,3–4 hours,1–2 days/week,No,6–8 hours,2,4,2,1,2,4,3,1,3,4,3,1,3,Strict attendance requirement,Never,1,5,Synthetic
9/10/2026 11:19:29,"Yes, I agree to participate.",23-25,Male,Tribhuvan University,BCA,3rd Year,2.5–2.99,3–4,71–80%,5,1-2,5–6,5–6 hours,Never,Yes,More than 8 hours,4,2,3,4,5,1,2,5,3,1,5,5,2,Frustration ,Often,4,2,Synthetic
9/10/2026 12:04:09,"Yes, I agree to participate.",23-25,Male,Tribhuvan University,Law(LLB),5th Year,3.0–3.49,Less than 1,71–80%,3,More than 6,More than 8,5–6 hours,1–2 days/week,Yes,More than 8 hours,3,4,1,2,1,5,4,2,3,4,2,2,4,"Future career concerns because I am unsure about job opportunities, lack of discipline and too much screen time",Rarely,4,4,Synthetic
9/10/2026 12:48:51,"Yes, I agree to participate.",20-22,Female,Tribhuvan University,BDS,2nd Year,3.5–4.0,1–2,71–80%,3,1-2,7–8,5–6 hours,5–6 days/week,No,6–8 hours,3,2,2,3,4,4,5,3,4,3,2,3,3,Yes,Sometimes,4,3,Synthetic
9/10/2026 14:28:23,"Yes, I agree to participate.",20-22,Female,Pokhara University,BSc Nursing,2nd Year,3.5–4.0,3–4,71–80%,2,1-2,7–8,3–4 hours,3–4 days/week,No,6–8 hours,2,3,3,3,3,3,3,2,4,3,2,2,2,Family pressure,Sometimes,5,4,Synthetic
9/10/2026 16:43:43,"Yes, I agree to participate.",20-22,Female,Tribhuvan University,MBBS,3rd Year,3.0–3.49,1–2,81–90%,1,3-4,7–8,Less than 1 hour,5–6 days/week,No,Less than 3 hours,2,4,1,2,1,4,5,3,5,4,1,1,3,Internal assessments and assignments piling up together,Rarely,3,4,Synthetic
9/10/2026 16:49:09,"Yes, I agree to participate.",23-25,Male,Tribhuvan University,BSc CSIT,3rd Year,2.5–2.99,1–2,60–70%,4,1-2,Less than 5,1–2 hours,3–4 days/week,Yes,3–5 hours,4,3,3,5,4,3,2,5,2,2,5,4,2,Future career concerns because I am unsure about job opportunities,Very Often,3,4,Synthetic
9/10/2026 17:38:25,"Yes, I agree to participate.",20-22,Male,Tribhuvan University,BCA,4th Year,2.0–2.49,Less than 1,60–70%,3,3-4,Less than 5,5–6 hours,1–2 days/week,Yes,More than 8 hours,2,1,3,5,5,2,1,4,1,2,5,5,2,Career,Sometimes,5,2,Synthetic
9/10/2026 18:54:02,"Yes, I agree to participate.",20-22,Male,Rajarshi Janak University,BCA,4th Year,3.0–3.49,3–4,81–90%,3,3-4,Less than 5,5–6 hours,3–4 days/week,Yes,6–8 hours,5,3,4,3,4,3,3,3,2,3,3,2,2,Financial ,Sometimes,3,3,Synthetic
9/10/2026 19:25:05,"Yes, I agree to participate.",20-22,Female,Pokhara University,BHM,4th Year,2.5–2.99,Less than 1,71–80%,4,1-2,5–6,3–4 hours,1–2 days/week,No,6–8 hours,2,3,3,3,3,3,2,3,3,2,4,4,3,Nothing much,Sometimes,4,3,Synthetic
9/10/2026 19:36:20,"Yes, I agree to participate.",23-25,Female,Tribhuvan University,BSc CSIT,4th Year,3.5–4.0,3–4,Above 90%,3,More than 6,Less than 5,1–2 hours,1–2 days/week,Yes,6–8 hours,5,4,5,4,5,3,2,4,3,2,3,4,1,Exams ,Sometimes,3,3,Synthetic
9/10/2026 19:43:30,"Yes, I agree to participate.",20-22,Prefer not to say,Tribhuvan University,BCA,1st Year,3.0–3.49,3–4,71–80%,3,5-6,5–6,3–4 hours,3–4 days/week,Yes,More than 8 hours,3,3,4,3,4,3,2,2,4,4,3,5,3,Job ,Sometimes,3,3,Synthetic
9/10/2026 21:12:24,"Yes, I agree to participate.",20-22,Female,Tribhuvan University,BSc Nursing,4th Year,3.5–4.0,3–4,81–90%,3,More than 6,More than 8,3–4 hours,3–4 days/week,No,6–8 hours,3,3,2,4,4,1,4,3,3,2,5,3,2,"Exams, because the whole year's result depends on the final board exam",Sometimes,4,4,Synthetic
9/10/2026 21:28:36,"Yes, I agree to participate.",23-25,Female,Tribhuvan University,BCA,4th Year,3.5–4.0,3–4,71–80%,3,3-4,Less than 5,3–4 hours,1–2 days/week,No,6–8 hours,2,1,3,2,4,2,4,5,2,2,5,3,2,Financial pressure because my family struggles to pay tuition,Rarely,4,3,Synthetic
9/10/2026 21:50:32,"Yes, I agree to participate.",23-25,Female,Kathmandu University,BDS,2nd Year,3.0–3.49,5–6,Above 90%,5,3-4,5–6,5–6 hours,5–6 days/week,Yes,More than 8 hours,4,3,4,5,5,2,3,3,3,3,4,4,2,Too many assignments and lab reports with the same deadline,Sometimes,4,4,Synthetic
9/10/2026 23:19:42,"Yes, I agree to participate.",20-22,Male,Tribhuvan University,MBBS,4th Year,3.0–3.49,5–6,81–90%,3,1-2,7–8,5–6 hours,1–2 days/week,No,More than 8 hours,3,4,4,3,3,2,2,4,2,3,4,3,3,Future career,Often,4,4,Synthetic
9/11/2026 0:27:06,"Yes, I agree to participate.",23-25,Female,Tribhuvan University,BCA,2nd Year,Below 2.0,Less than 1,60–70%,4,3-4,Less than 5,1–2 hours,Never,No,Less than 3 hours,5,1,5,4,3,2,2,4,1,2,5,5,2,Career,Often,4,3,Synthetic
9/11/2026 1:26:29,"Yes, I agree to participate.",20-22,Male,Tribhuvan University,BSc CSIT,2nd Year,3.0–3.49,Less than 1,Above 90%,4,More than 6,5–6,Less than 1 hour,3–4 days/week,Yes,6–8 hours,4,3,3,3,3,3,3,3,1,3,3,4,2,Nothing much,Often,4,4,Synthetic
9/11/2026 2:16:57,"Yes, I agree to participate.",20-22,Prefer not to say,Tribhuvan University,BCA,2nd Year,3.5–4.0,3–4,71–80%,3,5-6,Less than 5,3–4 hours,1–2 days/week,No,More than 8 hours,2,3,4,3,3,3,4,4,3,3,3,4,3,Too many assignments and lab reports with the same deadline,Sometimes,4,4,Synthetic
9/11/2026 3:42:49,"Yes, I agree to participate.",23-25,Female,Tribhuvan University,Law(LLB),2nd Year,3.5–4.0,3–4,81–90%,2,3-4,7–8,1–2 hours,1–2 days/week,No,More than 8 hours,2,4,3,3,3,3,4,4,4,3,3,3,3,Stress,Rarely,3,5,Synthetic
9/11/2026 4:35:27,"Yes, I agree to participate.",17-19,Prefer not to say,Agriculture and Forestry University,Agriculture,2nd Year,Not Available Yet,Less than 1,60–70%,4,3-4,7–8,Less than 1 hour,3–4 days/week,No,6–8 hours,3,2,4,5,4,2,3,4,1,3,4,4,3,"Strict attendance requirement, family pressure",Sometimes,5,3,Synthetic
9/11/2026 6:47:38,"Yes, I agree to participate.",23-25,Female,Kathmandu University,BSc Nursing,4th Year,3.5–4.0,3–4,81–90%,5,More than 6,5–6,1–2 hours,Never,Yes,6–8 hours,5,3,5,4,4,1,2,4,2,1,5,5,2,Tuition fees and hostel expenses,Sometimes,4,3,Synthetic
9/11/2026 9:44:00,"Yes, I agree to participate.",20-22,Male,Tribhuvan University,BSc CSIT,2nd Year,3.0–3.49,Less than 1,Below 60%,3,5-6,More than 8,5–6 hours,3–4 days/week,Yes,More than 8 hours,4,3,1,2,2,5,4,1,4,4,2,2,5,Job ,Rarely,3,4,Synthetic
9/11/2026 14:32:46,"Yes, I agree to participate.",20-22,Female,Tribhuvan University,BSc CSIT,1st Year,2.0–2.49,Less than 1,71–80%,5,3-4,7–8,5–6 hours,Never,Yes,3–5 hours,5,2,5,4,5,1,1,4,2,1,4,4,3,Assignment ,Often,3,1,Synthetic
9/11/2026 18:05:08,"Yes, I agree to participate.",23-25,Female,Other,BSc Nursing,3rd Year,3.0–3.49,3–4,60–70%,4,3-4,5–6,1–2 hours,1–2 days/week,No,6–8 hours,4,3,4,5,5,1,2,5,2,2,4,5,1,Strict attendance requirement,Very Often,3,2,Synthetic
9/11/2026 20:09:52,"Yes, I agree to participate.",Above 25,Female,Tribhuvan University,BSc CSIT,4th Year,3.5–4.0,3–4,71–80%,3,3-4,Less than 5,More than 6 hours,3–4 days/week,Yes,More than 8 hours,3,3,5,3,4,2,2,3,3,2,3,3,3,Frustration ,Often,4,4,Synthetic
9/11/2026 20:53:07,"Yes, I agree to participate.",23-25,Female,Tribhuvan University,BIM,3rd Year,3.5–4.0,Less than 1,71–80%,3,More than 6,Less than 5,3–4 hours,3–4 days/week,Yes,3–5 hours,5,1,3,5,5,1,1,4,1,2,4,5,3,Board exams,Sometimes,4,3,Synthetic
9/11/2026 22:43:13,"Yes, I agree to participate.",23-25,Prefer not to say,Tribhuvan University,BCA,3rd Year,3.5–4.0,3–4,Above 90%,3,More than 6,5–6,3–4 hours,3–4 days/week,Yes,3–5 hours,4,2,3,2,2,3,3,2,3,2,3,3,4,Office hours clash with college time,Sometimes,2,2,Synthetic
9/12/2026 0:04:42,"Yes, I agree to participate.",17-19,Female,Tribhuvan University,BDS,2nd Year,3.5–4.0,3–4,81–90%,2,More than 6,7–8,Less than 1 hour,3–4 days/week,Yes,3–5 hours,4,4,2,2,3,2,3,2,2,3,2,4,2,"Career, jobs are very limited in Nepal",Often,2,4,Synthetic
9/12/2026 8:15:46,"Yes, I agree to participate.",23-25,Female,Tribhuvan University,BCA,4th Year,2.0–2.49,Less than 1,71–80%,4,3-4,5–6,5–6 hours,3–4 days/week,Yes,More than 8 hours,3,4,3,3,4,2,3,3,3,2,3,3,3,"TU exam pattern, everything depends on final exam",Sometimes,4,2,Synthetic
9/12/2026 11:07:54,"Yes, I agree to participate.",23-25,Female,Pokhara University,BCA,4th Year,3.0–3.49,3–4,71–80%,2,1-2,5–6,5–6 hours,5–6 days/week,Yes,6–8 hours,2,4,2,1,3,5,4,1,4,5,1,1,4,Unsure about future after graduation,Sometimes,2,4,Synthetic
9/12/2026 11:19:51,"Yes, I agree to participate.",23-25,Female,Sudurpaschim University,BSc CSIT,4th Year,3.5–4.0,More than 6 hours,81–90%,2,1-2,7–8,1–2 hours,1–2 days/week,No,More than 8 hours,2,4,2,1,3,3,5,1,3,4,1,1,5,Internal assessments and assignments piling up together,Rarely,2,5,Synthetic
9/12/2026 13:39:53,"Yes, I agree to participate.",20-22,Male,Tribhuvan University,BSc CSIT,1st Year,3.5–4.0,More than 6 hours,71–80%,2,3-4,5–6,5–6 hours,1–2 days/week,No,6–8 hours,2,3,2,2,3,3,2,3,3,3,3,3,3,Procrastination,Sometimes,2,4,Synthetic
9/12/2026 14:06:43,"Yes, I agree to participate.",20-22,Female,Other,MBBS,5th Year,2.5–2.99,Less than 1,60–70%,2,1-2,7–8,5–6 hours,1–2 days/week,No,3–5 hours,1,5,1,2,2,3,5,1,4,4,2,1,3,"Exams, because the whole year's result depends on the final board exam",Rarely,2,3,Synthetic
9/12/2026 16:53:24,"Yes, I agree to participate.",Above 25,Male,Tribhuvan University,BSc CSIT,4th Year,2.5–2.99,1–2,71–80%,4,3-4,Less than 5,5–6 hours,5–6 days/week,Yes,6–8 hours,3,3,3,3,4,2,2,4,2,2,3,3,3,Deadlines,Rarely,4,5,Synthetic
9/12/2026 18:30:10,"Yes, I agree to participate.",Above 25,Female,Other,BDS,5th Year,3.5–4.0,More than 6 hours,60–70%,2,More than 6,More than 8,1–2 hours,3–4 days/week,No,6–8 hours,2,4,1,2,1,4,5,1,4,4,1,1,5,Semester project with weak team members,Never,2,4,Synthetic
9/12/2026 19:13:32,"Yes, I agree to participate.",23-25,Male,Agriculture and Forestry University,Agriculture,4th Year,2.5–2.99,1–2,Below 60%,3,5-6,Less than 5,5–6 hours,3–4 days/week,Yes,More than 8 hours,2,1,3,3,3,3,4,3,3,3,2,3,2,Project submission deadlines clashing with exams,Never,5,2,Synthetic
9/12/2026 19:13:36,"Yes, I agree to participate.",23-25,Prefer not to say,Rajarshi Janak University,Agriculture,4th Year,Below 2.0,3–4,60–70%,4,1-2,5–6,5–6 hours,1–2 days/week,Yes,More than 8 hours,2,2,5,4,5,3,2,4,2,2,5,4,1,Maybe,Often,5,1,Synthetic
9/13/2026 1:51:45,"Yes, I agree to participate.",17-19,Female,Purbanchal University,BCA,1st Year,3.0–3.49,1–2,60–70%,2,3-4,5–6,3–4 hours,3–4 days/week,Yes,6–8 hours,2,2,3,4,5,1,3,5,2,3,4,3,4,"Exams, because the whole year's result depends on the final board exam",Often,2,3,Synthetic
9/13/2026 2:02:32,"Yes, I agree to participate.",Above 25,Female,Tribhuvan University,MBBS,5th Year,2.5–2.99,3–4,81–90%,4,5-6,Less than 5,3–4 hours,3–4 days/week,No,3–5 hours,4,2,3,3,4,3,1,5,3,2,4,3,2,"Multiple assignments, strict attendance requirement",Sometimes,5,3,Synthetic
9/13/2026 2:18:51,"Yes, I agree to participate.",23-25,Female,Tribhuvan University,BHM,4th Year,3.0–3.49,3–4,71–80%,4,3-4,5–6,1–2 hours,1–2 days/week,No,6–8 hours,3,2,5,5,5,2,2,4,2,1,5,5,1,Frustration ,Very Often,5,3,Synthetic
9/13/2026 2:21:16,"Yes, I agree to participate.",23-25,Male,Tribhuvan University,BBS,3rd Year,2.0–2.49,1–2,81–90%,3,1-2,5–6,Less than 1 hour,1–2 days/week,Yes,6–8 hours,2,2,3,2,2,4,3,3,4,3,3,3,3,Future ,Sometimes,3,3,Synthetic
9/13/2026 6:07:16,"Yes, I agree to participate.",20-22,Female,Tribhuvan University,BSc CSIT,3rd Year,2.5–2.99,1–2,Below 60%,3,1-2,7–8,5–6 hours,Never,Yes,More than 8 hours,5,3,2,3,3,3,2,3,2,4,3,3,3,Balancing money and education,Sometimes,2,5,Synthetic
9/13/2026 9:57:34,"Yes, I agree to participate.",17-19,Male,Kathmandu University,BDS,1st Year,3.5–4.0,1–2,81–90%,2,5-6,7–8,1–2 hours,3–4 days/week,No,3–5 hours,1,4,2,2,3,3,4,2,4,3,3,3,2,Board exams,Rarely,3,4,Synthetic
9/13/2026 12:25:57,"Yes, I agree to participate.",23-25,Female,Agriculture and Forestry University,Agriculture,3rd Year,2.5–2.99,1–2,81–90%,5,3-4,Less than 5,5–6 hours,1–2 days/week,Yes,More than 8 hours,4,3,5,3,5,1,2,5,1,1,5,5,1,Multiple assignments ,Often,4,2,Synthetic
9/13/2026 14:11:09,"Yes, I agree to participate.",23-25,Male,Tribhuvan University,BCA,4th Year,2.0–2.49,1–2,Below 60%,4,More than 6,Less than 5,More than 6 hours,3–4 days/week,Yes,6–8 hours,3,2,3,3,3,2,3,4,3,4,4,3,4,"Career, jobs are very limited in Nepal",Often,5,3,Synthetic
9/13/2026 19:29:44,"Yes, I agree to participate.",Above 25,Male,Kathmandu University,BE/B.Tech,4th Year,2.5–2.99,3–4,71–80%,4,3-4,7–8,3–4 hours,1–2 days/week,No,More than 8 hours,4,3,4,4,3,2,1,4,2,2,4,3,4,Financial pressure because my family struggles to pay tuition,Sometimes,3,2,Synthetic
9/13/2026 19:43:41,"Yes, I agree to participate.",20-22,Female,Other,BSc Nursing,4th Year,3.0–3.49,1–2,71–80%,3,More than 6,Less than 5,1–2 hours,3–4 days/week,Yes,6–8 hours,4,3,3,4,4,4,5,3,1,3,2,2,4,Internal assessments and assignments piling up together,Rarely,3,3,Synthetic
9/13/2026 23:40:51,"Yes, I agree to participate.",20-22,Male,Tribhuvan University,BSc CSIT,3rd Year,Not Available Yet,3–4,Above 90%,3,3-4,Less than 5,3–4 hours,Never,Yes,6–8 hours,4,3,3,4,2,4,4,2,3,4,3,3,3,Unfair grading in internal marks,Very Often,3,3,Synthetic
9/13/2026 23:49:59,"Yes, I agree to participate.",23-25,Female,Rajarshi Janak University,BCA,4th Year,3.0–3.49,3–4,Below 60%,4,3-4,7–8,5–6 hours,3–4 days/week,Yes,More than 8 hours,2,2,3,5,3,3,3,3,3,2,3,2,3,Lack of practical classes and resources,Sometimes,2,5,Synthetic
9/14/2026 2:03:51,"Yes, I agree to participate.",23-25,Prefer not to say,Tribhuvan University,MBBS,5th Year,2.5–2.99,Less than 1,71–80%,2,3-4,7–8,1–2 hours,3–4 days/week,No,6–8 hours,2,5,1,1,2,5,5,2,5,5,1,3,4,Deadlines,Rarely,4,5,Synthetic
9/14/2026 3:18:35,"Yes, I agree to participate.",17-19,Female,Tribhuvan University,BHM,1st Year,3.0–3.49,3–4,81–90%,5,More than 6,Less than 5,3–4 hours,5–6 days/week,Yes,6–8 hours,5,2,4,4,4,1,2,5,2,3,4,5,1,Procrastination,Often,5,3,Synthetic
9/14/2026 3:44:42,"Yes, I agree to participate.",23-25,Male,Agriculture and Forestry University,Agriculture,3rd Year,2.0–2.49,1–2,60–70%,4,5-6,Less than 5,3–4 hours,Never,Yes,6–8 hours,5,4,4,4,4,1,2,4,2,2,4,5,3,Unsure about future after graduation,Often,3,3,Synthetic
9/14/2026 4:13:14,"Yes, I agree to participate.",23-25,Male,Sudurpaschim University,BCA,4th Year,2.5–2.99,3–4,60–70%,5,1-2,Less than 5,5–6 hours,1–2 days/week,No,More than 8 hours,3,3,4,5,5,1,1,5,2,1,5,4,1,Tuition fees and hostel expenses,Often,3,4,Synthetic
9/14/2026 4:23:20,"Yes, I agree to participate.",23-25,Prefer not to say,Other,BSc Nursing,4th Year,2.5–2.99,1–2,81–90%,5,More than 6,Less than 5,3–4 hours,5–6 days/week,Yes,3–5 hours,4,2,4,4,5,1,1,5,2,2,5,4,2,Outdated syllabus and theory heavy teaching,Very Often,5,3,Synthetic
9/14/2026 8:30:37,"Yes, I agree to participate.",20-22,Male,Purbanchal University,BCA,2nd Year,3.0–3.49,3–4,81–90%,4,1-2,5–6,5–6 hours,3–4 days/week,Yes,6–8 hours,4,3,5,3,5,3,2,5,1,1,4,3,3,Balancing money and education,Sometimes,4,3,Synthetic
9/14/2026 10:12:29,"Yes, I agree to participate.",20-22,Female,Sudurpaschim University,BCA,4th Year,3.5–4.0,Less than 1,71–80%,1,3-4,7–8,1–2 hours,1–2 days/week,Yes,More than 8 hours,2,4,3,2,1,4,5,2,5,4,3,2,4,Study management,Rarely,2,5,Synthetic
9/14/2026 10:17:35,"Yes, I agree to participate.",23-25,Male,Tribhuvan University,BSc CSIT,4th Year,Not Available Yet,5–6,Above 90%,2,5-6,7–8,5–6 hours,1–2 days/week,No,More than 8 hours,1,4,2,1,2,5,5,1,5,4,1,1,3,"Strict attendance requirement, career",Never,4,4,Synthetic
9/14/2026 10:43:27,"Yes, I agree to participate.",23-25,Female,Tribhuvan University,MBBS,4th Year,3.5–4.0,5–6,Above 90%,1,More than 6,More than 8,3–4 hours,Never,No,More than 8 hours,1,3,1,2,1,4,5,1,5,5,1,1,5,Parents compare me with relatives and toppers,Rarely,3,5,Synthetic
9/14/2026 13:21:45,"Yes, I agree to participate.",20-22,Female,Tribhuvan University,BCA,2nd Year,2.5–2.99,1–2,71–80%,2,5-6,7–8,3–4 hours,Never,No,6–8 hours,3,4,3,4,3,4,4,3,3,3,2,3,4,Assignment ,Rarely,4,4,Synthetic
9/14/2026 13:38:06,"Yes, I agree to participate.",17-19,Male,Tribhuvan University,BDS,2nd Year,3.5–4.0,3–4,71–80%,1,1-2,More than 8,Less than 1 hour,5–6 days/week,No,3–5 hours,1,5,2,2,2,4,5,3,3,4,2,1,4,Frequent internal exams and practicals,Never,2,4,Synthetic
9/14/2026 14:10:45,"Yes, I agree to participate.",20-22,Female,Tribhuvan University,BDS,4th Year,2.5–2.99,5–6,71–80%,3,3-4,More than 8,Less than 1 hour,3–4 days/week,No,3–5 hours,3,3,4,3,3,3,3,3,3,3,3,3,4,Future ,Sometimes,5,4,Synthetic
9/14/2026 15:03:31,"Yes, I agree to participate.",23-25,Male,Tribhuvan University,BBS,3rd Year,2.0–2.49,Less than 1,60–70%,3,3-4,7–8,1–2 hours,3–4 days/week,No,6–8 hours,4,3,4,4,4,3,3,4,2,3,4,3,2,Frequent internal exams and practicals,Very Often,3,3,Synthetic
9/14/2026 16:21:24,"Yes, I agree to participate.",23-25,Male,Agriculture and Forestry University,Agriculture,4th Year,3.0–3.49,1–2,71–80%,4,3-4,5–6,3–4 hours,1–2 days/week,No,More than 8 hours,2,1,4,3,4,4,2,3,3,3,3,4,3,"Career, jobs are very limited in Nepal",Often,3,3,Synthetic
9/14/2026 20:39:36,"Yes, I agree to participate.",17-19,Female,Rajarshi Janak University,BCA,1st Year,2.5–2.99,1–2,71–80%,1,3-4,7–8,Less than 1 hour,5–6 days/week,No,Less than 3 hours,2,4,2,2,2,5,4,1,4,4,3,2,4,Pressure to become a doctor/engineer like my family expects,Sometimes,2,4,Synthetic
9/15/2026 1:27:01,"Yes, I agree to participate.",20-22,Female,Rajarshi Janak University,BCA,1st Year,Not Available Yet,5–6,71–80%,3,1-2,7–8,1–2 hours,Never,Yes,6–8 hours,5,2,3,4,3,3,4,4,3,4,4,4,3,Lack of practical classes and resources,Rarely,4,3,Synthetic
9/15/2026 4:02:45,"Yes, I agree to participate.",20-22,Female,Pokhara University,BCA,3rd Year,3.5–4.0,1–2,81–90%,1,5-6,More than 8,1–2 hours,1–2 days/week,Yes,3–5 hours,1,3,1,1,1,5,5,2,5,5,1,2,4,"Working part time and studying at the same time, frequent internal exams and practicals",Rarely,1,4,Synthetic
9/15/2026 4:14:20,"Yes, I agree to participate.",20-22,Female,Tribhuvan University,BCA,3rd Year,3.5–4.0,3–4,81–90%,4,More than 6,7–8,5–6 hours,5–6 days/week,Yes,More than 8 hours,4,5,2,2,2,3,3,2,3,4,2,2,4,Project submission deadlines clashing with exams,Rarely,3,5,Synthetic
9/15/2026 6:04:17,"Yes, I agree to participate.",23-25,Female,Madhyapaschim University,BBS,3rd Year,2.5–2.99,1–2,71–80%,3,1-2,5–6,3–4 hours,3–4 days/week,No,6–8 hours,4,3,5,3,4,2,2,3,2,1,4,5,1,"Exams, because the whole year's result depends on the final board exam, strict attendance requirement",Rarely,5,3,Synthetic
9/15/2026 6:15:00,"Yes, I agree to participate.",23-25,Male,Tribhuvan University,MBBS,4th Year,3.0–3.49,3–4,Below 60%,3,More than 6,5–6,3–4 hours,3–4 days/week,No,More than 8 hours,3,3,3,4,3,3,3,1,4,3,3,5,5,Sometimes,Sometimes,4,4,Synthetic
9/15/2026 6:33:58,"Yes, I agree to participate.",23-25,Male,Purbanchal University,BE/B.Tech,2nd Year,Not Available Yet,3–4,60–70%,4,More than 6,Less than 5,More than 6 hours,Never,Yes,More than 8 hours,4,2,4,4,5,3,2,4,2,2,4,3,3,"Exams, because the whole year's result depends on the final board exam",Sometimes,3,4,Synthetic
9/15/2026 9:31:08,"Yes, I agree to participate.",20-22,Female,Purbanchal University,Agriculture,1st Year,3.5–4.0,5–6,71–80%,1,5-6,7–8,Less than 1 hour,3–4 days/week,Yes,More than 8 hours,2,5,2,1,1,5,4,2,5,4,2,2,4,"TU exam pattern, everything depends on final exam",Never,3,5,Synthetic
9/15/2026 9:32:58,"Yes, I agree to participate.",23-25,Female,Tribhuvan University,BDS,4th Year,3.5–4.0,3–4,81–90%,4,More than 6,7–8,3–4 hours,1–2 days/week,No,6–8 hours,3,3,1,3,3,3,2,3,3,3,3,4,1,Final year project and internship,Rarely,4,5,Synthetic
9/15/2026 9:44:27,"Yes, I agree to participate.",17-19,Female,Sudurpaschim University,BCA,1st Year,Not Available Yet,1–2,Above 90%,3,3-4,7–8,1–2 hours,5–6 days/week,Yes,6–8 hours,3,4,2,3,2,4,5,3,3,3,1,2,3,Family expectations to get good grades,Sometimes,2,3,Synthetic
9/15/2026 12:21:43,"Yes, I agree to participate.",20-22,Female,Tribhuvan University,Law(LLB),3rd Year,3.5–4.0,3–4,60–70%,2,3-4,5–6,3–4 hours,1–2 days/week,Yes,More than 8 hours,2,3,2,3,2,4,3,3,3,5,3,3,4,Parents compare me with relatives and toppers,Rarely,2,3,Synthetic
9/15/2026 12:47:50,"Yes, I agree to participate.",Above 25,Male,Tribhuvan University,BCA,4th Year,3.0–3.49,3–4,Above 90%,2,5-6,7–8,Less than 1 hour,1–2 days/week,Yes,3–5 hours,4,3,3,4,4,3,3,2,3,3,4,3,2,"Career, jobs are very limited in Nepal",Often,5,4,Synthetic
9/15/2026 12:58:21,"Yes, I agree to participate.",20-22,Male,Tribhuvan University,BSc CSIT,2nd Year,2.0–2.49,1–2,71–80%,4,5-6,Less than 5,3–4 hours,Never,Yes,6–8 hours,4,1,4,5,4,2,2,5,1,2,5,5,3,Exam routine keeps changing and results come very late,Sometimes,4,4,Synthetic
9/15/2026 14:25:50,"Yes, I agree to participate.",23-25,Male,Tribhuvan University,Law(LLB),3rd Year,3.0–3.49,Less than 1,71–80%,2,5-6,Less than 5,3–4 hours,3–4 days/week,No,3–5 hours,3,3,3,4,5,2,2,4,1,2,4,5,2,Assignment ,Sometimes,2,4,Synthetic
9/15/2026 18:44:22,"Yes, I agree to participate.",20-22,Female,Tribhuvan University,BSc Nursing,3rd Year,2.5–2.99,Less than 1,60–70%,3,5-6,7–8,5–6 hours,Never,Yes,More than 8 hours,3,4,3,4,3,2,2,4,3,3,4,5,3,Office hours clash with college time,Often,4,2,Synthetic
9/15/2026 21:25:25,"Yes, I agree to participate.",20-22,Female,Tribhuvan University,BBS,4th Year,2.0–2.49,1–2,71–80%,2,5-6,5–6,More than 6 hours,5–6 days/week,Yes,More than 8 hours,3,4,2,1,2,4,4,1,5,4,1,2,5,Assignment ,Never,4,3,Synthetic
9/15/2026 22:29:08,"Yes, I agree to participate.",23-25,Male,Tribhuvan University,BE/B.Tech,3rd Year,3.0–3.49,3–4,71–80%,3,3-4,7–8,1–2 hours,1–2 days/week,No,3–5 hours,4,3,3,5,3,3,4,4,2,2,4,2,2,Unsure about future after graduation,Rarely,4,3,Synthetic
9/15/2026 22:41:32,"Yes, I agree to participate.",Above 25,Male,Tribhuvan University,BSc CSIT,3rd Year,3.5–4.0,5–6,Above 90%,4,More than 6,Less than 5,1–2 hours,3–4 days/week,Yes,6–8 hours,4,2,3,3,3,2,3,2,2,3,3,3,3,Stress,Often,3,3,Synthetic
9/16/2026 1:22:21,"Yes, I agree to participate.",20-22,Female,Tribhuvan University,BDS,3rd Year,2.5–2.99,3–4,60–70%,5,More than 6,5–6,More than 6 hours,1–2 days/week,Yes,More than 8 hours,4,3,5,5,5,1,1,5,1,1,5,4,2,Assignments because multiple deadlines occur at the same time,Very Often,4,3,Synthetic
9/16/2026 2:47:41,"Yes, I agree to participate.",Above 25,Female,Pokhara University,BE/B.Tech,4th Year,3.0–3.49,1–2,81–90%,3,5-6,5–6,3–4 hours,3–4 days/week,No,6–8 hours,3,2,4,3,5,2,1,3,1,2,3,5,4,Assignment ,Very Often,5,3,Synthetic
9/16/2026 3:34:46,"Yes, I agree to participate.",17-19,Male,Kathmandu University,MBBS,1st Year,Not Available Yet,5–6,60–70%,4,3-4,5–6,3–4 hours,1–2 days/week,Yes,More than 8 hours,4,1,4,4,5,1,1,5,1,3,4,5,3,Lack of discipline and too much screen time,Often,4,4,Synthetic
9/16/2026 5:34:39,"Yes, I agree to participate.",20-22,Female,Tribhuvan University,BE/B.Tech,1st Year,3.5–4.0,3–4,Above 90%,1,1-2,5–6,1–2 hours,5–6 days/week,Yes,6–8 hours,3,4,1,2,2,4,4,1,5,5,1,2,3,"Exams, because the whole year's result depends on the final board exam",Sometimes,3,5,Synthetic
9/16/2026 6:44:27,"Yes, I agree to participate.",20-22,Female,Kathmandu University,BDS,2nd Year,3.0–3.49,1–2,60–70%,5,5-6,Less than 5,1–2 hours,3–4 days/week,Yes,3–5 hours,5,4,5,4,4,2,3,4,2,3,5,5,2,Too many assignments and lab reports with the same deadline,Very Often,4,3,Synthetic
9/16/2026 8:37:29,"Yes, I agree to participate.",Above 25,Female,Rajarshi Janak University,BCA,3rd Year,2.5–2.99,3–4,71–80%,4,5-6,5–6,5–6 hours,1–2 days/week,Yes,6–8 hours,3,3,4,3,3,3,2,5,3,4,3,4,2,"Exam routine keeps changing and results come very late, family expectations to get good grades",Sometimes,3,4,Synthetic
9/16/2026 9:57:10,"Yes, I agree to participate.",20-22,Male,Tribhuvan University,BSc CSIT,4th Year,2.5–2.99,Less than 1,71–80%,4,3-4,5–6,Less than 1 hour,Never,No,6–8 hours,2,2,3,3,3,3,4,4,3,4,2,2,5,Future ,Sometimes,3,4,Synthetic
9/16/2026 10:03:37,"Yes, I agree to participate.",23-25,Female,Tribhuvan University,BSc CSIT,2nd Year,2.5–2.99,1–2,Below 60%,4,5-6,5–6,5–6 hours,3–4 days/week,Yes,More than 8 hours,4,2,5,5,4,2,1,4,3,2,5,4,1,"Exams, tuition fees and hostel expenses",Often,4,2,Synthetic
9/16/2026 12:55:21,"Yes, I agree to participate.",20-22,Male,Tribhuvan University,BSc CSIT,3rd Year,2.5–2.99,1–2,Below 60%,3,More than 6,5–6,5–6 hours,Never,No,More than 8 hours,2,4,5,5,5,1,1,4,1,2,5,5,2,Family pressure,Very Often,4,4,Synthetic
9/16/2026 13:31:41,"Yes, I agree to participate.",20-22,Female,Tribhuvan University,BSc CSIT,2nd Year,Not Available Yet,3–4,Below 60%,2,3-4,More than 8,3–4 hours,3–4 days/week,No,6–8 hours,2,2,1,2,1,3,4,1,3,4,2,1,4,Parents compare me with relatives and toppers,Never,3,3,Synthetic
9/16/2026 13:34:24,"Yes, I agree to participate.",20-22,Male,Tribhuvan University,BCA,3rd Year,2.5–2.99,3–4,71–80%,3,5-6,5–6,3–4 hours,Never,Yes,More than 8 hours,4,3,4,5,4,2,3,4,4,3,4,5,2,Future career concerns because I am unsure about job opportunities,Sometimes,4,4,Synthetic
9/16/2026 18:49:14,"Yes, I agree to participate.",20-22,Male,Tribhuvan University,BCA,2nd Year,3.0–3.49,1–2,60–70%,2,5-6,7–8,Less than 1 hour,5–6 days/week,No,3–5 hours,2,5,1,2,2,4,4,1,3,5,1,2,4,Unfair grading in internal marks,Never,4,4,Synthetic
9/16/2026 19:30:19,"Yes, I agree to participate.",17-19,Female,Tribhuvan University,BSc CSIT,1st Year,Not Available Yet,3–4,71–80%,2,5-6,7–8,1–2 hours,Never,Yes,3–5 hours,4,3,3,4,3,2,2,3,2,2,1,3,2,Deadlines,Rarely,2,3,Synthetic
9/16/2026 20:55:01,"Yes, I agree to participate.",23-25,Female,Tribhuvan University,BCA,1st Year,3.0–3.49,3–4,81–90%,3,5-6,7–8,5–6 hours,3–4 days/week,No,6–8 hours,2,2,5,4,4,2,2,2,1,2,4,4,3,Assignments because multiple deadlines occur at the same time,Often,3,4,Synthetic
9/16/2026 21:40:12,"Yes, I agree to participate.",Above 25,Female,Tribhuvan University,BBS,4th Year,2.5–2.99,Less than 1,81–90%,4,More than 6,7–8,5–6 hours,3–4 days/week,Yes,More than 8 hours,3,3,4,3,4,2,2,5,2,2,3,4,5,Maybe,Sometimes,4,3,Synthetic
9/16/2026 23:59:03,"Yes, I agree to participate.",20-22,Female,Pokhara University,BCA,3rd Year,3.0–3.49,1–2,60–70%,5,1-2,Less than 5,1–2 hours,Never,No,3–5 hours,3,3,4,4,4,1,1,5,3,1,4,5,1,Pressure to go abroad after graduation,Sometimes,5,2,Synthetic
9/17/2026 0:47:32,"Yes, I agree to participate.",20-22,Female,Sudurpaschim University,BSc CSIT,2nd Year,2.5–2.99,Less than 1,71–80%,4,3-4,5–6,3–4 hours,1–2 days/week,Yes,More than 8 hours,3,3,5,5,3,3,4,4,1,3,4,4,3,Career,Sometimes,5,2,Synthetic
9/17/2026 2:01:37,"Yes, I agree to participate.",23-25,Female,Other,MBBS,5th Year,3.0–3.49,1–2,60–70%,4,3-4,7–8,3–4 hours,1–2 days/week,No,6–8 hours,4,3,4,5,5,1,3,5,3,2,5,3,3,Thesis and internship report,Sometimes,3,4,Synthetic
9/17/2026 3:17:50,"Yes, I agree to participate.",20-22,Prefer not to say,Tribhuvan University,BCA,2nd Year,3.0–3.49,Less than 1,60–70%,4,3-4,Less than 5,5–6 hours,1–2 days/week,Yes,6–8 hours,2,3,3,4,3,3,3,3,4,2,4,4,2,Career,Often,4,4,Synthetic
9/17/2026 3:59:20,"Yes, I agree to participate.",17-19,Female,Sudurpaschim University,BSc CSIT,1st Year,2.0–2.49,Less than 1,60–70%,3,3-4,7–8,1–2 hours,3–4 days/week,No,6–8 hours,2,3,3,3,2,3,3,3,3,2,3,3,4,Exams ,Rarely,4,2,Synthetic
9/17/2026 6:54:13,"Yes, I agree to participate.",20-22,Female,Tribhuvan University,BSc Nursing,1st Year,Not Available Yet,Less than 1,71–80%,3,More than 6,7–8,Less than 1 hour,1–2 days/week,No,3–5 hours,1,4,2,3,2,4,3,2,4,3,1,1,4,Multiple assignments ,Sometimes,2,3,Synthetic
9/17/2026 7:43:16,"Yes, I agree to participate.",20-22,Female,Agriculture and Forestry University,Agriculture,4th Year,3.5–4.0,3–4,81–90%,3,More than 6,5–6,3–4 hours,3–4 days/week,Yes,6–8 hours,3,3,2,3,1,5,5,3,3,4,2,2,4,Career,Sometimes,2,4,Synthetic
9/17/2026 11:11:00,"Yes, I agree to participate.",20-22,Male,Tribhuvan University,BSc CSIT,4th Year,2.5–2.99,3–4,71–80%,4,1-2,5–6,3–4 hours,Never,No,3–5 hours,3,3,3,3,5,3,2,3,3,2,4,4,4,Pressure to go abroad after graduation,Sometimes,4,3,Synthetic
9/17/2026 11:13:46,"Yes, I agree to participate.",17-19,Female,Tribhuvan University,MBBS,1st Year,2.5–2.99,3–4,71–80%,2,3-4,More than 8,3–4 hours,5–6 days/week,Yes,6–8 hours,3,3,1,3,1,5,5,1,4,5,2,1,5,Too many assignments and lab reports with the same deadline,Never,1,3,Synthetic
9/17/2026 15:48:27,"Yes, I agree to participate.",20-22,Female,Purbanchal University,BSc Nursing,4th Year,2.5–2.99,1–2,71–80%,2,More than 6,7–8,1–2 hours,5–6 days/week,No,3–5 hours,3,4,3,3,2,3,3,2,3,3,2,4,2,Too many assignments and lab reports with the same deadline,Rarely,3,3,Synthetic
9/17/2026 16:23:48,"Yes, I agree to participate.",20-22,Female,Tribhuvan University,BSc CSIT,2nd Year,3.5–4.0,Less than 1,Above 90%,4,3-4,More than 8,1–2 hours,3–4 days/week,No,Less than 3 hours,4,3,2,2,2,3,3,3,3,5,1,3,3,"Family expectations to get good grades, assignments because multiple deadlines occur at the same time",Sometimes,3,4,Synthetic
9/17/2026 17:04:51,"Yes, I agree to participate.",23-25,Male,Purbanchal University,BHM,3rd Year,3.5–4.0,3–4,81–90%,1,5-6,7–8,1–2 hours,3–4 days/week,Yes,6–8 hours,2,4,1,1,1,5,4,2,4,5,2,1,5,Multiple assignments ,Never,2,5,Synthetic
9/17/2026 18:49:59,"Yes, I agree to participate.",17-19,Female,Kathmandu University,MBBS,1st Year,3.5–4.0,5–6,Above 90%,2,3-4,5–6,3–4 hours,Never,Yes,6–8 hours,3,4,2,1,2,3,3,2,5,4,2,4,4,Too many assignments and lab reports with the same deadline,Rarely,4,5,Synthetic
9/18/2026 3:01:12,"Yes, I agree to participate.",17-19,Female,Tribhuvan University,BBS,2nd Year,3.0–3.49,3–4,81–90%,4,More than 6,Less than 5,3–4 hours,1–2 days/week,Yes,6–8 hours,4,3,4,3,3,4,3,3,3,3,3,3,4,Pressure to go abroad after graduation,Rarely,3,3,Synthetic
9/18/2026 7:26:43,"Yes, I agree to participate.",23-25,Female,Tribhuvan University,BSc CSIT,4th Year,3.0–3.49,1–2,71–80%,3,More than 6,7–8,3–4 hours,Daily,Yes,More than 8 hours,3,3,3,3,3,4,3,3,3,3,3,2,2,"Board exams, future career concerns because i am unsure about job opportunities",Rarely,4,3,Synthetic
9/18/2026 10:48:18,"Yes, I agree to participate.",23-25,Female,Tribhuvan University,BSc CSIT,3rd Year,3.5–4.0,3–4,71–80%,1,1-2,5–6,Less than 1 hour,3–4 days/week,Yes,Less than 3 hours,2,3,3,1,2,4,4,2,4,4,2,2,4,Stress,Rarely,2,5,Synthetic
9/18/2026 11:08:10,"Yes, I agree to participate.",17-19,Male,Pokhara University,BE/B.Tech,1st Year,Not Available Yet,5–6,81–90%,3,More than 6,5–6,1–2 hours,Never,Yes,6–8 hours,4,2,4,4,2,2,4,2,2,3,3,3,3,Working part time and studying at the same time,Sometimes,2,1,Synthetic
9/18/2026 11:26:31,"Yes, I agree to participate.",20-22,Prefer not to say,Other,BSc Nursing,4th Year,3.5–4.0,3–4,Above 90%,5,More than 6,More than 8,5–6 hours,5–6 days/week,Yes,More than 8 hours,1,3,4,4,2,2,2,3,3,2,3,3,4,Stress,Rarely,5,4,Synthetic
9/18/2026 12:26:23,"Yes, I agree to participate.",23-25,Female,Pokhara University,BHM,1st Year,Not Available Yet,5–6,Above 90%,1,More than 6,7–8,Less than 1 hour,1–2 days/week,No,3–5 hours,2,5,2,1,2,4,5,2,5,4,1,2,5,Maybe,Never,2,2,Synthetic
9/18/2026 13:14:56,"Yes, I agree to participate.",23-25,Female,Kathmandu University,BSc Nursing,4th Year,2.0–2.49,1–2,71–80%,3,3-4,7–8,3–4 hours,1–2 days/week,No,More than 8 hours,1,3,3,2,2,2,3,3,3,3,4,3,3,Future ,Often,3,2,Synthetic
9/18/2026 13:35:06,"Yes, I agree to participate.",23-25,Female,Tribhuvan University,Law(LLB),5th Year,3.0–3.49,3–4,60–70%,2,3-4,5–6,1–2 hours,3–4 days/week,Yes,6–8 hours,3,3,2,2,1,4,4,2,5,3,2,2,4,Pressure to go abroad after graduation,Never,2,4,Synthetic
9/18/2026 16:11:05,"Yes, I agree to participate.",23-25,Male,Tribhuvan University,MBBS,4th Year,2.5–2.99,1–2,71–80%,4,1-2,5–6,3–4 hours,1–2 days/week,No,More than 8 hours,4,2,5,4,3,3,1,3,2,2,5,4,2,Assignment ,Very Often,5,3,Synthetic
9/18/2026 17:55:41,"Yes, I agree to participate.",20-22,Female,Other,MBBS,4th Year,3.5–4.0,5–6,81–90%,5,More than 6,5–6,3–4 hours,3–4 days/week,No,More than 8 hours,3,2,5,5,5,1,1,5,1,2,4,4,1,Paying semester fees while living in Kathmandu is hard,Very Often,4,2,Synthetic
9/18/2026 20:06:23,"Yes, I agree to participate.",Above 25,Female,Tribhuvan University,BCA,4th Year,Not Available Yet,1–2,71–80%,2,5-6,7–8,3–4 hours,3–4 days/week,No,6–8 hours,2,3,1,2,1,4,5,3,5,5,2,2,4,Job market is competitive and many seniors are still unemployed,Rarely,1,5,Synthetic
9/18/2026 22:03:01,"Yes, I agree to participate.",20-22,Female,Tribhuvan University,BCA,4th Year,3.0–3.49,3–4,71–80%,2,3-4,5–6,1–2 hours,5–6 days/week,Yes,6–8 hours,4,5,2,1,2,5,3,2,4,4,2,2,4,Pressure to become a doctor/engineer like my family expects,Sometimes,5,4,Synthetic
9/19/2026 3:49:48,"Yes, I agree to participate.",23-25,Female,Tribhuvan University,MBBS,5th Year,3.5–4.0,More than 6 hours,81–90%,4,5-6,5–6,1–2 hours,3–4 days/week,No,More than 8 hours,3,3,3,4,3,2,3,4,3,3,3,3,4,"TU exam pattern, everything depends on final exam",Sometimes,4,5,Synthetic
9/19/2026 4:56:02,"Yes, I agree to participate.",17-19,Male,Tribhuvan University,BSc CSIT,1st Year,2.5–2.99,1–2,71–80%,5,5-6,5–6,1–2 hours,1–2 days/week,No,3–5 hours,2,3,3,5,5,2,2,4,2,2,5,4,4,Deadlines,Sometimes,4,4,Synthetic
9/19/2026 5:08:16,"Yes, I agree to participate.",Above 25,Male,Kathmandu University,BE/B.Tech,3rd Year,3.0–3.49,3–4,60–70%,3,1-2,5–6,Less than 1 hour,1–2 days/week,Yes,3–5 hours,4,2,4,4,3,2,1,4,3,3,3,4,2,Financial pressure ,Often,4,3,Synthetic
9/19/2026 6:44:58,"Yes, I agree to participate.",23-25,Male,Kathmandu University,BDS,4th Year,Below 2.0,1–2,81–90%,5,More than 6,5–6,1–2 hours,3–4 days/week,Yes,3–5 hours,4,2,3,4,5,2,3,5,3,2,5,4,3,Career,Often,4,2,Synthetic
9/19/2026 8:01:21,"Yes, I agree to participate.",20-22,Female,Pokhara University,BSc Nursing,1st Year,Not Available Yet,5–6,81–90%,3,More than 6,More than 8,1–2 hours,3–4 days/week,No,6–8 hours,2,5,1,1,2,4,3,1,5,3,2,1,4,Too many assignments and lab reports with the same deadline,Never,2,3,Synthetic
9/19/2026 8:05:04,"Yes, I agree to participate.",23-25,Prefer not to say,Tribhuvan University,BSc CSIT,3rd Year,2.5–2.99,1–2,81–90%,3,5-6,7–8,3–4 hours,3–4 days/week,Yes,6–8 hours,4,2,3,3,4,2,4,3,4,3,3,3,3,Financial pressure ,Sometimes,3,3,Synthetic
9/19/2026 10:27:23,"Yes, I agree to participate.",23-25,Male,Tribhuvan University,BDS,5th Year,2.5–2.99,1–2,Below 60%,3,More than 6,5–6,1–2 hours,3–4 days/week,No,3–5 hours,2,3,4,4,3,2,2,5,3,1,4,4,3,Sometimes,Often,5,2,Synthetic
9/19/2026 12:46:15,"Yes, I agree to participate.",Above 25,Female,Tribhuvan University,BIM,4th Year,3.0–3.49,Less than 1,Below 60%,2,3-4,7–8,3–4 hours,5–6 days/week,Yes,More than 8 hours,5,5,1,1,2,3,4,1,5,5,1,2,3,Working part time and studying at the same time,Sometimes,4,5,Synthetic
9/19/2026 15:13:10,"Yes, I agree to participate.",23-25,Prefer not to say,Tribhuvan University,BE/B.Tech,4th Year,2.5–2.99,3–4,71–80%,4,3-4,5–6,5–6 hours,3–4 days/week,Yes,3–5 hours,2,3,4,3,3,3,3,3,2,2,4,4,2,Family expectations to get good grades,Sometimes,5,4,Synthetic
9/19/2026 15:47:14,"Yes, I agree to participate.",Above 25,Female,Kathmandu University,MBBS,4th Year,3.5–4.0,3–4,81–90%,4,5-6,5–6,3–4 hours,3–4 days/week,Yes,3–5 hours,4,2,3,3,2,3,3,3,2,3,2,2,3,Assignment ,Sometimes,4,5,Synthetic
9/19/2026 18:35:29,"Yes, I agree to participate.",Above 25,Male,Tribhuvan University,BDS,4th Year,2.5–2.99,5–6,Above 90%,1,1-2,5–6,5–6 hours,Never,Yes,More than 8 hours,2,2,2,4,2,4,3,3,2,4,2,2,3,Career,Sometimes,1,2,Synthetic
9/19/2026 20:46:13,"Yes, I agree to participate.",20-22,Male,Sudurpaschim University,BCA,4th Year,3.0–3.49,1–2,81–90%,2,3-4,5–6,Less than 1 hour,1–2 days/week,No,6–8 hours,3,3,2,3,1,4,4,1,4,3,2,1,5,Multiple assignments ,Never,3,4,Synthetic
9/19/2026 21:13:54,"Yes, I agree to participate.",23-25,Female,Rajarshi Janak University,BCA,4th Year,3.5–4.0,3–4,81–90%,1,3-4,5–6,3–4 hours,1–2 days/week,Yes,3–5 hours,2,3,2,1,1,4,5,1,5,4,2,1,4,Future career concerns because I am unsure about job opportunities,Never,3,4,Synthetic
9/19/2026 22:29:10,"Yes, I agree to participate.",20-22,Female,Agriculture and Forestry University,Agriculture,2nd Year,3.5–4.0,3–4,71–80%,1,3-4,5–6,Less than 1 hour,1–2 days/week,No,3–5 hours,4,3,2,3,2,3,2,3,4,3,3,3,4,Job market is competitive and many seniors are still unemployed,Rarely,4,4,Synthetic
